customerID,gender,SeniorCitizen,Partner,Dependents,tenure,PhoneService,MultipleLines,InternetService,OnlineSecurity,OnlineBackup,DeviceProtection,TechSupport,StreamingTV,StreamingMovies,Contract,PaperlessBilling,PaymentMethod,MonthlyCharges,TotalCharges,Churn
7000-QFVW,Male,0,Yes,No,63,No,No phone service,DSL,Yes,No,Yes,No,Yes,No,Month-to-month,Yes,Mailed check,64.85,4105.36,No
7001-QKTG,Female,0,Yes,No,16,Yes,Yes,No,No internet service,No internet service,No internet service,No internet service,No internet service,No internet service,Two year,No,Credit card (automatic),30.69,484.83,No
7002-CIPQ,Female,0,No,Yes,58,Yes,Yes,No,No internet service,No internet service,No internet service,No internet service,No internet service,No internet service,Month-to-month,Yes,Mailed check,26.37,1532.66,No
7003-UBFQ,Male,0,Yes,No,28,Yes,Yes,DSL,Yes,Yes,No,Yes,No,Yes,One year,No,Credit card (automatic),75.0,2126.62,No
7004-MAFB,Male,0,No,Yes,8,Yes,Yes,No,No internet service,No internet service,No internet service,No internet service,No internet service,No internet service,Month-to-month,Yes,Electronic check,25.86,212.35,Yes
7005-VBEB,Female,0,No,No,35,Yes,No,No,No internet service,No internet service,No internet service,No internet service,No internet service,No internet service,Two year,No,Credit card (automatic),21.35,741.46,No
7006-RFLC,Male,0,No,No,34,Yes,No,Fiber optic,No,Yes,No,No,Yes,No,Two year,Yes,Electronic check,81.76,2844.32,No
7007-CPES,Female,0,Yes,No,37,Yes,No,Fiber optic,No,No,Yes,No,Yes,No,Two year,Yes,Electronic check,83.06,3097.33,No
7008-YFIZ,Male,0,Yes,No,62,Yes,No,DSL,Yes,No,Yes,No,Yes,No,One year,No,Mailed check,67.24,4262.06,No
7009-EYJK,Male,0,No,Yes,21,Yes,No,Fiber optic,No,Yes,No,Yes,No,No,Month-to-month,Yes,Bank transfer (automatic),82.81,1775.86,No
7010-SZRH,Female,0,No,No,46,Yes,Yes,No,No internet service,No internet service,No internet service,No internet service,No internet service,No internet service,Two year,Yes,Bank transfer (automatic),25.23,1145.58,No
7011-CMLZ,Female,0,No,Yes,15,Yes,Yes,Fiber optic,Yes,No,Yes,No,Yes,Yes,Month-to-month,Yes,Mailed check,98.29,1479.87,Yes
7012-KRGY,Female,0,Yes,Yes,64,Yes,No,DSL,No,Yes,No,No,Yes,No,Two year,Yes,Bank transfer (automatic),55.67,3485.83,No
7013-LNIG,Female,0,Yes,Yes,33,Yes,Yes,Fiber optic,Yes,Yes,No,Yes,No,No,Two year,Yes,Mailed check,95.05,3165.63,No
7014-IJTZ,Female,0,Yes,No,58,No,No phone service,DSL,No,Yes,Yes,Yes,Yes,No,Month-to-month,Yes,Electronic check,72.68,4142.71,No
7015-DBER,Female,0,No,No,20,No,No phone service,DSL,No,No,No,Yes,No,No,Month-to-month,Yes,Electronic check,53.25,1048.03,Yes
7016-RYZX,Female,0,Yes,No,23,Yes,Yes,DSL,No,No,No,No,No,Yes,Two year,Yes,Bank transfer (automatic),55.56,1260.71,No
7017-NWRC,Male,0,No,No,71,Yes,No,DSL,No,Yes,No,No,Yes,No,Month-to-month,Yes,Bank transfer (automatic),56.58,4134.70,Yes
7018-SYAA,Female,1,Yes,No,15,Yes,Yes,Fiber optic,No,No,Yes,Yes,No,No,Month-to-month,Yes,Mailed check,90.73,1362.05,Yes
7019-UIAY,Male,0,Yes,No,41,Yes,No,DSL,Yes,Yes,Yes,No,Yes,Yes,Month-to-month,Yes,Mailed check,80.16,3256.14,Yes
7020-GTTY,Female,1,No,No,24,Yes,Yes,Fiber optic,No,No,No,Yes,No,No,Two year,No,Mailed check,81.53,1956.39,Yes
7021-GGYS,Male,0,No,No,29,Yes,No,No,No internet service,No internet service,No internet service,No internet service,No internet service,No internet service,Month-to-month,No,Electronic check,21.75,639.37,Yes
7022-ATMV,Male,0,No,No,51,Yes,Yes,Fiber optic,Yes,Yes,No,Yes,Yes,No,Month-to-month,Yes,Bank transfer (automatic),94.56,4822.92,No
7023-MUJN,Female,0,Yes,No,57,Yes,No,DSL,No,Yes,Yes,Yes,Yes,No,Month-to-month,No,Credit card (automatic),69.9,3954.62,No
7024-BAFO,Female,0,No,Yes,35,No,No phone service,No,No internet service,No internet service,No internet service,No internet service,No internet service,No internet service,One year,No,Electronic check,20.11,697.33,No
7025-QVJK,Female,1,Yes,No,46,No,No phone service,DSL,Yes,Yes,Yes,Yes,Yes,Yes,Month-to-month,Yes,Bank transfer (automatic),87.33,4006.17,No
7026-UIOJ,Male,0,No,No,4,Yes,No,Fiber optic,No,No,No,Yes,No,Yes,Month-to-month,Yes,Mailed check,80.92,316.87,Yes
7027-UQWK,Female,1,No,No,17,Yes,No,DSL,No,Yes,No,No,Yes,Yes,Month-to-month,Yes,Credit card (automatic),62.27,1043.48,Yes
7028-ZLMT,Female,1,Yes,Yes,54,Yes,No,No,No internet service,No internet service,No internet service,No internet service,No internet service,No internet service,One year,Yes,Mailed check,20.92,1128.63,No
7029-BPPP,Male,0,No,Yes,48,Yes,Yes,DSL,No,No,No,Yes,No,Yes,Month-to-month,No,Electronic check,66.05,3116.79,No
7030-MSHX,Male,0,Yes,No,4,Yes,No,No,No internet service,No internet service,No internet service,No internet service,No internet service,No internet service,One year,Yes,Mailed check,21.1,85.78,No
7031-GLZD,Male,0,Yes,No,65,Yes,No,No,No internet service,No internet service,No internet service,No internet service,No internet service,No internet service,One year,No,Electronic check,18.25,1157.71,No
7032-CWBL,Male,0,Yes,No,30,Yes,Yes,No,No internet service,No internet service,No internet service,No internet service,No internet service,No internet service,One year,Yes,Electronic check,28.92,881.65,No
7033-UUHT,Female,0,Yes,No,22,Yes,Yes,No,No internet service,No internet service,No internet service,No internet service,No internet service,No internet service,Month-to-month,No,Electronic check,27.31,609.58,No
7034-GIVL,Female,0,No,No,34,Yes,Yes,Fiber optic,No,Yes,Yes,No,No,No,Month-to-month,Yes,Credit card (automatic),86.74,3020.19,Yes
7035-HZJO,Male,1,No,No,29,Yes,No,No,No internet service,No internet service,No internet service,No internet service,No internet service,No internet service,Two year,Yes,Credit card (automatic),18.25,527.47,No
7036-PJFZ,Female,0,No,Yes,37,Yes,Yes,DSL,Yes,Yes,Yes,No,No,Yes,Month-to-month,Yes,Electronic check,73.76,2687.88,Yes
7037-KUAA,Female,0,No,Yes,12,Yes,Yes,No,No internet service,No internet service,No internet service,No internet service,No internet service,No internet service,Two year,Yes,Electronic check,24.26,294.12,Yes
7038-SIOS,Male,0,No,No,11,Yes,No,DSL,Yes,Yes,No,No,Yes,No,Month-to-month,Yes,Mailed check,64.37,724.60,Yes
7039-HOGU,Female,0,Yes,No,72,Yes,No,Fiber optic,No,Yes,Yes,Yes,No,No,One year,Yes,Bank transfer (automatic),87.69,6126.00,No
7040-CSHQ,Male,1,Yes,No,54,Yes,Yes,Fiber optic,No,Yes,No,Yes,No,No,Month-to-month,Yes,Electronic check,89.78,4817.32,No
7041-VXQR,Female,0,Yes,No,27,Yes,No,No,No internet service,No internet service,No internet service,No internet service,No internet service,No internet service,One year,No,Electronic check,20.74,543.72,No
7042-XRYF,Female,1,No,Yes,62,Yes,Yes,DSL,No,No,No,No,No,No,Month-to-month,Yes,Mailed check,47.82,2898.07,No
7043-VHAH,Male,0,No,No,58,No,No phone service,Fiber optic,No,No,Yes,No,No,Yes,Two year,No,Electronic check,79.94,4677.87,No
7044-XPAE,Male,1,No,Yes,51,Yes,No,Fiber optic,Yes,Yes,Yes,No,No,No,Month-to-month,Yes,Mailed check,88.49,4562.80,Yes
7045-SETR,Female,0,Yes,No,52,Yes,No,Fiber optic,Yes,No,Yes,Yes,Yes,Yes,Month-to-month,Yes,Credit card (automatic),102.04,5378.94,Yes
7046-FBYF,Male,0,Yes,Yes,69,Yes,Yes,DSL,Yes,Yes,No,Yes,Yes,No,Month-to-month,No,Credit card (automatic),73.86,5215.48,No
7047-UDNU,Female,0,No,No,61,Yes,Yes,Fiber optic,No,No,Yes,No,Yes,Yes,Two year,No,Mailed check,95.61,5664.77,No
7048-JFIP,Female,0,Yes,No,19,No,No phone service,Fiber optic,No,No,No,No,Yes,No,Two year,No,Mailed check,77.1,1482.64,No
7049-VFEP,Female,0,No,No,53,Yes,Yes,No,No internet service,No internet service,No internet service,No internet service,No internet service,No internet service,Month-to-month,Yes,Bank transfer (automatic),24.23,1265.24,No
7050-PJHM,Female,0,Yes,Yes,12,Yes,Yes,No,No internet service,No internet service,No internet service,No internet service,No internet service,No internet service,Month-to-month,Yes,Credit card (automatic),26.49,322.95,No
7051-NKLL,Male,0,Yes,Yes,37,Yes,No,DSL,Yes,Yes,Yes,Yes,No,No,Two year,No,Mailed check,69.99,2634.73,No
7052-WHYZ,Male,0,No,No,5,Yes,No,DSL,Yes,Yes,Yes,No,No,No,Month-to-month,Yes,Credit card (automatic),61.49,302.74,Yes
7053-FMZJ,Male,0,No,Yes,13,Yes,No,Fiber optic,Yes,No,Yes,No,Yes,Yes,Month-to-month,Yes,Mailed check,97.99,1294.26,Yes
7054-HCOE,Male,0,No,Yes,52,No,No phone service,Fiber optic,No,Yes,No,No,Yes,Yes,Month-to-month,No,Mailed check,94.54,4781.92,Yes
7055-HHXT,Male,0,No,No,27,No,No phone service,Fiber optic,No,Yes,No,Yes,Yes,Yes,Month-to-month,Yes,Bank transfer (automatic),100.27,2780.05,No
7056-KCSB,Female,0,Yes,Yes,12,Yes,Yes,No,No internet service,No internet service,No internet service,No internet service,No internet service,No internet service,Two year,No,Mailed check,24.69,301.64,No
7057-BYYP,Male,0,No,Yes,71,Yes,No,DSL,Yes,Yes,Yes,No,Yes,Yes,One year,No,Electronic check,78.02,5544.57,No
7058-GTDK,Female,0,No,No,68,Yes,Yes,No,No internet service,No internet service,No internet service,No internet service,No internet service,No internet service,Month-to-month,Yes,Credit card (automatic),25.13,1727.46,No
7059-DRLZ,Female,0,No,No,17,Yes,Yes,DSL,No,No,Yes,No,No,Yes,Two year,No,Credit card (automatic),63.51,1096.49,No
7060-ASSA,Female,0,No,No,44,Yes,No,No,No internet service,No internet service,No internet service,No internet service,No internet service,No internet service,Two year,No,Mailed check,22.25,980.85,No
7061-UTKB,Female,0,Yes,No,22,Yes,No,Fiber optic,No,No,No,No,Yes,No,Month-to-month,No,Credit card (automatic),79.55,1702.76,Yes
7062-OVGN,Male,1,Yes,No,58,Yes,No,No,No internet service,No internet service,No internet service,No internet service,No internet service,No internet service,Month-to-month,Yes,Electronic check,21.34,1255.51,No
7063-YAFP,Female,0,No,No,50,Yes,No,DSL,No,Yes,Yes,Yes,No,No,Month-to-month,Yes,Bank transfer (automatic),64.85,3334.06,Yes
7064-PJTS,Male,0,No,No,32,Yes,Yes,Fiber optic,No,No,No,No,Yes,No,Month-to-month,Yes,Electronic check,85.31,2648.73,Yes
7065-OKPQ,Male,0,Yes,Yes,68,No,No phone service,DSL,No,Yes,Yes,Yes,No,Yes,Month-to-month,Yes,Electronic check,74.85,5055.28,Yes
7066-YEYA,Female,0,Yes,No,53,Yes,Yes,Fiber optic,Yes,Yes,No,No,Yes,No,Month-to-month,Yes,Mailed check,97.18,5088.83,Yes
7067-WXDT,Male,0,No,No,11,Yes,No,No,No internet service,No internet service,No internet service,No internet service,No internet service,No internet service,Month-to-month,No,Electronic check,21.12,231.31,Yes
7068-YDIL,Male,0,No,No,32,Yes,Yes,No,No internet service,No internet service,No internet service,No internet service,No internet service,No internet service,Two year,No,Electronic check,24.59,790.77,No
7069-GAYZ,Male,0,No,No,60,Yes,No,Fiber optic,No,Yes,Yes,Yes,No,No,Month-to-month,Yes,Electronic check,90.55,5528.38,Yes
7070-YWBM,Female,0,Yes,No,39,Yes,Yes,DSL,Yes,No,No,Yes,Yes,Yes,One year,Yes,Mailed check,78.23,3036.38,No
7071-XADU,Male,0,No,No,8,No,No phone service,No,No internet service,No internet service,No internet service,No internet service,No internet service,No internet service,One year,Yes,Mailed check,20.41,162.79,No
7072-KECQ,Male,0,No,No,56,No,No phone service,DSL,No,Yes,No,No,Yes,No,Two year,No,Bank transfer (automatic),54.67,3065.65,No
7073-COQN,Male,1,No,No,35,Yes,No,Fiber optic,No,Yes,No,Yes,Yes,No,Month-to-month,Yes,Electronic check,89.1,3205.73,Yes
7074-JKVU,Female,1,Yes,No,18,Yes,Yes,DSL,Yes,No,Yes,Yes,No,No,Month-to-month,Yes,Mailed check,75.44,1371.59,No
7075-GQSC,Male,1,No,No,59,Yes,Yes,No,No internet service,No internet service,No internet service,No internet service,No internet service,No internet service,Month-to-month,No,Electronic check,27.57,1622.99,No
7076-KPLL,Male,1,No,No,64,Yes,Yes,Fiber optic,No,Yes,No,No,No,Yes,Month-to-month,Yes,Credit card (automatic),90.03,5925.48,Yes
7077-PJAJ,Male,0,No,No,43,Yes,No,Fiber optic,No,No,Yes,No,No,Yes,Month-to-month,Yes,Credit card (automatic),84.97,3758.45,Yes
7078-JLHH,Female,0,No,Yes,52,No,No phone service,DSL,No,No,Yes,No,No,Yes,Month-to-month,No,Credit card (automatic),61.38,3124.87,No
7079-UKXH,Female,0,No,Yes,18,Yes,No,Fiber optic,No,No,No,No,Yes,Yes,One year,No,Mailed check,81.63,1500.62,Yes
7080-SUFC,Female,0,Yes,No,54,Yes,No,DSL,No,Yes,No,Yes,No,Yes,Two year,Yes,Credit card (automatic),66.53,3683.27,No
7081-UQFP,Male,0,No,Yes,66,Yes,Yes,No,No internet service,No internet service,No internet service,No internet service,No internet service,No internet service,Month-to-month,No,Mailed check,24.19,1631.46,No
7082-OYTQ,Male,1,No,Yes,18,Yes,Yes,Fiber optic,Yes,Yes,No,Yes,No,No,Two year,Yes,Electronic check,99.68,1833.76,No
7083-DYYQ,Female,0,Yes,Yes,68,Yes,No,No,No internet service,No internet service,No internet service,No internet service,No internet service,No internet service,Month-to-month,Yes,Credit card (automatic),18.25,1272.89,Yes
7084-IYKB,Female,0,Yes,No,7,Yes,No,Fiber optic,Yes,Yes,Yes,No,No,No,One year,Yes,Electronic check,90.55,622.45,No
7085-MTDL,Female,0,No,No,33,Yes,Yes,Fiber optic,Yes,Yes,Yes,No,Yes,Yes,One year,Yes,Bank transfer (automatic),105.34,3450.27,No
7086-AIKU,Male,0,Yes,No,6,No,No phone service,Fiber optic,Yes,Yes,No,Yes,No,Yes,Month-to-month,No,Credit card (automatic),98.13,596.97,Yes
7087-BBDQ,Male,0,No,No,33,Yes,Yes,No,No internet service,No internet service,No internet service,No internet service,No internet service,No internet service,Month-to-month,No,Electronic check,25.22,817.39,No
7088-VZDD,Female,0,Yes,No,47,Yes,Yes,DSL,No,Yes,Yes,No,Yes,Yes,Two year,Yes,Electronic check,83.75,3883.54,No
7089-EQSR,Female,0,Yes,No,63,Yes,No,DSL,Yes,Yes,No,No,Yes,Yes,Month-to-month,Yes,Electronic check,72.68,4501.14,Yes
7090-OKUS,Male,0,Yes,No,11,Yes,Yes,Fiber optic,No,Yes,Yes,Yes,No,Yes,Month-to-month,No,Mailed check,103.91,1144.18,Yes
7091-TLIJ,Female,1,No,No,64,Yes,No,Fiber optic,No,Yes,Yes,No,Yes,No,Month-to-month,Yes,Bank transfer (automatic),92.05,5963.27,No
7092-LVNH,Female,0,No,No,0,Yes,No,No,No internet service,No internet service,No internet service,No internet service,No internet service,No internet service,One year,No,Mailed check,20.34,,No
7093-OWGN,Male,0,Yes,No,5,Yes,No,DSL,Yes,No,Yes,Yes,No,No,Month-to-month,No,Mailed check,68.65,335.55,Yes
7094-NGSK,Female,0,Yes,Yes,70,Yes,Yes,Fiber optic,No,Yes,No,Yes,No,Yes,Month-to-month,No,Mailed check,94.88,6442.94,Yes
7095-HBKF,Male,0,Yes,Yes,66,No,No phone service,DSL,Yes,Yes,No,Yes,No,Yes,Month-to-month,Yes,Credit card (automatic),66.05,4326.21,No
7096-SUMH,Male,0,No,No,3,No,No phone service,DSL,No,Yes,Yes,Yes,Yes,No,Month-to-month,No,Credit card (automatic),69.16,201.45,Yes
7097-UNIR,Female,1,No,No,5,Yes,Yes,No,No internet service,No internet service,No internet service,No internet service,No internet service,No internet service,Month-to-month,Yes,Electronic check,25.5,125.27,No
7098-FTIA,Female,0,No,No,53,Yes,No,No,No internet service,No internet service,No internet service,No internet service,No internet service,No internet service,Month-to-month,No,Bank transfer (automatic),18.95,991.05,No
7099-SYOJ,Male,0,Yes,Yes,31,Yes,No,No,No internet service,No internet service,No internet service,No internet service,No internet service,No internet service,One year,Yes,Credit card (automatic),18.89,581.35,No
7100-EKQX,Female,0,No,No,19,Yes,Yes,Fiber optic,No,No,No,No,Yes,Yes,Month-to-month,No,Bank transfer (automatic),86.89,1612.12,Yes
7101-MYXI,Male,0,Yes,No,30,Yes,Yes,Fiber optic,No,No,No,No,Yes,No,Two year,Yes,Credit card (automatic),78.46,2310.83,No
7102-DILE,Female,0,Yes,No,25,Yes,Yes,Fiber optic,Yes,No,No,Yes,Yes,Yes,Month-to-month,Yes,Bank transfer (automatic),103.07,2621.19,Yes
7103-IUAC,Male,0,Yes,No,71,Yes,Yes,Fiber optic,No,No,Yes,No,Yes,No,Month-to-month,No,Electronic check,86.5,6293.31,Yes
7104-EXTO,Female,1,Yes,No,18,Yes,Yes,DSL,Yes,No,No,Yes,Yes,No,Month-to-month,Yes,Bank transfer (automatic),69.83,1265.36,No
7105-TQPV,Female,0,Yes,No,7,Yes,No,DSL,Yes,No,Yes,No,Yes,No,Two year,No,Mailed check,60.53,414.12,Yes
7106-AKHB,Female,0,No,No,60,No,No phone service,DSL,Yes,Yes,No,No,No,Yes,Month-to-month,No,Mailed check,62.56,3745.22,No
7107-YUJC,Female,0,Yes,No,61,Yes,Yes,Fiber optic,No,No,No,Yes,No,No,Month-to-month,Yes,Electronic check,82.74,5077.54,Yes
7108-SZHJ,Male,0,No,No,65,Yes,No,No,No internet service,No internet service,No internet service,No internet service,No internet service,No internet service,Two year,Yes,Credit card (automatic),22.85,1529.19,No
7109-FMGS,Female,1,No,No,70,Yes,Yes,Fiber optic,Yes,No,No,No,No,No,Month-to-month,Yes,Credit card (automatic),88.57,6340.59,No
7110-BNWK,Male,0,No,Yes,3,Yes,Yes,DSL,No,No,Yes,Yes,No,Yes,Two year,Yes,Electronic check,73.43,226.39,No
7111-RGZY,Female,0,No,No,56,Yes,No,Fiber optic,No,Yes,No,No,Yes,Yes,Month-to-month,No,Bank transfer (automatic),85.96,4899.34,No
7112-RIUU,Female,0,No,No,20,Yes,Yes,DSL,Yes,Yes,Yes,No,Yes,No,Month-to-month,Yes,Bank transfer (automatic),80.06,1583.50,No
7113-ORTB,Male,0,Yes,Yes,31,Yes,No,No,No internet service,No internet service,No internet service,No internet service,No internet service,No internet service,Two year,Yes,Mailed check,21.74,656.58,No
7114-FBNL,Female,0,Yes,No,33,Yes,No,Fiber optic,Yes,No,Yes,Yes,No,Yes,Month-to-month,Yes,Credit card (automatic),100.8,3333.12,No
7115-WQXU,Female,0,No,No,71,No,No phone service,Fiber optic,Yes,Yes,No,Yes,No,Yes,Month-to-month,Yes,Credit card (automatic),97.63,6976.97,Yes
7116-CPPF,Male,0,No,Yes,38,Yes,No,DSL,Yes,Yes,Yes,Yes,No,No,One year,Yes,Credit card (automatic),75.64,2922.92,No
7117-HLYC,Male,0,No,No,17,Yes,No,DSL,No,Yes,No,Yes,Yes,No,Two year,No,Electronic check,66.33,1114.25,Yes
7118-AFBL,Male,0,No,Yes,7,Yes,No,Fiber optic,Yes,Yes,Yes,Yes,Yes,No,Month-to-month,No,Mailed check,100.79,718.78,Yes
7119-JKJX,Male,0,No,No,43,Yes,Yes,Fiber optic,Yes,No,Yes,Yes,Yes,No,One year,Yes,Electronic check,100.36,4399.10,No
7120-HAZC,Male,0,No,No,60,Yes,Yes,DSL,Yes,Yes,No,Yes,No,Yes,Month-to-month,Yes,Bank transfer (automatic),79.32,4844.94,Yes
7121-MYOI,Female,0,No,No,52,Yes,Yes,Fiber optic,Yes,No,No,Yes,Yes,No,Month-to-month,No,Mailed check,92.47,4698.51,No
7122-XHWZ,Female,0,No,No,68,Yes,Yes,DSL,No,No,No,Yes,Yes,No,Month-to-month,Yes,Bank transfer (automatic),66.64,4602.12,No
7123-ZGZF,Male,0,Yes,Yes,4,No,No phone service,No,No internet service,No internet service,No internet service,No internet service,No internet service,No internet service,Two year,Yes,Credit card (automatic),21.3,87.45,No
7124-UEHQ,Female,0,No,No,30,Yes,No,Fiber optic,No,No,No,Yes,No,No,Month-to-month,No,Electronic check,75.4,2327.42,Yes
7125-LPUI,Female,0,No,Yes,45,Yes,No,Fiber optic,Yes,Yes,Yes,No,No,No,Two year,Yes,Credit card (automatic),87.84,3897.73,No
7126-DMVS,Male,0,No,No,62,Yes,Yes,Fiber optic,Yes,No,Yes,Yes,No,No,Month-to-month,No,Mailed check,92.0,5692.73,No
7127-LMSU,Female,1,Yes,No,23,Yes,No,Fiber optic,Yes,Yes,No,No,Yes,Yes,Month-to-month,No,Credit card (automatic),96.43,2171.46,Yes
7128-XIZA,Female,0,Yes,Yes,49,Yes,Yes,DSL,No,No,Yes,No,Yes,Yes,One year,Yes,Electronic check,69.08,3338.55,No
7129-VDTQ,Female,0,No,No,15,Yes,No,Fiber optic,Yes,No,Yes,No,No,No,Month-to-month,Yes,Mailed check,83.65,1277.30,No
7130-YLCY,Female,0,Yes,No,43,Yes,No,No,No internet service,No internet service,No internet service,No internet service,No internet service,No internet service,Month-to-month,Yes,Mailed check,20.01,870.00,Yes
7131-UFDD,Female,0,Yes,No,56,No,No phone service,Fiber optic,No,No,No,Yes,No,No,Month-to-month,Yes,Credit card (automatic),75.17,4119.43,No
7132-MPWU,Male,0,No,Yes,59,Yes,No,DSL,No,No,No,No,Yes,No,Month-to-month,No,Electronic check,49.92,3023.29,Yes
7133-YNOJ,Female,0,No,No,33,Yes,No,DSL,No,No,No,Yes,Yes,No,Month-to-month,No,Mailed check,58.18,1937.62,No
7134-JKTM,Female,0,No,Yes,35,Yes,No,No,No internet service,No internet service,No internet service,No internet service,No internet service,No internet service,Month-to-month,Yes,Electronic check,21.01,738.85,Yes
7135-NYTF,Male,0,No,No,64,Yes,No,DSL,No,Yes,Yes,No,Yes,No,Month-to-month,Yes,Electronic check,64.72,4062.50,Yes
7136-WCMO,Female,1,Yes,No,40,Yes,Yes,DSL,Yes,Yes,Yes,Yes,Yes,No,Two year,Yes,Bank transfer (automatic),89.21,3506.71,No
7137-HPSV,Male,0,Yes,No,26,Yes,Yes,No,No internet service,No internet service,No internet service,No internet service,No internet service,No internet service,Month-to-month,Yes,Electronic check,27.43,692.01,Yes
7138-IUQI,Male,0,No,No,20,Yes,No,No,No internet service,No internet service,No internet service,No internet service,No internet service,No internet service,Two year,Yes,Electronic check,18.9,381.07,No
7139-ZSVP,Male,1,Yes,No,52,Yes,No,Fiber optic,No,Yes,Yes,No,No,No,Month-to-month,Yes,Bank transfer (automatic),85.0,4545.96,Yes
7140-QZXI,Female,1,No,No,0,Yes,Yes,DSL,Yes,No,No,No,No,No,Month-to-month,No,Credit card (automatic),60.55,,No
7141-YZVJ,Male,0,No,No,39,Yes,No,Fiber optic,No,Yes,Yes,Yes,No,Yes,Month-to-month,Yes,Electronic check,94.92,3691.99,Yes
7142-ALZC,Male,0,No,No,12,Yes,No,No,No internet service,No internet service,No internet service,No internet service,No internet service,No internet service,Month-to-month,Yes,Electronic check,21.85,256.31,No
7143-TLVA,Male,0,No,No,12,No,No phone service,DSL,Yes,No,Yes,Yes,Yes,Yes,Month-to-month,Yes,Mailed check,73.06,854.40,Yes
7144-ULGD,Female,0,No,No,18,Yes,Yes,DSL,Yes,Yes,Yes,Yes,No,No,Month-to-month,Yes,Credit card (automatic),74.44,1326.90,No
7145-UJCK,Female,0,No,Yes,1,No,No phone service,No,No internet service,No internet service,No internet service,No internet service,No internet service,No internet service,One year,Yes,Mailed check,19.5,18.95,No
7146-JWVX,Male,0,Yes,No,35,Yes,No,Fiber optic,No,No,Yes,No,Yes,No,Month-to-month,No,Electronic check,84.71,2887.26,Yes
7147-JAYK,Male,0,No,No,30,Yes,Yes,Fiber optic,No,No,Yes,Yes,Yes,No,Two year,No,Electronic check,92.52,2827.82,No
7148-MMZW,Female,0,Yes,No,28,Yes,No,No,No internet service,No internet service,No internet service,No internet service,No internet service,No internet service,Two year,Yes,Electronic check,20.9,573.68,No
7149-VQOM,Male,0,No,No,68,No,No phone service,Fiber optic,No,No,Yes,Yes,No,No,Month-to-month,Yes,Mailed check,88.35,6097.86,No
7150-TKWP,Female,0,Yes,Yes,18,Yes,No,No,No internet service,No internet service,No internet service,No internet service,No internet service,No internet service,Month-to-month,No,Electronic check,18.25,331.12,No
7151-DMDL,Male,0,No,Yes,59,Yes,Yes,DSL,Yes,No,No,No,Yes,No,One year,Yes,Bank transfer (automatic),63.44,3665.75,No
7152-HLRV,Female,0,No,No,14,Yes,No,Fiber optic,Yes,No,No,Yes,Yes,Yes,Month-to-month,Yes,Electronic check,97.11,1389.84,Yes
7153-ZDEJ,Male,1,Yes,No,45,Yes,No,Fiber optic,Yes,Yes,No,No,No,Yes,One year,Yes,Electronic check,91.53,4109.51,Yes
7154-TXIY,Male,0,No,No,62,Yes,Yes,Fiber optic,Yes,No,Yes,No,No,Yes,Month-to-month,Yes,Bank transfer (automatic),96.19,5940.73,No
7155-DTJE,Female,0,Yes,No,61,Yes,No,Fiber optic,Yes,Yes,No,Yes,Yes,Yes,Two year,Yes,Bank transfer (automatic),108.81,6482.38,No
7156-BAAY,Male,0,Yes,Yes,43,Yes,Yes,Fiber optic,Yes,No,No,No,No,Yes,Month-to-month,Yes,Credit card (automatic),84.31,3586.35,Yes
7157-DPQV,Female,0,Yes,No,15,Yes,No,Fiber optic,No,No,Yes,No,Yes,No,Month-to-month,No,Bank transfer (automatic),86.48,1318.45,Yes
7158-ASBY,Female,0,Yes,No,28,Yes,Yes,DSL,No,Yes,Yes,Yes,No,No,Two year,Yes,Credit card (automatic),77.17,2210.17,No
7159-RZXH,Female,0,No,No,31,Yes,Yes,Fiber optic,No,Yes,No,No,Yes,Yes,Two year,No,Electronic check,94.07,2900.38,No
7160-FXHG,Female,0,No,Yes,61,Yes,No,Fiber optic,No,No,Yes,Yes,No,No,Month-to-month,Yes,Mailed check,82.98,5166.81,No
7161-ESEO,Female,0,No,No,28,Yes,No,Fiber optic,Yes,Yes,No,Yes,No,Yes,One year,Yes,Mailed check,98.71,2815.58,No
7162-PHEA,Male,0,No,No,60,Yes,Yes,Fiber optic,Yes,Yes,Yes,No,Yes,Yes,Two year,No,Bank transfer (automatic),112.58,6620.20,No
7163-VHUQ,Male,0,No,No,69,Yes,Yes,DSL,Yes,No,Yes,Yes,Yes,No,Month-to-month,No,Electronic check,86.18,5850.41,No
7164-KNBT,Male,0,No,No,8,Yes,Yes,DSL,Yes,No,Yes,Yes,No,No,Month-to-month,Yes,Electronic check,74.66,605.83,Yes
7165-WNVK,Female,1,No,Yes,68,Yes,Yes,No,No internet service,No internet service,No internet service,No internet service,No internet service,No internet service,Two year,No,Mailed check,24.32,1605.47,No
7166-SWWV,Male,0,Yes,No,41,Yes,Yes,No,No internet service,No internet service,No internet service,No internet service,No internet service,No internet service,Two year,No,Bank transfer (automatic),27.5,1130.48,No
7167-MLAT,Male,0,No,Yes,44,Yes,No,Fiber optic,No,No,Yes,No,Yes,No,Month-to-month,Yes,Bank transfer (automatic),85.74,3727.62,Yes
7168-GPKS,Male,0,No,No,23,Yes,No,Fiber optic,Yes,Yes,Yes,Yes,Yes,No,Month-to-month,Yes,Bank transfer (automatic),102.7,2322.86,No
7169-MJIU,Male,0,Yes,No,25,Yes,No,DSL,Yes,No,No,Yes,Yes,Yes,Month-to-month,Yes,Bank transfer (automatic),72.87,1818.99,Yes
7170-JNLY,Male,0,Yes,Yes,39,Yes,Yes,Fiber optic,Yes,No,Yes,Yes,Yes,No,Two year,Yes,Electronic check,100.84,4015.72,No
7171-TDBA,Male,0,Yes,No,15,Yes,Yes,Fiber optic,Yes,No,No,Yes,No,Yes,Two year,Yes,Credit card (automatic),93.12,1397.95,No
7172-BYQT,Female,0,Yes,Yes,52,Yes,No,Fiber optic,No,No,Yes,No,No,No,Month-to-month,Yes,Mailed check,79.23,4232.58,Yes
7173-JWKD,Female,0,No,No,49,Yes,No,DSL,No,Yes,Yes,Yes,Yes,No,Two year,No,Electronic check,76.62,3850.28,No
7174-OPTW,Female,0,Yes,Yes,1,Yes,Yes,DSL,No,No,Yes,Yes,Yes,No,Month-to-month,Yes,Electronic check,65.98,64.82,Yes
7175-NRWZ,Male,0,No,No,16,Yes,No,No,No internet service,No internet service,No internet service,No internet service,No internet service,No internet service,Month-to-month,No,Electronic check,20.11,320.81,Yes
7176-XXYZ,Female,0,No,No,37,Yes,Yes,Fiber optic,No,No,No,No,No,No,Month-to-month,No,Electronic check,78.26,2879.96,Yes
7177-KUPA,Male,0,Yes,Yes,54,Yes,Yes,No,No internet service,No internet service,No internet service,No internet service,No internet service,No internet service,Two year,Yes,Electronic check,24.43,1288.01,No
7178-RGBP,Female,1,No,No,22,Yes,No,Fiber optic,No,Yes,No,Yes,Yes,Yes,Month-to-month,No,Credit card (automatic),98.24,2120.62,No
7179-KJKS,Female,0,No,Yes,64,Yes,Yes,No,No internet service,No internet service,No internet service,No internet service,No internet service,No internet service,Two year,Yes,Mailed check,26.74,1715.04,No
7180-AXYA,Female,0,No,No,39,Yes,Yes,DSL,No,No,Yes,No,No,Yes,Two year,Yes,Mailed check,63.69,2509.83,No
7181-PCAG,Male,0,No,Yes,39,Yes,Yes,DSL,No,No,No,No,No,Yes,Two year,No,Credit card (automatic),58.14,2276.47,No
7182-UCQG,Male,0,No,No,8,Yes,No,Fiber optic,No,No,No,No,No,No,Month-to-month,No,Mailed check,70.3,559.62,Yes
7183-QEYS,Female,0,Yes,Yes,46,Yes,No,Fiber optic,No,Yes,Yes,No,Yes,No,Month-to-month,No,Electronic check,83.65,3919.97,Yes
7184-BGIP,Male,0,Yes,Yes,59,Yes,Yes,DSL,No,No,Yes,Yes,No,No,Month-to-month,Yes,Electronic check,63.79,3841.93,Yes
7185-HUMH,Male,0,Yes,Yes,16,Yes,No,Fiber optic,Yes,Yes,No,No,No,Yes,Month-to-month,Yes,Electronic check,87.33,1411.79,Yes
7186-WZBG,Male,0,Yes,No,40,Yes,No,DSL,No,No,No,No,Yes,No,One year,Yes,Electronic check,52.14,2049.12,No
7187-KKLR,Male,0,No,No,1,Yes,No,DSL,Yes,No,Yes,Yes,Yes,Yes,Month-to-month,No,Credit card (automatic),76.27,75.55,Yes
7188-WEWI,Male,1,Yes,No,16,Yes,Yes,No,No internet service,No internet service,No internet service,No internet service,No internet service,No internet service,Month-to-month,No,Mailed check,25.42,411.81,No
7189-DQCU,Male,0,No,No,6,Yes,No,Fiber optic,No,No,Yes,No,Yes,No,Month-to-month,Yes,Bank transfer (automatic),81.22,476.99,Yes
7190-VWDG,Female,1,Yes,Yes,56,Yes,Yes,DSL,Yes,No,No,Yes,Yes,Yes,One year,No,Mailed check,76.88,4184.27,No
7191-TCGV,Female,0,No,No,72,Yes,No,DSL,No,Yes,No,No,Yes,No,Month-to-month,Yes,Mailed check,56.84,4143.38,No
7192-ZQCT,Female,1,No,No,3,Yes,No,No,No internet service,No internet service,No internet service,No internet service,No internet service,No internet service,Month-to-month,No,Bank transfer (automatic),18.85,57.91,Yes
7193-UALU,Male,0,No,No,51,Yes,Yes,No,No internet service,No internet service,No internet service,No internet service,No internet service,No internet service,Month-to-month,Yes,Mailed check,25.66,1280.77,No
7194-HYWY,Female,0,No,No,43,Yes,No,DSL,Yes,Yes,Yes,Yes,Yes,No,Month-to-month,Yes,Electronic check,74.45,3120.43,Yes
7195-MEYZ,Male,0,Yes,No,51,Yes,Yes,Fiber optic,No,Yes,No,No,No,No,One year,Yes,Electronic check,81.39,4161.44,Yes
7196-DJIT,Male,1,No,Yes,37,Yes,Yes,Fiber optic,No,No,No,Yes,Yes,No,Month-to-month,No,Electronic check,86.82,3296.05,Yes
7197-LSOH,Male,0,Yes,No,72,Yes,No,DSL,Yes,Yes,Yes,No,Yes,Yes,One year,Yes,Bank transfer (automatic),81.85,6018.20,No
7198-KSRT,Male,0,No,Yes,3,Yes,Yes,Fiber optic,Yes,Yes,No,Yes,No,No,One year,No,Electronic check,99.63,290.66,Yes
7199-PZMF,Female,0,No,No,11,Yes,Yes,DSL,No,Yes,No,Yes,Yes,No,Month-to-month,Yes,Electronic check,74.59,800.85,Yes
7200-WYEU,Male,1,Yes,Yes,18,Yes,Yes,DSL,No,Yes,Yes,Yes,No,Yes,Month-to-month,Yes,Bank transfer (automatic),73.3,1327.93,Yes
7201-IAOQ,Female,0,Yes,No,57,Yes,No,Fiber optic,No,No,Yes,Yes,Yes,Yes,Month-to-month,Yes,Credit card (automatic),96.94,5486.49,No
7202-HPXE,Male,0,Yes,No,6,Yes,No,DSL,No,Yes,Yes,No,Yes,No,Month-to-month,Yes,Electronic check,59.27,347.65,Yes
7203-PZLW,Female,0,No,No,9,Yes,No,Fiber optic,Yes,Yes,Yes,No,Yes,Yes,Two year,No,Electronic check,103.0,920.47,No
7204-JJDW,Male,1,No,No,53,Yes,Yes,DSL,No,Yes,Yes,No,Yes,Yes,Month-to-month,Yes,Bank transfer (automatic),78.13,4050.56,No
7205-MMNJ,Male,0,Yes,No,31,Yes,No,Fiber optic,No,No,Yes,No,Yes,Yes,Two year,Yes,Electronic check,91.18,2760.27,Yes
7206-XBYR,Female,0,Yes,No,51,Yes,Yes,No,No internet service,No internet service,No internet service,No internet service,No internet service,No internet service,Two year,No,Electronic check,26.75,1387.92,No
7207-QQLX,Female,0,Yes,No,27,Yes,Yes,Fiber optic,Yes,Yes,No,No,Yes,Yes,Month-to-month,No,Mailed check,109.03,2915.02,Yes
7208-LJGM,Male,1,No,No,7,Yes,No,Fiber optic,No,Yes,No,Yes,No,Yes,Two year,Yes,Bank transfer (automatic),88.12,602.93,Yes
7209-SKUP,Female,1,Yes,Yes,43,Yes,Yes,Fiber optic,No,Yes,No,No,Yes,No,Month-to-month,No,Bank transfer (automatic),90.75,3921.01,No
7210-BODL,Male,0,Yes,No,8,Yes,Yes,No,No internet service,No internet service,No internet service,No internet service,No internet service,No internet service,Month-to-month,Yes,Mailed check,22.79,184.95,No
7211-IJEJ,Female,0,No,No,35,Yes,Yes,Fiber optic,Yes,No,No,Yes,No,No,One year,Yes,Credit card (automatic),93.19,3209.93,No
7212-XGTJ,Female,0,Yes,No,64,Yes,No,DSL,Yes,No,Yes,No,Yes,Yes,Month-to-month,No,Mailed check,70.12,4503.76,No
7213-SRKO,Male,1,No,Yes,14,Yes,No,DSL,No,Yes,No,No,No,No,Two year,No,Mailed check,52.65,715.02,No
7214-BCEZ,Female,0,No,No,15,No,No phone service,Fiber optic,No,No,Yes,No,No,No,Two year,No,Mailed check,76.27,1136.56,No
7215-DRFO,Male,0,Yes,No,69,Yes,Yes,Fiber optic,No,No,No,Yes,No,No,Month-to-month,No,Bank transfer (automatic),81.67,5757.07,Yes
7216-VBBX,Male,0,No,No,22,Yes,No,DSL,No,Yes,No,No,No,Yes,Two year,No,Mailed check,56.45,1266.12,No
7217-RSBU,Male,0,Yes,No,27,Yes,Yes,Fiber optic,No,No,Yes,No,No,Yes,Two year,Yes,Credit card (automatic),91.35,2487.93,No
7218-JFAD,Male,0,Yes,Yes,50,Yes,No,Fiber optic,Yes,No,Yes,Yes,No,Yes,One year,Yes,Credit card (automatic),98.58,5060.44,No
7219-FUPG,Female,0,No,No,10,Yes,Yes,Fiber optic,Yes,Yes,Yes,Yes,Yes,Yes,One year,No,Mailed check,114.95,1149.08,No
7220-HGBO,Male,1,No,No,5,Yes,No,Fiber optic,No,Yes,Yes,No,Yes,Yes,One year,No,Electronic check,92.98,461.60,Yes
7221-RQXP,Male,0,No,No,61,Yes,No,DSL,Yes,No,No,No,Yes,No,One year,Yes,Mailed check,58.06,3506.17,No
7222-RWDV,Female,0,Yes,No,69,Yes,No,Fiber optic,Yes,No,Yes,Yes,Yes,Yes,Month-to-month,No,Electronic check,107.96,7486.22,No
7223-DZTQ,Male,0,Yes,Yes,72,Yes,Yes,Fiber optic,No,Yes,No,No,No,Yes,Month-to-month,Yes,Electronic check,89.9,6284.70,No
7224-IMOG,Female,0,Yes,No,2,No,No phone service,No,No internet service,No internet service,No internet service,No internet service,No internet service,No internet service,Month-to-month,No,Mailed check,21.38,42.78,Yes
7225-APNL,Male,1,No,Yes,39,No,No phone service,Fiber optic,Yes,Yes,Yes,Yes,Yes,No,Two year,Yes,Credit card (automatic),102.13,3933.94,No
7226-HAMC,Female,0,No,No,62,Yes,Yes,Fiber optic,No,No,No,Yes,No,No,Month-to-month,Yes,Bank transfer (automatic),84.03,5135.18,No
7227-JKGT,Female,0,No,No,61,Yes,Yes,Fiber optic,No,No,Yes,No,No,Yes,Month-to-month,No,Mailed check,88.65,5422.07,Yes
7228-XMQD,Female,0,No,Yes,26,Yes,Yes,No,No internet service,No internet service,No internet service,No internet service,No internet service,No internet service,Month-to-month,No,Bank transfer (automatic),24.96,633.82,No
7229-HWDW,Male,0,Yes,No,36,Yes,Yes,Fiber optic,No,No,No,Yes,Yes,Yes,Month-to-month,No,Electronic check,94.4,3369.83,Yes
7230-NUTT,Male,0,No,No,11,Yes,No,Fiber optic,Yes,Yes,No,No,No,No,Two year,Yes,Mailed check,81.71,903.92,No
7231-IXJP,Female,0,Yes,No,11,Yes,Yes,DSL,No,Yes,Yes,No,No,No,Month-to-month,Yes,Electronic check,63.22,702.70,Yes
7232-IKEX,Male,0,Yes,Yes,28,Yes,Yes,Fiber optic,No,No,Yes,No,Yes,Yes,One year,Yes,Electronic check,96.64,2680.21,No
7233-DIHK,Female,0,No,No,17,Yes,No,Fiber optic,Yes,No,Yes,No,No,Yes,Two year,No,Electronic check,82.66,1395.90,Yes
7234-ITGR,Male,0,No,No,71,Yes,No,DSL,Yes,No,No,No,Yes,Yes,Two year,No,Bank transfer (automatic),65.08,4720.94,No
7235-DCEI,Female,0,Yes,No,6,Yes,Yes,Fiber optic,Yes,Yes,No,Yes,Yes,Yes,Two year,Yes,Credit card (automatic),107.59,650.04,No
7236-DUTO,Female,1,Yes,No,39,Yes,No,No,No internet service,No internet service,No internet service,No internet service,No internet service,No internet service,Two year,Yes,Bank transfer (automatic),21.0,835.86,No
7237-XFAS,Male,0,No,No,41,Yes,No,DSL,Yes,Yes,No,No,Yes,Yes,Month-to-month,No,Electronic check,73.31,2991.50,Yes
7238-TBZP,Male,1,Yes,No,5,Yes,Yes,Fiber optic,Yes,No,Yes,Yes,No,Yes,Two year,Yes,Bank transfer (automatic),104.45,516.58,No
7239-IKJU,Female,0,No,Yes,32,Yes,Yes,No,No internet service,No internet service,No internet service,No internet service,No internet service,No internet service,One year,Yes,Electronic check,26.05,845.77,No
7240-GXTL,Male,0,No,Yes,68,Yes,No,No,No internet service,No internet service,No internet service,No internet service,No internet service,No internet service,Month-to-month,No,Credit card (automatic),21.87,1509.28,No
7241-AAQK,Female,0,Yes,No,8,Yes,Yes,DSL,Yes,Yes,No,No,Yes,No,Month-to-month,No,Bank transfer (automatic),72.78,598.13,Yes
7242-LMUH,Male,0,Yes,No,11,Yes,No,DSL,No,Yes,No,No,No,Yes,Two year,Yes,Mailed check,60.85,664.86,No
7243-NWRM,Female,0,Yes,No,12,Yes,Yes,Fiber optic,No,Yes,Yes,No,Yes,Yes,Month-to-month,No,Mailed check,106.07,1290.63,No
7244-MIMK,Female,0,No,Yes,4,No,No phone service,DSL,No,Yes,No,Yes,Yes,Yes,Two year,No,Bank transfer (automatic),69.53,282.16,No
7245-ODWK,Male,0,Yes,Yes,64,Yes,No,Fiber optic,No,Yes,Yes,No,Yes,No,One year,Yes,Credit card (automatic),87.46,5511.40,No
7246-QCMK,Female,0,No,No,4,Yes,Yes,Fiber optic,No,Yes,No,Yes,Yes,Yes,Month-to-month,Yes,Electronic check,108.92,429.55,Yes
7247-TRZD,Male,0,Yes,Yes,21,Yes,Yes,Fiber optic,No,Yes,No,Yes,Yes,Yes,Month-to-month,Yes,Bank transfer (automatic),99.99,2039.00,No
7248-HLDT,Female,1,No,No,60,Yes,Yes,Fiber optic,Yes,Yes,Yes,Yes,Yes,Yes,Month-to-month,No,Bank transfer (automatic),118.75,6996.99,No
7249-HDMW,Male,1,Yes,No,72,Yes,No,No,No internet service,No internet service,No internet service,No internet service,No internet service,No internet service,Month-to-month,Yes,Electronic check,21.29,1577.95,No
7250-WWSV,Male,0,Yes,Yes,12,No,No phone service,Fiber optic,Yes,Yes,No,Yes,Yes,Yes,Month-to-month,No,Electronic check,102.0,1243.49,No
7251-QXRV,Male,0,No,No,26,Yes,Yes,Fiber optic,No,No,No,Yes,No,Yes,Month-to-month,Yes,Electronic check,88.71,2240.33,Yes
7252-VOKE,Male,0,No,No,13,Yes,Yes,DSL,No,No,No,Yes,Yes,Yes,Month-to-month,Yes,Electronic check,69.9,914.96,Yes
7253-BYJB,Male,0,Yes,No,14,No,No phone service,No,No internet service,No internet service,No internet service,No internet service,No internet service,No internet service,Month-to-month,No,Electronic check,22.86,313.26,No
7254-QJFY,Female,0,Yes,Yes,68,Yes,No,Fiber optic,No,Yes,No,No,Yes,Yes,Month-to-month,Yes,Electronic check,89.61,6089.60,No
7255-HVQM,Male,0,No,No,25,No,No phone service,DSL,No,No,Yes,No,No,Yes,Two year,Yes,Electronic check,57.19,1416.65,No
7256-OFWS,Female,0,Yes,No,45,Yes,No,DSL,Yes,Yes,No,No,Yes,Yes,One year,No,Mailed check,71.46,3305.25,No
7257-PXTJ,Male,1,Yes,No,12,Yes,No,Fiber optic,No,Yes,Yes,No,No,No,Two year,Yes,Mailed check,84.85,1020.49,No
7258-ZTGA,Male,0,Yes,Yes,21,Yes,Yes,DSL,No,Yes,No,Yes,Yes,No,One year,Yes,Mailed check,62.74,1329.67,No
7259-SLRP,Female,0,Yes,Yes,26,Yes,Yes,No,No internet service,No internet service,No internet service,No internet service,No internet service,No internet service,Month-to-month,No,Electronic check,27.55,726.40,No
7260-WIGJ,Female,1,No,No,43,No,No phone service,DSL,No,No,Yes,Yes,Yes,No,Two year,No,Electronic check,66.77,2944.95,No
7261-NNKV,Male,0,No,No,65,Yes,No,Fiber optic,Yes,Yes,Yes,No,Yes,Yes,One year,Yes,Mailed check,100.0,6546.62,No
7262-SWVH,Male,0,No,No,18,Yes,Yes,DSL,No,Yes,No,No,Yes,Yes,Month-to-month,Yes,Credit card (automatic),73.96,1329.54,Yes
7263-AOSZ,Female,1,No,No,47,Yes,Yes,Fiber optic,No,Yes,Yes,No,No,Yes,Month-to-month,Yes,Bank transfer (automatic),94.68,4578.73,Yes
7264-MUUC,Female,1,Yes,No,36,Yes,No,No,No internet service,No internet service,No internet service,No internet service,No internet service,No internet service,Month-to-month,Yes,Bank transfer (automatic),20.72,733.39,Yes
7265-MDXR,Female,0,No,No,58,Yes,Yes,DSL,Yes,Yes,Yes,Yes,No,Yes,Month-to-month,Yes,Mailed check,80.53,4806.43,No
7266-NAMN,Male,0,Yes,Yes,25,Yes,Yes,DSL,No,No,Yes,No,No,Yes,Month-to-month,Yes,Mailed check,63.76,1632.17,Yes
7267-JQIE,Male,0,Yes,Yes,31,Yes,No,DSL,No,No,No,No,No,Yes,Two year,No,Bank transfer (automatic),50.49,1543.28,No
7268-XZUY,Female,0,No,Yes,45,Yes,Yes,DSL,No,Yes,Yes,Yes,Yes,Yes,Two year,Yes,Electronic check,85.11,3760.82,No
7269-MNEV,Female,0,Yes,No,32,Yes,No,Fiber optic,Yes,No,Yes,Yes,Yes,Yes,Month-to-month,No,Credit card (automatic),95.47,3107.00,No
7270-WRGI,Male,0,Yes,Yes,55,Yes,No,DSL,No,Yes,No,Yes,No,Yes,Month-to-month,Yes,Electronic check,62.16,3378.91,No
7271-SFUB,Male,0,Yes,No,1,Yes,Yes,Fiber optic,No,Yes,Yes,No,No,Yes,Month-to-month,Yes,Electronic check,104.39,103.89,Yes
7272-BRVQ,Male,0,No,No,26,Yes,Yes,Fiber optic,No,No,Yes,Yes,Yes,Yes,Month-to-month,Yes,Credit card (automatic),103.79,2630.92,Yes
7273-DVWN,Female,0,Yes,No,13,Yes,No,No,No internet service,No internet service,No internet service,No internet service,No internet service,No internet service,One year,Yes,Credit card (automatic),20.65,276.44,No
7274-FNWU,Male,0,No,No,11,Yes,Yes,DSL,Yes,Yes,Yes,Yes,Yes,Yes,Month-to-month,Yes,Electronic check,89.57,999.20,Yes
7275-BFYX,Male,0,No,Yes,4,No,No phone service,No,No internet service,No internet service,No internet service,No internet service,No internet service,No internet service,Month-to-month,No,Mailed check,18.25,73.38,No
7276-LFLW,Male,0,No,No,26,Yes,No,No,No internet service,No internet service,No internet service,No internet service,No internet service,No internet service,Two year,Yes,Bank transfer (automatic),18.25,474.73,No
7277-LTVD,Female,0,Yes,No,16,Yes,Yes,Fiber optic,No,Yes,Yes,Yes,No,No,Month-to-month,No,Mailed check,99.92,1595.43,Yes
7278-VSEB,Male,0,No,No,55,Yes,No,Fiber optic,Yes,No,Yes,Yes,Yes,No,Two year,Yes,Credit card (automatic),103.58,5696.07,No
7279-JPVL,Male,0,Yes,No,37,Yes,Yes,Fiber optic,No,No,Yes,Yes,Yes,No,Month-to-month,Yes,Credit card (automatic),92.95,3395.13,No
7280-IVCX,Male,0,No,No,57,Yes,Yes,DSL,No,No,No,Yes,Yes,Yes,Month-to-month,Yes,Bank transfer (automatic),68.09,3917.80,Yes
7281-HJUY,Male,0,No,No,64,Yes,Yes,No,No internet service,No internet service,No internet service,No internet service,No internet service,No internet service,Month-to-month,No,Bank transfer (automatic),28.66,1871.75,No
7282-OWGU,Female,0,Yes,Yes,57,Yes,Yes,No,No internet service,No internet service,No internet service,No internet service,No internet service,No internet service,One year,No,Credit card (automatic),23.79,1333.67,No
7283-KDEL,Male,0,No,No,31,Yes,No,DSL,No,No,Yes,No,No,Yes,Two year,Yes,Mailed check,61.61,1882.03,No
7284-XUDL,Male,0,No,No,71,Yes,No,DSL,No,No,Yes,Yes,Yes,No,Month-to-month,No,Electronic check,65.52,4603.23,Yes
7285-YWRX,Female,0,Yes,Yes,28,Yes,No,DSL,No,No,No,No,No,No,Month-to-month,No,Bank transfer (automatic),45.99,1320.41,No
7286-FPPA,Male,1,Yes,Yes,60,Yes,Yes,Fiber optic,No,Yes,Yes,Yes,Yes,Yes,One year,No,Mailed check,108.97,6604.82,Yes
7287-GMOG,Female,0,No,No,13,Yes,No,No,No internet service,No internet service,No internet service,No internet service,No internet service,No internet service,Month-to-month,Yes,Credit card (automatic),21.39,277.60,Yes
7288-YNDN,Female,0,No,No,70,Yes,No,DSL,Yes,No,Yes,Yes,Yes,Yes,One year,No,Mailed check,76.77,5347.54,No
7289-JUAB,Male,0,No,Yes,22,No,No phone service,Fiber optic,Yes,Yes,No,Yes,Yes,No,Month-to-month,No,Electronic check,89.86,1932.83,Yes
7290-DAET,Female,0,Yes,No,46,Yes,Yes,No,No internet service,No internet service,No internet service,No internet service,No internet service,No internet service,Month-to-month,No,Bank transfer (automatic),21.78,1016.31,No
7291-VXQF,Male,0,No,No,26,Yes,Yes,Fiber optic,No,No,No,Yes,No,No,Month-to-month,No,Credit card (automatic),79.66,2102.18,No
7292-YIXT,Female,0,No,No,17,Yes,Yes,Fiber optic,No,No,No,Yes,No,No,Month-to-month,Yes,Electronic check,83.09,1393.93,No
7293-SNHP,Male,0,No,No,24,No,No phone service,Fiber optic,Yes,No,No,No,No,Yes,One year,Yes,Electronic check,83.72,2059.90,No
7294-DAVW,Female,0,No,No,44,Yes,No,DSL,No,Yes,Yes,Yes,Yes,No,Two year,Yes,Electronic check,74.49,3291.53,No
7295-VEAT,Female,0,Yes,Yes,9,Yes,No,Fiber optic,No,No,No,Yes,Yes,No,Month-to-month,Yes,Electronic check,85.16,781.74,Yes
7296-SBJZ,Female,0,No,No,15,Yes,No,DSL,No,No,Yes,No,No,No,Month-to-month,Yes,Mailed check,54.14,831.75,No
7297-BXIX,Male,1,Yes,Yes,67,Yes,No,Fiber optic,Yes,Yes,Yes,Yes,No,No,Month-to-month,No,Electronic check,100.76,6850.02,No
7298-HAOG,Male,0,Yes,No,7,Yes,Yes,DSL,Yes,No,Yes,Yes,Yes,No,Two year,No,Credit card (automatic),73.02,523.71,No
7299-MZTQ,Male,0,No,No,53,Yes,Yes,No,No internet service,No internet service,No internet service,No internet service,No internet service,No internet service,One year,No,Electronic check,27.05,1427.22,No
7300-ZDMO,Male,0,Yes,No,22,Yes,No,Fiber optic,No,Yes,No,Yes,Yes,No,Two year,Yes,Electronic check,90.43,2030.02,No
7301-VYRY,Female,0,Yes,No,23,Yes,No,No,No internet service,No internet service,No internet service,No internet service,No internet service,No internet service,Month-to-month,No,Electronic check,18.94,443.06,No
7302-NFLK,Male,0,Yes,No,27,Yes,No,Fiber optic,Yes,No,Yes,No,Yes,Yes,One year,No,Mailed check,96.57,2653.93,No
7303-PHHB,Female,0,No,No,28,Yes,No,Fiber optic,Yes,No,Yes,Yes,Yes,Yes,Two year,No,Credit card (automatic),102.53,2800.54,No
7304-UYFR,Female,0,No,Yes,52,Yes,Yes,DSL,Yes,No,Yes,Yes,No,No,Month-to-month,No,Bank transfer (automatic),70.67,3697.93,No
7305-ZSND,Male,0,Yes,No,58,Yes,No,Fiber optic,No,Yes,Yes,Yes,No,Yes,Two year,Yes,Credit card (automatic),100.14,5649.62,No
7306-BHOO,Male,1,Yes,No,27,Yes,Yes,Fiber optic,Yes,Yes,No,No,No,No,Month-to-month,Yes,Mailed check,87.17,2331.34,No
7307-HKWY,Female,0,No,No,13,Yes,Yes,Fiber optic,No,Yes,Yes,Yes,Yes,No,Two year,No,Electronic check,100.45,1279.82,No
7308-FURJ,Male,0,Yes,No,1,Yes,Yes,Fiber optic,Yes,No,No,No,Yes,Yes,Month-to-month,No,Credit card (automatic),98.25,97.52,Yes
7309-XURQ,Male,0,No,No,53,Yes,Yes,DSL,No,No,Yes,No,No,No,Month-to-month,No,Bank transfer (automatic),56.91,3036.16,No
7310-QYJL,Female,0,No,No,67,Yes,Yes,DSL,No,Yes,No,Yes,Yes,Yes,Month-to-month,Yes,Mailed check,75.44,4999.92,No
7311-ZQWX,Female,0,Yes,No,3,Yes,Yes,DSL,No,No,No,No,Yes,Yes,Month-to-month,No,Mailed check,61.04,182.37,Yes
7312-QXYR,Male,0,No,Yes,43,Yes,Yes,DSL,Yes,Yes,Yes,Yes,No,Yes,Month-to-month,Yes,Electronic check,87.43,3720.05,Yes
7313-DYCQ,Male,0,Yes,No,16,Yes,No,Fiber optic,Yes,No,Yes,Yes,Yes,Yes,Month-to-month,Yes,Mailed check,98.74,1542.83,No
7314-CFKB,Male,0,No,No,16,Yes,No,Fiber optic,Yes,No,No,No,No,Yes,Month-to-month,Yes,Electronic check,81.03,1325.39,Yes
7315-YCKE,Female,0,Yes,No,60,Yes,No,Fiber optic,No,Yes,Yes,Yes,No,Yes,Month-to-month,No,Mailed check,96.86,5837.22,No
7316-KRDG,Female,0,No,No,19,Yes,No,DSL,Yes,No,No,No,No,No,Month-to-month,No,Electronic check,53.45,986.77,No
7317-TBBC,Female,0,No,No,22,Yes,Yes,Fiber optic,Yes,No,No,Yes,Yes,No,One year,Yes,Mailed check,92.92,2079.45,No
7318-DPZO,Female,0,No,No,9,Yes,No,DSL,Yes,Yes,Yes,No,No,No,Month-to-month,Yes,Bank transfer (automatic),60.61,552.13,Yes
7319-BIQW,Female,0,No,No,66,Yes,Yes,DSL,Yes,Yes,No,Yes,Yes,Yes,One year,Yes,Credit card (automatic),82.51,5418.63,No
7320-KKPV,Male,0,Yes,No,66,Yes,Yes,No,No internet service,No internet service,No internet service,No internet service,No internet service,No internet service,One year,No,Electronic check,24.31,1602.25,No
7321-PZWU,Male,0,No,No,66,Yes,No,Fiber optic,Yes,No,Yes,Yes,Yes,No,Month-to-month,Yes,Credit card (automatic),98.95,6553.24,No
7322-NZCO,Female,1,No,No,17,Yes,Yes,DSL,Yes,No,No,Yes,No,Yes,Month-to-month,Yes,Mailed check,68.24,1128.68,No
7323-WXEC,Female,0,Yes,No,14,Yes,No,DSL,Yes,No,No,Yes,Yes,No,One year,Yes,Mailed check,67.47,928.54,No
7324-UKHS,Female,0,Yes,Yes,68,Yes,Yes,Fiber optic,Yes,No,No,No,No,Yes,Two year,No,Electronic check,89.81,5947.45,No
7325-KRLF,Male,0,Yes,No,45,No,No phone service,Fiber optic,Yes,Yes,Yes,No,No,No,Month-to-month,Yes,Electronic check,88.44,3979.95,Yes
7326-TXHI,Male,0,Yes,Yes,20,Yes,Yes,DSL,No,Yes,No,Yes,Yes,Yes,Month-to-month,Yes,Credit card (automatic),77.09,1505.96,No
7327-UGXX,Male,0,No,No,4,Yes,Yes,Fiber optic,Yes,Yes,No,Yes,Yes,Yes,Month-to-month,Yes,Mailed check,104.79,409.30,Yes
7328-YYVG,Male,0,Yes,Yes,58,Yes,No,Fiber optic,Yes,No,No,Yes,Yes,Yes,Two year,Yes,Electronic check,93.96,5454.64,No
7329-BRMS,Female,0,No,No,58,Yes,No,Fiber optic,No,No,No,No,No,Yes,One year,No,Credit card (automatic),79.03,4533.39,No
7330-DFLN,Female,0,No,No,1,Yes,Yes,Fiber optic,Yes,No,Yes,No,No,No,Month-to-month,Yes,Credit card (automatic),89.28,86.95,Yes
7331-XYYG,Male,0,Yes,No,35,Yes,No,No,No internet service,No internet service,No internet service,No internet service,No internet service,No internet service,One year,No,Mailed check,18.3,644.15,No
7332-FUEZ,Male,0,No,No,35,Yes,Yes,DSL,Yes,No,Yes,No,No,No,Two year,Yes,Electronic check,62.76,2232.55,No
7333-VURJ,Female,0,Yes,Yes,34,No,No phone service,DSL,Yes,No,No,No,No,Yes,One year,No,Mailed check,55.3,1913.45,No
7334-TFVE,Male,0,Yes,Yes,27,Yes,No,DSL,Yes,Yes,No,Yes,Yes,No,Month-to-month,Yes,Bank transfer (automatic),69.49,1841.71,No
7335-CZUW,Female,0,Yes,Yes,24,No,No phone service,DSL,Yes,No,Yes,No,Yes,Yes,Month-to-month,No,Electronic check,71.09,1663.47,Yes
7336-AGQM,Female,0,Yes,No,25,Yes,No,DSL,No,Yes,Yes,Yes,No,Yes,Month-to-month,No,Mailed check,74.78,1829.05,Yes
7337-ESLV,Male,0,Yes,No,67,No,No phone service,DSL,Yes,No,Yes,No,Yes,No,Two year,Yes,Credit card (automatic),62.61,4261.86,No
7338-NXQW,Male,0,Yes,No,72,Yes,No,No,No internet service,No internet service,No internet service,No internet service,No internet service,No internet service,One year,No,Credit card (automatic),18.33,1313.62,No
7339-WWQI,Female,0,Yes,No,9,Yes,No,No,No internet service,No internet service,No internet service,No internet service,No internet service,No internet service,Month-to-month,Yes,Mailed check,19.46,174.52,No
7340-SZSL,Female,0,Yes,Yes,52,Yes,Yes,Fiber optic,No,Yes,No,No,No,No,Two year,Yes,Credit card (automatic),84.08,4432.50,No
7341-ESID,Male,0,No,No,42,Yes,Yes,Fiber optic,Yes,Yes,No,Yes,Yes,No,One year,Yes,Mailed check,94.42,3981.92,No
7342-JAEE,Female,1,Yes,No,19,Yes,No,Fiber optic,Yes,No,No,No,No,No,Month-to-month,Yes,Mailed check,76.8,1431.47,No
7343-KMQB,Female,0,No,No,14,Yes,Yes,Fiber optic,No,No,No,Yes,Yes,Yes,One year,No,Electronic check,100.31,1435.78,Yes
7344-CRTP,Female,0,No,Yes,55,Yes,Yes,Fiber optic,Yes,No,Yes,No,No,Yes,Two year,Yes,Electronic check,93.73,5096.55,No
7345-BLFK,Male,0,No,No,27,Yes,No,DSL,Yes,Yes,Yes,Yes,No,No,Two year,Yes,Bank transfer (automatic),68.93,1829.81,No
7346-SQIA,Female,0,No,No,10,Yes,Yes,No,No internet service,No internet service,No internet service,No internet service,No internet service,No internet service,Month-to-month,Yes,Bank transfer (automatic),24.65,251.31,No
7347-WCWB,Female,0,No,Yes,70,Yes,Yes,Fiber optic,No,No,No,Yes,No,Yes,Two year,No,Bank transfer (automatic),90.23,6419.08,No
7348-NZGZ,Male,0,No,No,67,Yes,Yes,DSL,Yes,Yes,Yes,No,No,Yes,Month-to-month,No,Bank transfer (automatic),74.37,4922.38,No
7349-QIXD,Male,0,No,No,31,Yes,Yes,Fiber optic,No,Yes,No,No,Yes,No,Month-to-month,No,Electronic check,88.3,2767.42,Yes
7350-YPMQ,Female,0,No,No,31,Yes,No,DSL,No,No,Yes,Yes,Yes,Yes,One year,Yes,Credit card (automatic),63.04,1966.92,No
7351-GSVK,Male,0,Yes,No,31,Yes,Yes,No,No internet service,No internet service,No internet service,No internet service,No internet service,No internet service,Month-to-month,Yes,Bank transfer (automatic),27.07,816.35,No
7352-EPLI,Male,1,No,No,14,Yes,Yes,Fiber optic,Yes,Yes,Yes,Yes,No,Yes,Month-to-month,No,Credit card (automatic),113.75,1584.08,Yes
7353-RACE,Male,0,No,No,8,Yes,No,No,No internet service,No internet service,No internet service,No internet service,No internet service,No internet service,One year,No,Bank transfer (automatic),21.21,168.98,Yes
7354-JAVC,Female,0,Yes,No,20,No,No phone service,No,No internet service,No internet service,No internet service,No internet service,No internet service,No internet service,Month-to-month,Yes,Mailed check,22.38,448.49,No
7355-GEJE,Female,1,No,No,28,Yes,Yes,Fiber optic,No,No,No,No,No,Yes,Month-to-month,No,Bank transfer (automatic),81.04,2290.53,No
7356-GEOT,Male,0,No,No,12,Yes,Yes,No,No internet service,No internet service,No internet service,No internet service,No internet service,No internet service,Two year,Yes,Electronic check,24.07,283.02,No
7357-LZNZ,Female,0,No,No,3,Yes,No,No,No internet service,No internet service,No internet service,No internet service,No internet service,No internet service,Two year,Yes,Mailed check,18.32,54.94,No
7358-QEZW,Male,0,Yes,No,68,Yes,No,DSL,Yes,Yes,No,Yes,Yes,No,Month-to-month,Yes,Bank transfer (automatic),73.76,4897.34,No
7359-JUGJ,Female,1,Yes,No,64,No,No phone service,DSL,No,Yes,Yes,No,Yes,No,Two year,No,Electronic check,60.4,3883.42,No
7360-OSWB,Female,0,Yes,No,23,No,No phone service,Fiber optic,Yes,Yes,Yes,No,No,Yes,Month-to-month,Yes,Credit card (automatic),101.1,2325.70,Yes
7361-REFD,Female,0,No,Yes,45,Yes,No,Fiber optic,Yes,Yes,No,Yes,No,No,Month-to-month,Yes,Mailed check,93.8,4164.73,Yes
7362-TFCR,Male,1,No,No,11,Yes,No,Fiber optic,No,Yes,Yes,Yes,No,Yes,One year,No,Credit card (automatic),93.73,1029.35,Yes
7363-LOSL,Female,0,No,No,67,Yes,No,Fiber optic,No,No,No,Yes,Yes,Yes,Month-to-month,Yes,Credit card (automatic),93.13,6331.51,Yes
7364-HMMW,Male,1,Yes,Yes,59,Yes,No,No,No internet service,No internet service,No internet service,No internet service,No internet service,No internet service,One year,No,Electronic check,19.61,1145.64,No
7365-HDUS,Female,1,Yes,No,13,Yes,No,Fiber optic,Yes,Yes,Yes,Yes,Yes,Yes,One year,No,Electronic check,113.37,1458.53,No
7366-BEVO,Male,1,No,No,16,No,No phone service,Fiber optic,No,No,Yes,No,Yes,Yes,One year,Yes,Electronic check,93.74,1512.75,No
7367-OEBN,Male,0,No,No,24,Yes,Yes,Fiber optic,No,Yes,Yes,No,Yes,Yes,Two year,Yes,Electronic check,106.61,2518.41,No
7368-DBPR,Male,0,No,No,7,Yes,No,No,No internet service,No internet service,No internet service,No internet service,No internet service,No internet service,Two year,Yes,Electronic check,22.72,159.80,No
7369-SNCB,Female,0,Yes,No,25,Yes,Yes,DSL,No,No,No,Yes,Yes,No,Month-to-month,No,Electronic check,66.68,1621.01,Yes
7370-VBDR,Male,0,Yes,No,49,Yes,No,Fiber optic,Yes,No,No,Yes,Yes,Yes,Month-to-month,Yes,Mailed check,98.21,4879.29,Yes
7371-YELH,Female,0,No,Yes,53,Yes,No,Fiber optic,No,Yes,Yes,Yes,Yes,No,Month-to-month,Yes,Bank transfer (automatic),96.42,5250.77,No
7372-HWYU,Male,1,No,No,1,Yes,Yes,Fiber optic,No,No,Yes,Yes,No,Yes,One year,No,Bank transfer (automatic),96.41,95.09,Yes
7373-QPUX,Male,0,Yes,No,26,Yes,Yes,DSL,Yes,Yes,No,No,Yes,Yes,Month-to-month,No,Credit card (automatic),75.54,1964.13,Yes
7374-QPHD,Female,0,No,No,60,Yes,No,No,No internet service,No internet service,No internet service,No internet service,No internet service,No internet service,Month-to-month,Yes,Electronic check,22.86,1337.67,No
7375-QMBC,Male,0,No,No,63,Yes,Yes,DSL,Yes,Yes,Yes,No,No,No,Month-to-month,Yes,Credit card (automatic),74.94,4613.52,No
7376-DWKZ,Female,0,No,No,41,Yes,No,DSL,No,No,Yes,Yes,No,No,One year,Yes,Bank transfer (automatic),58.16,2376.96,No
7377-TMUY,Female,0,Yes,No,53,Yes,No,No,No internet service,No internet service,No internet service,No internet service,No internet service,No internet service,Two year,Yes,Bank transfer (automatic),18.25,947.62,No
7378-KZWH,Male,0,Yes,Yes,18,Yes,Yes,Fiber optic,No,Yes,No,Yes,No,No,Month-to-month,Yes,Electronic check,87.17,1600.34,Yes
7379-LMKF,Male,0,No,Yes,63,Yes,Yes,Fiber optic,No,Yes,No,No,Yes,Yes,One year,Yes,Mailed check,93.38,6057.68,No
7380-WXTU,Male,0,No,No,35,Yes,Yes,Fiber optic,No,No,Yes,No,No,No,Two year,Yes,Mailed check,85.92,3047.14,No
7381-NLBW,Female,0,No,No,50,Yes,Yes,DSL,No,Yes,Yes,Yes,No,Yes,Month-to-month,Yes,Mailed check,79.59,4034.37,Yes
7382-XQOB,Female,0,No,Yes,19,Yes,Yes,DSL,No,Yes,Yes,Yes,No,No,Month-to-month,No,Mailed check,75.86,1470.97,Yes
7383-JLIJ,Male,0,Yes,Yes,13,Yes,Yes,No,No internet service,No internet service,No internet service,No internet service,No internet service,No internet service,Two year,Yes,Electronic check,26.3,338.18,No
7384-SHLT,Male,0,Yes,No,39,Yes,Yes,DSL,Yes,Yes,No,No,No,Yes,Month-to-month,Yes,Electronic check,69.22,2772.36,No
7385-PXCL,Male,1,Yes,Yes,38,Yes,No,DSL,No,No,Yes,Yes,Yes,Yes,One year,Yes,Bank transfer (automatic),65.03,2411.58,Yes
7386-TPAB,Male,0,No,Yes,42,Yes,No,Fiber optic,No,Yes,No,Yes,Yes,Yes,Month-to-month,No,Electronic check,95.29,4024.94,Yes
7387-KCJN,Female,0,Yes,Yes,59,Yes,No,No,No internet service,No internet service,No internet service,No internet service,No internet service,No internet service,Two year,Yes,Bank transfer (automatic),22.16,1304.25,No
7388-DLWH,Female,0,No,No,56,Yes,No,Fiber optic,No,Yes,No,No,Yes,No,Two year,Yes,Mailed check,84.72,4695.24,No
7389-TRVC,Male,0,No,No,22,Yes,No,DSL,No,Yes,Yes,No,No,No,Two year,No,Credit card (automatic),60.05,1347.93,No
7390-BVWX,Female,1,No,No,34,Yes,No,DSL,Yes,Yes,No,No,Yes,Yes,One year,Yes,Mailed check,67.11,2234.36,No
7391-HMXP,Male,0,No,No,7,Yes,Yes,No,No internet service,No internet service,No internet service,No internet service,No internet service,No internet service,Month-to-month,Yes,Credit card (automatic),26.63,181.19,No
7392-IQLY,Male,0,No,Yes,57,Yes,Yes,Fiber optic,Yes,Yes,No,Yes,No,No,Month-to-month,Yes,Electronic check,96.36,5524.14,Yes
7393-AFQI,Female,0,No,No,10,Yes,No,No,No internet service,No internet service,No internet service,No internet service,No internet service,No internet service,Month-to-month,No,Electronic check,21.52,220.50,No
7394-YUCG,Female,0,No,No,5,Yes,Yes,Fiber optic,Yes,No,No,Yes,No,Yes,One year,No,Electronic check,98.34,499.49,No
7395-EXYZ,Female,0,Yes,No,38,Yes,Yes,Fiber optic,Yes,No,No,Yes,Yes,No,One year,No,Credit card (automatic),100.69,3894.48,No
7396-GVIW,Male,0,Yes,No,67,Yes,Yes,No,No internet service,No internet service,No internet service,No internet service,No internet service,No internet service,Month-to-month,Yes,Bank transfer (automatic),25.76,1734.34,No
7397-PXRP,Male,0,No,No,28,Yes,Yes,Fiber optic,No,No,Yes,Yes,No,Yes,Two year,Yes,Electronic check,102.5,2885.26,No
7398-ELNE,Male,0,No,No,14,Yes,Yes,DSL,Yes,Yes,No,No,No,Yes,Month-to-month,Yes,Electronic check,72.81,1034.84,Yes
7399-FTLU,Male,1,No,No,14,Yes,No,DSL,Yes,Yes,Yes,Yes,No,No,Month-to-month,Yes,Credit card (automatic),78.45,1123.44,No
7400-AFXJ,Female,0,Yes,Yes,61,Yes,No,Fiber optic,No,Yes,No,Yes,No,Yes,One year,Yes,Credit card (automatic),92.97,5537.06,No
7401-XJDE,Female,1,No,Yes,48,Yes,Yes,DSL,No,Yes,No,Yes,No,Yes,One year,Yes,Electronic check,72.34,3407.52,No
7402-WMAZ,Male,0,No,No,36,Yes,No,DSL,Yes,Yes,No,No,Yes,No,Month-to-month,Yes,Electronic check,63.75,2319.04,Yes
7403-CWMC,Female,0,No,No,67,Yes,No,Fiber optic,No,No,Yes,Yes,No,Yes,Two year,No,Credit card (automatic),90.78,6261.70,No
7404-OKMX,Male,0,Yes,No,8,Yes,Yes,Fiber optic,No,Yes,No,No,No,Yes,Month-to-month,Yes,Mailed check,88.42,722.68,Yes
7405-KCUA,Female,0,No,Yes,45,Yes,No,Fiber optic,No,Yes,No,No,Yes,No,Month-to-month,Yes,Electronic check,84.26,3861.81,Yes
7406-XRBT,Male,0,No,Yes,26,Yes,Yes,No,No internet service,No internet service,No internet service,No internet service,No internet service,No internet service,Two year,Yes,Credit card (automatic),28.56,734.23,No
7407-RRRT,Male,1,No,No,17,Yes,Yes,DSL,Yes,Yes,No,Yes,No,Yes,Month-to-month,Yes,Bank transfer (automatic),78.25,1330.16,No
7408-JNPH,Female,0,Yes,No,67,Yes,No,Fiber optic,No,Yes,No,Yes,Yes,No,Month-to-month,No,Electronic check,88.97,5952.28,Yes
7409-IHIH,Male,0,No,No,69,Yes,No,Fiber optic,No,Yes,No,Yes,Yes,No,Month-to-month,Yes,Mailed check,86.07,5983.12,No
7410-SKEF,Male,0,Yes,No,61,Yes,Yes,Fiber optic,No,Yes,Yes,Yes,Yes,No,Month-to-month,No,Mailed check,108.36,6583.81,No
7411-LIYI,Male,0,Yes,No,11,Yes,No,Fiber optic,Yes,No,No,Yes,No,Yes,Month-to-month,No,Mailed check,89.53,990.25,No
7412-YSNG,Male,0,Yes,No,53,Yes,Yes,Fiber optic,No,No,Yes,Yes,Yes,Yes,Two year,No,Bank transfer (automatic),99.27,5384.32,No
7413-VYTZ,Male,0,No,No,26,Yes,No,No,No internet service,No internet service,No internet service,No internet service,No internet service,No internet service,One year,No,Electronic check,22.58,584.26,No
7414-JWUN,Male,0,No,Yes,28,Yes,Yes,No,No internet service,No internet service,No internet service,No internet service,No internet service,No internet service,Month-to-month,Yes,Mailed check,23.33,635.66,Yes
7415-ZMLI,Female,0,Yes,No,14,Yes,Yes,No,No internet service,No internet service,No internet service,No internet service,No internet service,No internet service,Two year,No,Mailed check,28.1,387.97,No
7416-KOXH,Female,0,Yes,No,43,Yes,Yes,No,No internet service,No internet service,No internet service,No internet service,No internet service,No internet service,Two year,Yes,Bank transfer (automatic),29.96,1303.75,No
7417-QNBQ,Male,0,Yes,No,62,Yes,Yes,Fiber optic,Yes,Yes,Yes,No,No,Yes,Month-to-month,No,Electronic check,101.17,6420.89,Yes
7418-LWIV,Male,0,Yes,No,17,Yes,No,Fiber optic,No,Yes,Yes,No,Yes,Yes,Month-to-month,No,Credit card (automatic),88.72,1492.18,Yes
7419-DVYY,Female,0,No,Yes,39,Yes,No,Fiber optic,Yes,Yes,No,Yes,Yes,No,Month-to-month,Yes,Mailed check,95.9,3629.04,No
7420-CRXS,Female,0,Yes,No,47,Yes,No,Fiber optic,No,Yes,No,Yes,No,No,One year,Yes,Credit card (automatic),83.52,4029.53,No
7421-IQTO,Female,0,Yes,No,46,Yes,Yes,DSL,No,Yes,No,Yes,No,No,Month-to-month,No,Mailed check,63.24,2987.74,No
7422-OCLJ,Female,0,No,Yes,19,Yes,No,Fiber optic,Yes,Yes,Yes,Yes,Yes,Yes,Two year,Yes,Credit card (automatic),109.96,2144.72,No
7423-RDFP,Female,1,Yes,No,3,Yes,Yes,No,No internet service,No internet service,No internet service,No internet service,No internet service,No internet service,Month-to-month,No,Electronic check,31.74,97.90,Yes
7424-AFPS,Male,0,No,Yes,60,Yes,Yes,Fiber optic,No,No,Yes,Yes,Yes,No,One year,No,Credit card (automatic),94.74,5789.73,No
7425-LHHE,Male,0,No,No,43,Yes,Yes,DSL,Yes,No,Yes,Yes,No,Yes,Month-to-month,Yes,Bank transfer (automatic),80.62,3532.97,Yes
7426-DHUO,Female,1,No,No,51,Yes,No,Fiber optic,Yes,Yes,Yes,No,No,No,Month-to-month,Yes,Mailed check,90.32,4539.23,No
7427-LMYZ,Female,0,No,Yes,39,Yes,Yes,Fiber optic,No,Yes,No,Yes,Yes,Yes,One year,No,Electronic check,109.49,4388.14,No
7428-VAZZ,Male,0,Yes,No,28,Yes,No,No,No internet service,No internet service,No internet service,No internet service,No internet service,No internet service,Two year,No,Credit card (automatic),19.92,564.08,No
7429-IEVF,Female,1,No,No,19,Yes,Yes,DSL,No,Yes,Yes,No,Yes,Yes,Month-to-month,No,Mailed check,73.02,1358.79,No
7430-PAFM,Male,1,No,No,48,Yes,No,Fiber optic,Yes,Yes,No,Yes,No,Yes,One year,Yes,Bank transfer (automatic),97.99,4795.41,No
7431-XRUE,Female,0,Yes,No,60,No,No phone service,Fiber optic,Yes,No,Yes,Yes,Yes,No,One year,Yes,Mailed check,98.61,5784.10,No
7432-FGRU,Female,0,No,Yes,24,Yes,Yes,Fiber optic,Yes,No,Yes,No,No,Yes,One year,Yes,Electronic check,93.75,2266.85,Yes
7433-MZUD,Male,0,No,No,2,Yes,No,DSL,No,No,Yes,Yes,Yes,No,One year,Yes,Electronic check,64.43,126.39,No
7434-EAAV,Male,1,No,No,12,Yes,No,No,No internet service,No internet service,No internet service,No internet service,No internet service,No internet service,Month-to-month,Yes,Credit card (automatic),20.88,253.96,No
7435-IBVC,Male,1,No,Yes,42,Yes,No,No,No internet service,No internet service,No internet service,No internet service,No internet service,No internet service,Month-to-month,No,Electronic check,18.25,789.45,No
7436-RQAQ,Female,0,Yes,No,17,Yes,No,Fiber optic,No,Yes,No,Yes,No,Yes,One year,No,Mailed check,91.6,1552.68,No
7437-EYTP,Female,0,No,Yes,59,No,No phone service,DSL,Yes,No,Yes,No,No,Yes,One year,No,Bank transfer (automatic),62.59,3648.12,No
7438-AQDA,Male,0,No,Yes,20,Yes,No,Fiber optic,No,No,No,Yes,No,Yes,One year,Yes,Bank transfer (automatic),84.63,1705.22,No
7439-YIOP,Male,0,No,No,36,Yes,Yes,Fiber optic,Yes,Yes,Yes,No,No,No,Month-to-month,Yes,Electronic check,93.11,3394.91,No
7440-HMND,Female,0,Yes,No,17,Yes,Yes,Fiber optic,No,No,Yes,Yes,No,Yes,Month-to-month,Yes,Bank transfer (automatic),102.39,1767.20,No
7441-GEXK,Male,0,No,No,33,Yes,Yes,Fiber optic,Yes,Yes,Yes,No,No,Yes,One year,Yes,Electronic check,110.12,3573.08,Yes
7442-DOTD,Male,0,No,No,49,Yes,Yes,Fiber optic,Yes,Yes,No,No,Yes,Yes,One year,Yes,Credit card (automatic),104.9,5042.07,No
7443-HFIZ,Male,0,Yes,Yes,58,Yes,No,No,No internet service,No internet service,No internet service,No internet service,No internet service,No internet service,One year,No,Credit card (automatic),18.25,1076.00,No
7444-BDYO,Female,0,No,No,54,No,No phone service,No,No internet service,No internet service,No internet service,No internet service,No internet service,No internet service,Month-to-month,Yes,Credit card (automatic),19.26,1035.67,No
7445-JAZA,Female,0,No,Yes,37,Yes,Yes,Fiber optic,No,No,No,Yes,Yes,No,One year,Yes,Electronic check,93.03,3485.16,No
7446-PQQU,Male,0,No,Yes,33,Yes,Yes,DSL,No,Yes,Yes,No,Yes,No,Two year,No,Mailed check,67.42,2249.79,No
7447-IEEI,Female,0,No,Yes,24,Yes,No,DSL,Yes,No,Yes,Yes,No,No,Month-to-month,Yes,Credit card (automatic),64.22,1555.08,No
7448-IRKC,Female,1,Yes,Yes,72,Yes,No,DSL,Yes,Yes,Yes,No,No,No,Month-to-month,Yes,Credit card (automatic),68.41,4922.05,Yes
7449-ACSV,Male,0,No,No,53,Yes,No,Fiber optic,Yes,No,Yes,Yes,Yes,Yes,Month-to-month,No,Credit card (automatic),100.26,5207.96,No
7450-MWPF,Female,0,No,No,65,Yes,No,Fiber optic,Yes,No,Yes,Yes,No,Yes,Month-to-month,No,Bank transfer (automatic),94.34,6314.07,Yes
7451-HRAQ,Female,0,No,No,54,Yes,No,No,No internet service,No internet service,No internet service,No internet service,No internet service,No internet service,One year,Yes,Credit card (automatic),18.25,989.94,No
7452-PVXL,Male,0,Yes,No,7,Yes,No,Fiber optic,No,No,No,No,Yes,Yes,Month-to-month,No,Electronic check,80.57,569.18,Yes
7453-LNMG,Male,0,Yes,Yes,20,No,No phone service,DSL,Yes,Yes,No,Yes,Yes,Yes,Month-to-month,Yes,Electronic check,82.76,1689.08,No
7454-QUBZ,Female,0,No,No,34,Yes,Yes,Fiber optic,Yes,No,Yes,No,Yes,Yes,Two year,No,Bank transfer (automatic),103.15,3422.24,No
7455-IIZC,Female,0,Yes,No,23,Yes,Yes,Fiber optic,Yes,Yes,Yes,Yes,Yes,No,Two year,No,Credit card (automatic),117.58,2652.51,No
7456-PLWA,Male,0,No,No,66,Yes,No,DSL,No,Yes,No,Yes,Yes,No,Two year,Yes,Electronic check,66.49,4383.80,No
7457-KSJQ,Female,0,No,No,36,Yes,Yes,Fiber optic,No,Yes,No,Yes,Yes,No,One year,No,Credit card (automatic),99.1,3516.75,No
7458-XHXT,Female,0,No,Yes,16,Yes,Yes,DSL,Yes,No,Yes,Yes,No,Yes,Month-to-month,Yes,Electronic check,76.62,1208.70,Yes
7459-GTUM,Male,0,Yes,No,44,Yes,Yes,DSL,Yes,Yes,No,Yes,Yes,No,Month-to-month,No,Bank transfer (automatic),83.29,3593.74,Yes
7460-SMDQ,Female,0,No,No,28,No,No phone service,Fiber optic,No,Yes,Yes,Yes,No,Yes,Month-to-month,Yes,Mailed check,103.28,2909.28,No
7461-EYNC,Male,0,Yes,Yes,10,Yes,No,No,No internet service,No internet service,No internet service,No internet service,No internet service,No internet service,Month-to-month,Yes,Bank transfer (automatic),18.25,183.51,No
7462-PVVI,Female,0,No,No,69,Yes,Yes,No,No internet service,No internet service,No internet service,No internet service,No internet service,No internet service,Two year,Yes,Mailed check,28.25,1992.26,No
7463-NOHL,Male,0,No,No,69,Yes,Yes,DSL,Yes,No,Yes,Yes,No,Yes,Two year,No,Electronic check,80.43,5557.60,No
7464-IAFJ,Male,0,No,No,56,Yes,Yes,Fiber optic,No,No,Yes,No,Yes,No,Month-to-month,Yes,Credit card (automatic),90.62,5135.83,Yes
7465-WYQG,Female,0,Yes,No,23,Yes,No,No,No internet service,No internet service,No internet service,No internet service,No internet service,No internet service,Month-to-month,Yes,Credit card (automatic),20.54,470.17,No
7466-STCA,Male,1,Yes,No,60,Yes,Yes,No,No internet service,No internet service,No internet service,No internet service,No internet service,No internet service,One year,No,Bank transfer (automatic),27.48,1636.55,No
7467-MGQM,Female,1,No,No,21,Yes,No,No,No internet service,No internet service,No internet service,No internet service,No internet service,No internet service,One year,No,Credit card (automatic),18.25,391.72,No
7468-CMMZ,Male,1,No,No,64,Yes,No,Fiber optic,No,No,No,Yes,No,No,One year,No,Electronic check,79.8,5258.21,No
7469-VRYP,Female,0,No,No,64,Yes,Yes,No,No internet service,No internet service,No internet service,No internet service,No internet service,No internet service,Two year,No,Mailed check,30.82,1917.38,No
7470-HSEZ,Female,0,No,Yes,13,Yes,No,Fiber optic,Yes,Yes,No,Yes,Yes,Yes,Month-to-month,Yes,Mailed check,101.16,1327.43,No
7471-EKLS,Female,0,No,No,23,Yes,Yes,DSL,No,No,No,Yes,No,Yes,Month-to-month,Yes,Bank transfer (automatic),65.93,1493.96,No
7472-NNQQ,Male,0,Yes,No,51,Yes,Yes,DSL,No,No,Yes,Yes,No,No,Month-to-month,Yes,Electronic check,69.33,3480.70,No
7473-SGCV,Male,0,No,No,17,Yes,Yes,No,No internet service,No internet service,No internet service,No internet service,No internet service,No internet service,Month-to-month,Yes,Electronic check,24.34,417.35,Yes
7474-PMAN,Female,0,No,No,58,Yes,Yes,No,No internet service,No internet service,No internet service,No internet service,No internet service,No internet service,Month-to-month,Yes,Mailed check,27.4,1551.11,No
7475-GWGE,Female,0,No,No,49,No,No phone service,Fiber optic,No,No,No,No,Yes,Yes,Two year,Yes,Bank transfer (automatic),83.88,4228.43,No
7476-WQBB,Female,0,Yes,No,17,Yes,No,Fiber optic,Yes,Yes,No,No,No,Yes,Month-to-month,No,Bank transfer (automatic),92.03,1609.58,No
7477-EDEC,Male,0,No,Yes,56,Yes,Yes,DSL,No,Yes,No,Yes,Yes,Yes,Month-to-month,No,Credit card (automatic),72.77,4033.19,No
7478-JSXJ,Female,0,Yes,Yes,4,Yes,Yes,Fiber optic,No,No,Yes,No,Yes,No,Month-to-month,Yes,Credit card (automatic),95.68,386.63,Yes
7479-SZPB,Male,0,No,No,28,Yes,No,Fiber optic,No,Yes,Yes,No,Yes,Yes,Two year,No,Bank transfer (automatic),96.91,2646.95,No
7480-FAEV,Male,1,No,No,13,Yes,Yes,Fiber optic,No,Yes,No,Yes,Yes,No,One year,No,Electronic check,96.76,1222.09,Yes
7481-DNET,Female,0,No,No,1,Yes,Yes,Fiber optic,No,No,No,Yes,Yes,Yes,Month-to-month,No,Credit card (automatic),92.89,91.24,No
7482-BVUT,Male,0,Yes,No,54,Yes,No,Fiber optic,Yes,No,No,No,No,No,Month-to-month,Yes,Bank transfer (automatic),79.1,4160.44,No
7483-CTPI,Female,0,Yes,No,11,Yes,Yes,No,No internet service,No internet service,No internet service,No internet service,No internet service,No internet service,Two year,No,Credit card (automatic),24.44,260.78,No
7484-VQCM,Male,0,Yes,No,50,Yes,Yes,No,No internet service,No internet service,No internet service,No internet service,No internet service,No internet service,One year,No,Mailed check,26.2,1278.59,No
7485-FZXD,Male,0,Yes,No,6,Yes,No,DSL,Yes,Yes,Yes,No,Yes,No,Month-to-month,No,Electronic check,73.22,426.34,Yes
7486-DGLL,Male,0,Yes,No,65,Yes,Yes,DSL,No,Yes,Yes,No,Yes,No,Month-to-month,Yes,Bank transfer (automatic),66.98,4287.34,No
7487-TEHR,Female,0,No,Yes,71,Yes,No,DSL,No,Yes,Yes,Yes,Yes,Yes,Month-to-month,No,Electronic check,85.56,6169.49,No
7488-VBPP,Female,0,Yes,Yes,23,Yes,Yes,DSL,No,No,No,No,No,Yes,Month-to-month,Yes,Credit card (automatic),56.04,1309.59,No
7489-EQGG,Female,0,Yes,No,36,Yes,Yes,Fiber optic,No,Yes,Yes,No,No,Yes,Month-to-month,Yes,Bank transfer (automatic),93.75,3314.68,Yes
7490-YEEJ,Female,1,No,No,45,Yes,No,Fiber optic,Yes,Yes,No,No,Yes,Yes,Month-to-month,No,Mailed check,99.62,4411.05,No
7491-EDGI,Female,0,Yes,No,43,Yes,Yes,DSL,No,Yes,Yes,No,Yes,No,Month-to-month,No,Electronic check,70.76,3050.25,No
7492-CZGN,Female,0,Yes,No,2,No,No phone service,No,No internet service,No internet service,No internet service,No internet service,No internet service,No internet service,One year,Yes,Electronic check,22.55,45.66,No
7493-UFAB,Female,0,No,No,71,No,No phone service,Fiber optic,No,No,Yes,Yes,Yes,No,Month-to-month,Yes,Electronic check,89.87,6244.86,No
7494-IKAV,Male,0,Yes,Yes,68,Yes,Yes,DSL,No,No,Yes,Yes,No,No,Two year,No,Electronic check,63.1,4313.97,No
7495-CFZG,Male,0,Yes,No,36,Yes,No,Fiber optic,No,No,Yes,Yes,Yes,Yes,One year,No,Electronic check,95.25,3336.51,No
7496-DLZA,Male,0,No,Yes,40,Yes,Yes,DSL,Yes,No,Yes,Yes,Yes,No,Two year,Yes,Bank transfer (automatic),72.22,2837.01,No
7497-PQXP,Male,0,Yes,No,13,Yes,Yes,Fiber optic,No,No,No,Yes,No,Yes,Two year,Yes,Electronic check,94.61,1205.96,Yes
7498-WMFE,Female,0,Yes,Yes,54,Yes,Yes,Fiber optic,Yes,Yes,Yes,No,No,Yes,One year,Yes,Mailed check,104.1,5555.45,No
7499-JKCY,Male,0,Yes,No,38,Yes,No,DSL,No,No,Yes,Yes,No,Yes,One year,Yes,Bank transfer (automatic),65.9,2540.69,No
7500-SCZN,Male,0,Yes,No,21,Yes,Yes,Fiber optic,No,No,Yes,Yes,Yes,Yes,Month-to-month,Yes,Electronic check,96.26,2022.78,Yes
7501-WPTL,Female,1,No,No,23,Yes,Yes,No,No internet service,No internet service,No internet service,No internet service,No internet service,No internet service,Two year,Yes,Credit card (automatic),27.03,632.81,No
7502-DMLV,Female,0,Yes,No,6,Yes,Yes,Fiber optic,No,No,Yes,No,Yes,Yes,Two year,Yes,Mailed check,95.13,583.48,Yes
7503-UKMB,Female,1,Yes,No,57,Yes,Yes,Fiber optic,No,Yes,Yes,No,Yes,Yes,Month-to-month,No,Bank transfer (automatic),97.41,5581.98,Yes
7504-GUOB,Male,0,Yes,No,5,Yes,Yes,No,No internet service,No internet service,No internet service,No internet service,No internet service,No internet service,Month-to-month,No,Electronic check,30.34,153.13,No
7505-OMHP,Male,0,No,No,41,Yes,Yes,No,No internet service,No internet service,No internet service,No internet service,No internet service,No internet service,One year,No,Electronic check,29.0,1154.42,No
7506-YAVD,Female,0,Yes,Yes,59,Yes,No,No,No internet service,No internet service,No internet service,No internet service,No internet service,No internet service,Month-to-month,No,Electronic check,18.25,1094.63,No
7507-RGVZ,Male,1,No,Yes,4,Yes,Yes,DSL,Yes,No,No,Yes,No,No,Two year,Yes,Electronic check,59.96,236.64,No
7508-WEZX,Male,0,Yes,Yes,11,Yes,Yes,DSL,Yes,No,Yes,Yes,No,Yes,Two year,Yes,Electronic check,81.98,913.62,No
7509-KXPX,Male,0,No,Yes,55,Yes,No,No,No internet service,No internet service,No internet service,No internet service,No internet service,No internet service,Month-to-month,Yes,Electronic check,21.47,1194.32,Yes
7510-YLUH,Female,0,Yes,No,60,Yes,No,No,No internet service,No internet service,No internet service,No internet service,No internet service,No internet service,Month-to-month,No,Electronic check,18.25,1069.21,No
7511-XPCV,Female,0,Yes,No,6,No,No phone service,Fiber optic,No,Yes,Yes,Yes,Yes,No,Two year,Yes,Electronic check,96.77,589.81,Yes
7512-LXDN,Female,0,No,No,20,Yes,No,No,No internet service,No internet service,No internet service,No internet service,No internet service,No internet service,One year,No,Credit card (automatic),19.59,395.51,No
7513-HSPW,Female,0,Yes,No,44,Yes,Yes,Fiber optic,Yes,Yes,Yes,No,No,Yes,Month-to-month,No,Electronic check,96.36,4238.86,No
7514-KQKN,Female,0,No,No,39,Yes,Yes,DSL,Yes,No,Yes,No,Yes,Yes,Two year,No,Bank transfer (automatic),86.14,3431.75,No
7515-IFUU,Male,1,No,Yes,38,Yes,Yes,No,No internet service,No internet service,No internet service,No internet service,No internet service,No internet service,Month-to-month,No,Credit card (automatic),26.58,994.55,No
7516-XZEY,Female,0,No,No,19,Yes,No,No,No internet service,No internet service,No internet service,No internet service,No internet service,No internet service,Month-to-month,No,Credit card (automatic),22.69,431.62,Yes
7517-XFZU,Male,0,Yes,No,39,Yes,Yes,Fiber optic,Yes,Yes,No,Yes,Yes,Yes,Two year,No,Bank transfer (automatic),105.48,4040.31,No
7518-HESW,Male,0,No,No,4,Yes,No,Fiber optic,No,Yes,Yes,No,Yes,No,Two year,Yes,Electronic check,89.01,360.31,No
7519-BUDX,Female,0,Yes,Yes,63,Yes,Yes,Fiber optic,Yes,Yes,No,No,Yes,Yes,One year,No,Credit card (automatic),104.55,6769.99,No
7520-XAJH,Male,0,No,No,40,Yes,Yes,Fiber optic,Yes,No,No,No,No,Yes,Month-to-month,No,Credit card (automatic),87.15,3386.01,No
7521-KXUG,Male,1,No,No,27,Yes,No,Fiber optic,Yes,No,Yes,No,No,Yes,Month-to-month,No,Bank transfer (automatic),84.22,2243.21,Yes
7522-RHSG,Male,0,No,No,27,Yes,Yes,Fiber optic,Yes,Yes,No,No,No,No,Month-to-month,No,Bank transfer (automatic),92.39,2520.26,Yes
7523-GIDR,Female,0,No,Yes,27,Yes,No,Fiber optic,Yes,No,Yes,Yes,No,Yes,One year,No,Electronic check,100.38,2749.11,No
7524-UUDR,Male,0,No,Yes,32,Yes,No,DSL,Yes,No,Yes,Yes,Yes,No,Two year,No,Bank transfer (automatic),70.45,2307.28,No
7525-CUCE,Male,0,No,No,14,Yes,Yes,DSL,No,No,Yes,No,Yes,Yes,One year,Yes,Electronic check,75.36,1074.60,No
7526-ZRUK,Female,0,Yes,No,44,Yes,Yes,DSL,Yes,Yes,Yes,No,No,Yes,One year,Yes,Electronic check,77.2,3455.10,No
7527-PGUT,Male,0,No,Yes,14,Yes,No,Fiber optic,No,Yes,No,Yes,Yes,No,Month-to-month,Yes,Mailed check,90.69,1294.44,No
7528-WKUR,Female,1,Yes,No,23,Yes,No,Fiber optic,Yes,No,No,Yes,No,No,Month-to-month,Yes,Mailed check,83.78,1923.86,No
7529-BJTS,Female,0,Yes,No,63,Yes,Yes,Fiber optic,Yes,Yes,Yes,Yes,Yes,No,Two year,Yes,Mailed check,110.55,6961.08,No
7530-WOKK,Female,0,No,No,41,Yes,No,Fiber optic,Yes,No,No,Yes,Yes,No,Two year,Yes,Mailed check,92.38,3711.24,No
7531-UCWR,Male,0,Yes,No,66,Yes,No,DSL,Yes,Yes,Yes,Yes,Yes,Yes,One year,Yes,Electronic check,77.66,5016.11,No
7532-NNLR,Male,0,No,No,48,Yes,Yes,No,No internet service,No internet service,No internet service,No internet service,No internet service,No internet service,Two year,Yes,Mailed check,25.61,1263.15,No
7533-DXTG,Male,1,Yes,No,57,Yes,No,Fiber optic,Yes,Yes,No,No,Yes,Yes,One year,No,Electronic check,96.28,5377.68,No
7534-OUMP,Female,0,Yes,No,7,Yes,No,Fiber optic,No,Yes,No,No,No,No,One year,No,Bank transfer (automatic),73.37,504.40,No
7535-IQVL,Male,1,No,Yes,37,Yes,No,DSL,No,Yes,Yes,No,Yes,No,One year,No,Mailed check,62.27,2259.20,No
7536-SRDK,Male,0,Yes,No,26,Yes,No,Fiber optic,Yes,Yes,No,No,Yes,Yes,Month-to-month,Yes,Mailed check,97.39,2555.53,Yes
7537-JOVF,Male,0,No,Yes,2,Yes,Yes,Fiber optic,No,Yes,Yes,Yes,No,No,Two year,No,Credit card (automatic),99.34,192.86,No
7538-AIMO,Female,1,No,No,7,Yes,Yes,Fiber optic,Yes,Yes,Yes,No,No,No,Month-to-month,Yes,Bank transfer (automatic),92.94,658.90,Yes
7539-HKJO,Male,0,No,No,14,Yes,Yes,DSL,No,No,No,Yes,No,Yes,Month-to-month,No,Credit card (automatic),61.53,880.39,Yes
7540-HCSN,Female,0,Yes,No,1,No,No phone service,Fiber optic,Yes,No,No,Yes,Yes,No,Month-to-month,No,Bank transfer (automatic),89.19,88.78,Yes
7541-EMYL,Male,0,No,No,32,Yes,Yes,No,No internet service,No internet service,No internet service,No internet service,No internet service,No internet service,One year,No,Credit card (automatic),25.69,821.50,No
7542-WODT,Male,0,Yes,No,4,Yes,Yes,No,No internet service,No internet service,No internet service,No internet service,No internet service,No internet service,One year,No,Bank transfer (automatic),22.8,88.93,No
7543-BZWJ,Male,0,Yes,Yes,60,Yes,No,No,No internet service,No internet service,No internet service,No internet service,No internet service,No internet service,Month-to-month,Yes,Electronic check,18.25,1067.21,No
7544-NYJZ,Female,0,Yes,Yes,43,Yes,No,DSL,No,No,Yes,Yes,No,No,Month-to-month,No,Mailed check,53.98,2360.96,No
7545-VAUV,Male,0,Yes,No,70,Yes,Yes,Fiber optic,No,No,Yes,Yes,No,No,One year,Yes,Bank transfer (automatic),90.03,6375.07,No
7546-QJTL,Male,1,No,No,7,Yes,No,DSL,No,No,No,Yes,Yes,No,One year,Yes,Credit card (automatic),59.54,422.56,No
7547-QGBZ,Female,0,Yes,No,6,Yes,Yes,Fiber optic,No,No,No,Yes,No,No,Month-to-month,Yes,Mailed check,78.7,479.50,Yes
7548-PLOW,Female,0,Yes,No,63,Yes,No,Fiber optic,No,No,No,No,Yes,Yes,Month-to-month,Yes,Electronic check,83.15,5197.70,Yes
7549-TGXJ,Female,0,No,No,29,Yes,Yes,Fiber optic,No,No,No,No,No,Yes,Month-to-month,Yes,Mailed check,84.43,2481.89,Yes
7550-ENYV,Female,0,No,No,55,Yes,No,No,No internet service,No internet service,No internet service,No internet service,No internet service,No internet service,One year,No,Mailed check,21.16,1157.54,No
7551-FSVS,Male,0,Yes,No,14,Yes,Yes,No,No internet service,No internet service,No internet service,No internet service,No internet service,No internet service,Month-to-month,Yes,Mailed check,28.79,391.70,No
7552-WEGI,Female,0,Yes,No,1,Yes,No,DSL,No,Yes,Yes,No,Yes,Yes,Two year,No,Electronic check,72.14,70.86,No
7553-DKES,Male,0,Yes,No,36,Yes,No,No,No internet service,No internet service,No internet service,No internet service,No internet service,No internet service,Month-to-month,Yes,Electronic check,18.25,651.96,No
7554-PULN,Female,0,No,No,42,Yes,Yes,No,No internet service,No internet service,No internet service,No internet service,No internet service,No internet service,One year,Yes,Credit card (automatic),27.07,1104.32,No
7555-XPPA,Female,0,No,No,9,Yes,No,Fiber optic,Yes,No,No,Yes,No,No,Month-to-month,Yes,Mailed check,83.66,753.57,Yes
7556-EVRY,Female,0,No,Yes,1,Yes,No,DSL,No,No,Yes,Yes,Yes,No,Month-to-month,No,Credit card (automatic),62.86,62.98,Yes
7557-VRCI,Female,0,No,Yes,16,Yes,No,DSL,Yes,Yes,No,No,No,Yes,Month-to-month,No,Credit card (automatic),61.94,981.45,No
7558-FLOW,Female,0,Yes,No,8,Yes,Yes,Fiber optic,No,No,No,Yes,Yes,No,One year,No,Credit card (automatic),89.3,720.05,Yes
7559-VHFM,Female,0,No,No,72,Yes,No,DSL,No,No,Yes,No,Yes,Yes,Month-to-month,No,Mailed check,67.02,4783.24,Yes
7560-ZFGF,Female,0,Yes,No,72,Yes,Yes,DSL,Yes,Yes,Yes,Yes,Yes,No,Month-to-month,No,Electronic check,83.33,6156.33,No
7561-AAGI,Male,0,Yes,No,2,Yes,Yes,DSL,Yes,No,Yes,Yes,No,No,Month-to-month,No,Credit card (automatic),68.69,141.03,Yes
7562-YUDR,Male,0,Yes,No,33,Yes,Yes,Fiber optic,Yes,No,Yes,No,Yes,No,Month-to-month,No,Bank transfer (automatic),91.58,3022.51,Yes
7563-WSTB,Male,1,Yes,No,28,No,No phone service,Fiber optic,No,Yes,Yes,Yes,No,No,Month-to-month,Yes,Electronic check,89.74,2450.48,Yes
7564-XKUM,Female,0,No,No,2,Yes,Yes,DSL,Yes,No,Yes,No,No,Yes,Two year,No,Credit card (automatic),78.53,154.90,No
7565-HBGR,Male,0,Yes,No,48,Yes,No,No,No internet service,No internet service,No internet service,No internet service,No internet service,No internet service,Month-to-month,No,Bank transfer (automatic),18.6,899.17,No
7566-EILN,Male,0,Yes,No,62,Yes,No,DSL,No,No,No,No,No,No,Month-to-month,Yes,Bank transfer (automatic),47.31,2899.97,No
7567-MBAQ,Male,0,Yes,Yes,45,Yes,No,Fiber optic,No,No,Yes,Yes,Yes,No,One year,Yes,Mailed check,90.98,4171.06,No
7568-ROOV,Female,0,No,Yes,67,Yes,Yes,Fiber optic,No,No,No,Yes,No,Yes,One year,Yes,Bank transfer (automatic),92.21,6152.41,No
7569-BGVH,Female,0,No,No,46,Yes,No,Fiber optic,No,No,Yes,Yes,No,Yes,Month-to-month,No,Mailed check,87.02,3959.87,No
7570-YXXD,Female,0,No,No,40,Yes,No,DSL,Yes,Yes,Yes,Yes,Yes,Yes,Month-to-month,Yes,Mailed check,81.39,3277.46,No
7571-YEZB,Male,0,No,No,69,Yes,Yes,Fiber optic,Yes,No,Yes,Yes,Yes,No,Month-to-month,Yes,Bank transfer (automatic),96.9,6784.63,No
7572-GDCO,Male,0,No,No,51,Yes,Yes,DSL,Yes,No,Yes,Yes,Yes,Yes,Two year,No,Mailed check,84.21,4227.95,No
7573-VKUM,Male,0,Yes,No,56,Yes,No,DSL,No,Yes,No,No,Yes,No,Two year,Yes,Mailed check,55.88,3184.32,No
7574-YFUB,Male,0,Yes,No,57,Yes,Yes,Fiber optic,Yes,No,No,No,No,No,Two year,No,Electronic check,83.78,4707.75,No
7575-LFTJ,Male,0,Yes,No,3,Yes,No,DSL,No,Yes,No,Yes,No,No,Month-to-month,No,Credit card (automatic),55.3,166.38,No
7576-LTGD,Female,0,Yes,No,53,Yes,No,No,No internet service,No internet service,No internet service,No internet service,No internet service,No internet service,One year,Yes,Credit card (automatic),18.25,963.98,No
7577-RASY,Female,1,No,Yes,54,Yes,No,Fiber optic,Yes,Yes,No,Yes,No,Yes,Month-to-month,Yes,Electronic check,95.64,5162.53,Yes
7578-SGTS,Female,0,Yes,No,36,Yes,No,DSL,Yes,No,Yes,No,Yes,No,One year,No,Bank transfer (automatic),64.74,2280.22,No
7579-ELWK,Male,0,Yes,No,41,Yes,Yes,No,No internet service,No internet service,No internet service,No internet service,No internet service,No internet service,Month-to-month,Yes,Electronic check,27.79,1141.19,No
7580-DMTC,Male,0,No,No,60,Yes,Yes,Fiber optic,Yes,Yes,Yes,Yes,No,No,Month-to-month,No,Electronic check,101.19,5956.10,No
7581-LYNK,Female,0,Yes,No,11,Yes,No,Fiber optic,Yes,Yes,No,No,Yes,Yes,Month-to-month,Yes,Electronic check,98.13,1066.31,Yes
7582-ULAA,Male,1,Yes,No,38,Yes,Yes,No,No internet service,No internet service,No internet service,No internet service,No internet service,No internet service,Month-to-month,No,Electronic check,27.79,1079.12,No
7583-MYYS,Male,0,Yes,Yes,56,Yes,No,Fiber optic,Yes,No,No,No,Yes,No,Two year,No,Mailed check,79.98,4546.88,No
7584-UAUP,Male,0,No,Yes,19,Yes,Yes,DSL,Yes,No,No,No,Yes,Yes,Month-to-month,Yes,Electronic check,77.34,1484.48,No
7585-GPIN,Female,0,Yes,No,19,Yes,No,No,No internet service,No internet service,No internet service,No internet service,No internet service,No internet service,One year,No,Electronic check,18.52,356.26,No
7586-KKRH,Female,1,Yes,Yes,1,Yes,No,No,No internet service,No internet service,No internet service,No internet service,No internet service,No internet service,Month-to-month,Yes,Bank transfer (automatic),22.69,23.06,Yes
7587-LRTS,Male,0,Yes,No,23,Yes,No,DSL,Yes,Yes,Yes,No,No,Yes,Month-to-month,Yes,Credit card (automatic),68.9,1540.93,Yes
7588-UAMU,Female,0,No,Yes,26,No,No phone service,DSL,Yes,Yes,Yes,Yes,Yes,Yes,One year,Yes,Mailed check,80.33,2060.53,No
7589-PPKT,Female,0,Yes,Yes,69,Yes,No,Fiber optic,Yes,No,Yes,No,No,No,Month-to-month,No,Electronic check,88.04,5954.50,No
7590-EJEN,Female,0,Yes,No,6,Yes,Yes,Fiber optic,No,No,No,Yes,Yes,Yes,One year,Yes,Bank transfer (automatic),99.92,612.49,No
7591-BGUT,Female,0,No,Yes,47,Yes,Yes,DSL,No,No,No,No,No,No,Month-to-month,No,Credit card (automatic),47.74,2264.32,No
7592-MIEI,Male,0,No,No,5,Yes,No,No,No internet service,No internet service,No internet service,No internet service,No internet service,No internet service,Month-to-month,Yes,Bank transfer (automatic),18.25,91.15,No
7593-ZRYP,Female,0,Yes,No,58,Yes,Yes,DSL,No,Yes,No,Yes,Yes,Yes,One year,Yes,Credit card (automatic),86.11,5098.04,No
7594-ALDT,Male,0,Yes,No,34,Yes,No,No,No internet service,No internet service,No internet service,No internet service,No internet service,No internet service,One year,Yes,Electronic check,20.14,666.47,No
7595-GWPI,Female,1,Yes,Yes,31,Yes,Yes,No,No internet service,No internet service,No internet service,No internet service,No internet service,No internet service,Two year,Yes,Electronic check,28.01,842.92,No
7596-UHTJ,Female,0,No,Yes,68,Yes,Yes,DSL,No,Yes,No,No,Yes,Yes,One year,Yes,Bank transfer (automatic),77.1,5124.38,No
7597-KJTT,Female,0,Yes,No,54,Yes,Yes,Fiber optic,No,Yes,Yes,Yes,No,No,Month-to-month,Yes,Mailed check,94.87,5050.17,No
7598-LMUC,Female,1,No,No,8,Yes,No,DSL,Yes,Yes,Yes,Yes,Yes,Yes,Two year,Yes,Electronic check,83.74,666.30,Yes
7599-YDWD,Female,0,No,No,20,Yes,No,Fiber optic,No,Yes,No,Yes,Yes,Yes,One year,No,Credit card (automatic),96.59,1889.26,No
7600-HHZQ,Female,1,No,Yes,20,Yes,Yes,Fiber optic,No,No,No,No,No,Yes,Month-to-month,No,Mailed check,84.81,1701.52,Yes
7601-BJWK,Female,0,Yes,Yes,44,Yes,Yes,Fiber optic,Yes,No,No,Yes,No,Yes,Two year,Yes,Credit card (automatic),95.74,4243.29,No
7602-JPWR,Female,1,No,Yes,60,Yes,No,Fiber optic,No,Yes,No,Yes,No,Yes,Two year,No,Credit card (automatic),86.87,5217.31,Yes
7603-XNIX,Male,0,No,No,46,Yes,Yes,Fiber optic,No,No,Yes,No,Yes,No,Two year,Yes,Electronic check,92.03,4209.61,No
7604-YIOJ,Female,0,No,Yes,29,Yes,Yes,DSL,No,No,No,Yes,No,Yes,Month-to-month,No,Credit card (automatic),61.33,1803.80,No
7605-TODF,Female,0,Yes,Yes,54,Yes,No,DSL,Yes,Yes,No,Yes,No,No,Two year,Yes,Bank transfer (automatic),67.09,3681.90,No
7606-DPYF,Male,0,No,No,55,Yes,No,Fiber optic,No,No,No,No,No,Yes,One year,No,Bank transfer (automatic),75.18,4083.41,No
7607-HEEB,Female,1,No,No,6,Yes,Yes,No,No internet service,No internet service,No internet service,No internet service,No internet service,No internet service,Month-to-month,Yes,Electronic check,28.27,165.50,Yes
7608-UGXY,Female,0,No,No,40,Yes,No,Fiber optic,Yes,No,No,Yes,Yes,No,Month-to-month,Yes,Electronic check,88.49,3507.50,No
7609-LDDK,Female,0,No,Yes,52,Yes,Yes,Fiber optic,No,Yes,Yes,Yes,Yes,No,Month-to-month,Yes,Mailed check,108.52,5703.31,No
7610-FLBH,Female,0,No,No,44,Yes,No,No,No internet service,No internet service,No internet service,No internet service,No internet service,No internet service,Month-to-month,Yes,Electronic check,18.25,780.40,No
7611-WUCJ,Male,0,Yes,Yes,18,Yes,No,DSL,Yes,Yes,No,No,No,No,Month-to-month,Yes,Bank transfer (automatic),56.79,1014.70,Yes
7612-TLPT,Female,0,No,No,12,Yes,No,No,No internet service,No internet service,No internet service,No internet service,No internet service,No internet service,Two year,No,Credit card (automatic),22.41,273.24,No
7613-PYPL,Male,0,No,No,21,Yes,Yes,DSL,No,Yes,Yes,Yes,Yes,Yes,Month-to-month,No,Credit card (automatic),85.37,1797.51,No
7614-SPLJ,Female,0,No,Yes,26,Yes,No,DSL,No,No,Yes,Yes,Yes,No,Two year,Yes,Electronic check,63.59,1688.95,No
7615-ZETC,Female,1,Yes,No,67,Yes,Yes,No,No internet service,No internet service,No internet service,No internet service,No internet service,No internet service,Month-to-month,Yes,Mailed check,29.52,1933.23,Yes
7616-CTRV,Male,0,Yes,No,45,No,No phone service,Fiber optic,Yes,Yes,Yes,Yes,No,Yes,Month-to-month,Yes,Electronic check,101.56,4573.91,Yes
7617-KVBV,Male,0,No,No,61,Yes,Yes,No,No internet service,No internet service,No internet service,No internet service,No internet service,No internet service,One year,Yes,Mailed check,24.03,1483.09,No
7618-XHCY,Male,0,No,Yes,2,Yes,No,Fiber optic,Yes,Yes,No,Yes,No,No,Two year,Yes,Electronic check,87.08,173.26,No
7619-DOVQ,Male,0,Yes,No,57,Yes,No,DSL,No,Yes,Yes,No,No,No,Month-to-month,Yes,Mailed check,56.45,3208.27,No
7620-OSMA,Male,0,Yes,Yes,14,Yes,Yes,DSL,No,No,No,No,No,Yes,Two year,No,Electronic check,55.97,783.22,No
7621-AGXG,Male,0,No,No,41,Yes,Yes,Fiber optic,Yes,No,Yes,No,Yes,Yes,Two year,Yes,Electronic check,102.7,4123.43,Yes
7622-GPTO,Male,0,No,Yes,28,No,No phone service,Fiber optic,Yes,No,Yes,No,Yes,Yes,Month-to-month,No,Electronic check,98.73,2766.86,No
7623-RUSQ,Male,0,Yes,No,63,Yes,No,Fiber optic,No,No,Yes,Yes,No,No,Month-to-month,No,Electronic check,87.8,5448.55,Yes
7624-SRTA,Female,0,Yes,No,49,Yes,Yes,DSL,Yes,No,No,Yes,No,Yes,Month-to-month,No,Electronic check,69.07,3365.56,No
7625-UIRC,Male,0,Yes,No,34,Yes,Yes,DSL,No,Yes,Yes,No,Yes,No,Month-to-month,No,Mailed check,72.89,2435.23,Yes
7626-QYAD,Male,0,Yes,No,37,Yes,No,Fiber optic,No,Yes,No,No,No,No,Month-to-month,No,Bank transfer (automatic),76.83,2823.64,No
7627-UCGW,Male,0,No,No,51,Yes,Yes,DSL,Yes,Yes,No,Yes,Yes,No,One year,Yes,Credit card (automatic),81.18,4197.08,No
7628-XCRX,Female,0,No,No,52,Yes,No,Fiber optic,No,Yes,Yes,No,No,No,Month-to-month,No,Electronic check,86.15,4475.46,No
7629-MVBC,Male,0,No,No,42,Yes,Yes,DSL,No,Yes,No,No,Yes,No,One year,No,Electronic check,70.02,2995.22,No
7630-THQM,Female,0,No,No,53,Yes,No,No,No internet service,No internet service,No internet service,No internet service,No internet service,No internet service,Month-to-month,No,Bank transfer (automatic),19.48,1051.42,No
7631-CCXB,Male,0,Yes,Yes,57,Yes,No,Fiber optic,Yes,Yes,No,No,Yes,No,Month-to-month,Yes,Mailed check,92.81,5181.32,No
7632-ISBQ,Male,0,Yes,No,3,Yes,No,DSL,No,No,No,Yes,Yes,No,Two year,Yes,Credit card (automatic),59.37,173.41,No
7633-TICI,Male,0,Yes,Yes,27,Yes,Yes,Fiber optic,No,Yes,No,No,No,No,One year,No,Mailed check,82.36,2196.72,No
7634-CHKF,Male,1,Yes,No,65,Yes,No,Fiber optic,No,No,Yes,No,Yes,Yes,Month-to-month,Yes,Credit card (automatic),98.44,6409.29,Yes
7635-PSJC,Female,0,No,No,24,Yes,No,Fiber optic,Yes,No,Yes,No,Yes,Yes,Month-to-month,No,Electronic check,94.47,2241.76,No
7636-GBDM,Male,0,Yes,Yes,60,No,No phone service,DSL,No,No,No,Yes,Yes,No,Month-to-month,No,Credit card (automatic),56.16,3277.20,Yes
7637-AJJQ,Male,0,No,No,40,Yes,No,Fiber optic,Yes,Yes,Yes,Yes,No,No,One year,Yes,Mailed check,96.42,3862.11,Yes
7638-PHMT,Female,0,Yes,No,20,Yes,No,No,No internet service,No internet service,No internet service,No internet service,No internet service,No internet service,One year,No,Credit card (automatic),18.25,364.80,No
7639-FQMY,Female,0,Yes,No,26,No,No phone service,DSL,No,No,No,Yes,No,Yes,Two year,No,Electronic check,53.91,1420.30,No
7640-AVTA,Female,1,Yes,No,35,No,No phone service,Fiber optic,No,No,No,No,Yes,Yes,Two year,Yes,Electronic check,78.5,2705.92,No
7641-ZAXC,Female,0,No,Yes,9,No,No phone service,DSL,No,Yes,Yes,Yes,Yes,Yes,Month-to-month,No,Bank transfer (automatic),81.36,713.14,Yes
7642-FDHN,Female,0,No,Yes,23,Yes,No,Fiber optic,Yes,No,Yes,Yes,Yes,Yes,Month-to-month,No,Electronic check,101.43,2358.99,Yes
7643-MFGR,Male,0,No,Yes,50,Yes,Yes,Fiber optic,No,Yes,Yes,No,Yes,Yes,Two year,Yes,Mailed check,101.49,5134.69,No
7644-VXJJ,Female,0,Yes,No,66,No,No phone service,DSL,Yes,No,No,Yes,Yes,Yes,Month-to-month,Yes,Electronic check,69.77,4466.74,No
7645-GDGE,Male,0,No,Yes,69,Yes,No,DSL,Yes,No,No,Yes,Yes,No,Month-to-month,No,Mailed check,62.49,4281.97,No
7646-ZXRS,Male,0,No,No,28,Yes,No,Fiber optic,No,No,No,No,No,No,Two year,No,Bank transfer (automatic),70.4,1942.44,No
7647-VLFQ,Female,0,Yes,No,58,No,No phone service,Fiber optic,No,No,No,Yes,No,Yes,Month-to-month,No,Bank transfer (automatic),83.56,4988.27,Yes
7648-DPPI,Female,1,Yes,No,29,Yes,Yes,No,No internet service,No internet service,No internet service,No internet service,No internet service,No internet service,Month-to-month,No,Bank transfer (automatic),29.07,846.18,No
7649-FCGH,Female,0,Yes,No,59,Yes,No,Fiber optic,Yes,Yes,Yes,Yes,No,Yes,Month-to-month,No,Mailed check,103.7,6007.34,No
7650-XPHN,Male,1,Yes,No,66,Yes,Yes,No,No internet service,No internet service,No internet service,No internet service,No internet service,No internet service,Month-to-month,Yes,Bank transfer (automatic),30.02,1991.70,No
7651-FOQD,Female,0,No,No,33,Yes,No,No,No internet service,No internet service,No internet service,No internet service,No internet service,No internet service,Month-to-month,No,Mailed check,22.09,714.51,No
7652-VHIK,Male,0,Yes,No,44,Yes,No,DSL,Yes,No,Yes,No,No,No,One year,Yes,Mailed check,56.52,2502.11,No
7653-CCUZ,Female,0,No,No,63,Yes,No,No,No internet service,No internet service,No internet service,No internet service,No internet service,No internet service,Month-to-month,No,Bank transfer (automatic),22.97,1480.12,No
7654-KDRD,Female,0,No,No,10,Yes,No,No,No internet service,No internet service,No internet service,No internet service,No internet service,No internet service,Two year,Yes,Mailed check,21.67,217.18,No
7655-VQZO,Female,1,Yes,No,18,Yes,No,Fiber optic,No,No,No,No,No,Yes,Month-to-month,Yes,Mailed check,77.92,1404.59,Yes
7656-FNVM,Female,0,No,No,46,Yes,Yes,Fiber optic,No,No,No,No,No,No,Month-to-month,Yes,Electronic check,74.29,3322.68,Yes
7657-SVEA,Female,1,Yes,No,13,No,No phone service,Fiber optic,No,Yes,No,No,No,Yes,One year,No,Bank transfer (automatic),84.36,1104.60,No
7658-WRDP,Male,0,Yes,No,58,Yes,No,DSL,Yes,No,No,No,No,Yes,Month-to-month,Yes,Electronic check,62.04,3504.88,No
7659-ZKCD,Male,0,Yes,No,20,Yes,No,DSL,No,No,No,No,Yes,Yes,Month-to-month,No,Electronic check,56.79,1140.75,Yes
7660-TDYM,Male,0,Yes,Yes,25,Yes,Yes,DSL,No,No,No,No,Yes,Yes,One year,No,Electronic check,59.9,1502.91,No
7661-LPCS,Female,0,Yes,No,59,Yes,No,Fiber optic,Yes,No,No,Yes,Yes,Yes,Month-to-month,Yes,Credit card (automatic),103.83,6039.97,Yes
7662-THGX,Male,1,No,Yes,38,No,No phone service,Fiber optic,Yes,Yes,No,Yes,No,No,Month-to-month,No,Credit card (automatic),90.59,3536.87,No
7663-KOWT,Male,0,No,No,57,Yes,No,DSL,No,No,No,Yes,Yes,No,Month-to-month,No,Credit card (automatic),58.86,3288.62,No
7664-HWYP,Female,0,No,Yes,46,No,No phone service,DSL,Yes,No,No,No,No,No,Month-to-month,Yes,Mailed check,54.96,2498.17,No
7665-BXIC,Female,0,Yes,No,38,Yes,Yes,DSL,No,No,No,No,No,No,Two year,Yes,Electronic check,53.14,2062.17,Yes
7666-RPUZ,Female,0,No,Yes,37,Yes,No,No,No internet service,No internet service,No internet service,No internet service,No internet service,No internet service,Month-to-month,No,Credit card (automatic),21.93,833.52,No
7667-FFGE,Female,0,Yes,Yes,58,Yes,No,No,No internet service,No internet service,No internet service,No internet service,No internet service,No internet service,Month-to-month,Yes,Bank transfer (automatic),20.55,1222.81,No
7668-ZOTG,Female,0,No,No,72,No,No phone service,DSL,Yes,No,No,No,No,Yes,One year,Yes,Credit card (automatic),59.12,4330.42,No
7669-PBUJ,Male,0,No,No,2,Yes,No,No,No internet service,No internet service,No internet service,No internet service,No internet service,No internet service,Month-to-month,Yes,Mailed check,22.23,43.46,Yes
7670-CHTI,Female,0,No,Yes,37,Yes,No,No,No internet service,No internet service,No internet service,No internet service,No internet service,No internet service,Two year,No,Bank transfer (automatic),22.95,825.25,No
7671-VULU,Female,0,Yes,Yes,57,Yes,No,No,No internet service,No internet service,No internet service,No internet service,No internet service,No internet service,Month-to-month,No,Bank transfer (automatic),21.56,1220.34,No
7672-QFXC,Female,0,No,Yes,47,Yes,Yes,No,No internet service,No internet service,No internet service,No internet service,No internet service,No internet service,Month-to-month,Yes,Bank transfer (automatic),25.14,1199.23,No
7673-CIUT,Male,0,No,No,35,Yes,No,Fiber optic,No,Yes,No,Yes,No,Yes,One year,No,Electronic check,88.39,3185.92,No
7674-RRXJ,Female,0,Yes,No,58,Yes,No,DSL,Yes,No,Yes,No,Yes,Yes,Month-to-month,Yes,Credit card (automatic),77.14,4564.31,No
7675-EMFM,Female,1,No,No,34,Yes,No,No,No internet service,No internet service,No internet service,No internet service,No internet service,No internet service,Two year,No,Mailed check,18.32,637.35,No
7676-PTHW,Female,0,Yes,No,10,Yes,Yes,No,No internet service,No internet service,No internet service,No internet service,No internet service,No internet service,Two year,No,Bank transfer (automatic),25.33,251.77,No
7677-DWHR,Male,0,No,No,20,Yes,Yes,DSL,Yes,Yes,Yes,Yes,Yes,No,Month-to-month,Yes,Mailed check,84.07,1658.42,No
7678-FLLL,Female,0,No,No,4,Yes,Yes,Fiber optic,Yes,No,No,No,No,Yes,Month-to-month,No,Electronic check,96.55,384.96,Yes
7679-ASIC,Female,0,No,No,51,Yes,Yes,Fiber optic,Yes,Yes,Yes,No,Yes,No,Month-to-month,Yes,Mailed check,105.97,5387.55,No
7680-YECW,Female,0,Yes,Yes,71,No,No phone service,Fiber optic,Yes,No,Yes,Yes,No,Yes,Month-to-month,Yes,Mailed check,98.21,7016.07,No
7681-WVXR,Male,0,Yes,No,28,Yes,No,Fiber optic,No,No,Yes,Yes,No,No,Month-to-month,Yes,Credit card (automatic),83.52,2273.92,Yes
7682-EVIO,Female,0,No,No,53,Yes,No,DSL,Yes,No,No,Yes,No,Yes,Month-to-month,Yes,Credit card (automatic),61.76,3286.15,No
7683-SNTJ,Female,0,Yes,No,71,No,No phone service,Fiber optic,Yes,Yes,No,No,Yes,Yes,Two year,Yes,Electronic check,102.29,7114.07,No
7684-FEQM,Male,0,No,No,29,Yes,No,DSL,Yes,No,No,No,No,Yes,Two year,No,Bank transfer (automatic),53.52,1515.76,No
7685-ZXNH,Female,0,Yes,No,64,Yes,No,DSL,No,Yes,No,Yes,No,No,Month-to-month,Yes,Mailed check,60.01,3833.58,No
7686-QABP,Male,0,No,No,2,Yes,No,Fiber optic,No,Yes,Yes,Yes,No,Yes,Month-to-month,No,Bank transfer (automatic),97.1,194.98,Yes
7687-BSFQ,Female,0,Yes,No,49,Yes,No,Fiber optic,Yes,No,No,Yes,Yes,No,Month-to-month,Yes,Mailed check,88.46,4385.68,No
7688-EEJM,Male,0,Yes,Yes,12,Yes,No,Fiber optic,Yes,Yes,Yes,No,No,Yes,Two year,Yes,Mailed check,92.77,1101.84,No
7689-GIRZ,Female,0,Yes,No,57,Yes,No,DSL,No,No,Yes,Yes,No,No,Month-to-month,Yes,Bank transfer (automatic),60.4,3530.96,No
7690-KQAP,Female,0,Yes,No,1,Yes,No,Fiber optic,Yes,No,No,Yes,Yes,No,One year,No,Credit card (automatic),89.14,86.82,Yes
7691-RZCO,Female,0,Yes,Yes,60,Yes,No,DSL,No,No,No,No,No,Yes,Month-to-month,No,Electronic check,51.39,3166.83,No
7692-VAWJ,Female,0,Yes,No,29,Yes,No,DSL,No,No,No,No,No,No,Two year,Yes,Electronic check,46.84,1375.45,No
7693-DUWW,Female,0,No,Yes,18,Yes,Yes,Fiber optic,Yes,Yes,Yes,Yes,Yes,Yes,Month-to-month,Yes,Mailed check,116.2,2077.19,Yes
7694-PGRG,Male,0,Yes,Yes,40,Yes,No,Fiber optic,Yes,No,Yes,No,No,Yes,Month-to-month,Yes,Bank transfer (automatic),86.94,3539.08,No
7695-EUIO,Male,0,No,No,72,Yes,Yes,Fiber optic,No,Yes,No,No,No,No,Month-to-month,No,Credit card (automatic),85.51,6177.14,Yes
7696-PCUD,Female,1,No,No,12,Yes,Yes,Fiber optic,No,No,No,Yes,No,No,Two year,Yes,Electronic check,83.65,1016.95,No
7697-ICXJ,Female,0,No,No,23,Yes,No,DSL,Yes,Yes,Yes,Yes,No,Yes,Month-to-month,No,Mailed check,76.88,1723.24,No
7698-YLWY,Male,0,Yes,No,47,Yes,No,DSL,Yes,No,No,No,No,Yes,Month-to-month,No,Credit card (automatic),55.37,2577.65,Yes
7699-CZFJ,Male,0,Yes,Yes,7,Yes,No,Fiber optic,Yes,Yes,Yes,Yes,Yes,Yes,Month-to-month,Yes,Mailed check,105.57,731.26,Yes
7700-WXXD,Female,0,Yes,No,69,Yes,Yes,No,No internet service,No internet service,No internet service,No internet service,No internet service,No internet service,One year,Yes,Electronic check,26.49,1836.52,No
7701-HQUE,Female,0,No,Yes,38,Yes,No,Fiber optic,No,No,Yes,Yes,Yes,No,Month-to-month,Yes,Credit card (automatic),86.83,3348.59,Yes
7702-OSPH,Male,0,No,Yes,72,Yes,Yes,No,No internet service,No internet service,No internet service,No internet service,No internet service,No internet service,Month-to-month,No,Electronic check,24.08,1701.81,No
7703-RTXZ,Male,1,Yes,No,30,Yes,No,No,No internet service,No internet service,No internet service,No internet service,No internet service,No internet service,Month-to-month,Yes,Credit card (automatic),21.34,649.57,Yes
7704-PMWW,Male,0,Yes,No,60,Yes,Yes,DSL,No,No,Yes,No,Yes,No,Month-to-month,Yes,Electronic check,62.56,3777.66,Yes
7705-IDHH,Female,0,Yes,Yes,24,Yes,No,No,No internet service,No internet service,No internet service,No internet service,No internet service,No internet service,Two year,No,Bank transfer (automatic),22.93,555.96,No
7706-ZYPA,Male,0,Yes,Yes,32,Yes,Yes,Fiber optic,Yes,Yes,Yes,No,Yes,Yes,Month-to-month,Yes,Credit card (automatic),105.56,3358.77,Yes
7707-HOXB,Female,0,No,No,25,Yes,Yes,Fiber optic,No,No,No,No,Yes,No,Month-to-month,No,Electronic check,79.4,1946.70,Yes
7708-QXZD,Male,1,Yes,Yes,40,Yes,No,Fiber optic,No,No,Yes,No,No,No,Two year,Yes,Mailed check,76.94,3068.11,No
7709-SQGL,Male,0,Yes,No,17,Yes,No,Fiber optic,Yes,No,No,Yes,Yes,Yes,One year,No,Mailed check,98.14,1650.00,No
7710-DRAG,Female,0,Yes,No,37,Yes,Yes,DSL,Yes,No,No,No,Yes,Yes,Two year,Yes,Mailed check,66.82,2463.92,No
7711-QMUT,Female,0,Yes,Yes,61,Yes,Yes,DSL,No,Yes,Yes,No,Yes,No,Month-to-month,No,Mailed check,70.61,4347.97,Yes
7712-VBAW,Female,0,Yes,No,12,Yes,No,DSL,Yes,Yes,Yes,No,Yes,Yes,Two year,Yes,Mailed check,76.68,899.65,No
7713-LHON,Female,0,Yes,No,58,Yes,No,DSL,No,No,Yes,Yes,Yes,No,Two year,Yes,Bank transfer (automatic),71.01,4234.68,No
7714-UPMF,Female,0,Yes,No,62,Yes,Yes,DSL,No,No,Yes,No,Yes,Yes,Month-to-month,Yes,Electronic check,69.52,4253.48,No
7715-VAUL,Female,1,Yes,No,3,Yes,Yes,DSL,No,No,Yes,No,No,Yes,Month-to-month,No,Bank transfer (automatic),69.43,213.28,Yes
7716-ZXDK,Female,0,No,No,49,Yes,No,No,No internet service,No internet service,No internet service,No internet service,No internet service,No internet service,Month-to-month,No,Electronic check,20.59,1007.16,No
7717-JSVS,Male,0,No,No,35,Yes,Yes,DSL,No,Yes,No,No,No,No,Two year,Yes,Electronic check,58.44,2061.66,No
7718-ZXYV,Male,0,Yes,No,46,Yes,Yes,No,No internet service,No internet service,No internet service,No internet service,No internet service,No internet service,One year,No,Electronic check,29.84,1375.64,No
7719-CLZJ,Female,0,No,No,22,Yes,No,Fiber optic,No,Yes,Yes,Yes,No,No,One year,Yes,Credit card (automatic),90.83,2028.74,No
7720-NUDG,Male,0,Yes,Yes,16,Yes,No,DSL,No,No,No,Yes,Yes,Yes,Two year,Yes,Mailed check,64.0,1006.02,No
7721-BPZB,Female,0,No,No,21,Yes,Yes,DSL,Yes,Yes,Yes,Yes,No,Yes,Month-to-month,Yes,Electronic check,77.21,1658.48,No
7722-NEKI,Female,0,No,Yes,12,Yes,Yes,DSL,No,Yes,Yes,Yes,Yes,Yes,Month-to-month,Yes,Bank transfer (automatic),82.73,984.31,Yes
7723-TVDA,Male,0,Yes,No,30,Yes,Yes,Fiber optic,No,No,No,Yes,Yes,Yes,Month-to-month,Yes,Mailed check,90.09,2692.01,Yes
7724-KJJJ,Female,1,Yes,No,63,Yes,No,DSL,Yes,No,No,No,Yes,No,Two year,Yes,Mailed check,60.32,3842.64,No
7725-KZUN,Male,0,No,No,57,Yes,No,No,No internet service,No internet service,No internet service,No internet service,No internet service,No internet service,One year,Yes,Mailed check,21.3,1193.60,No
7726-PLRG,Female,0,Yes,Yes,13,Yes,No,Fiber optic,No,No,Yes,No,No,No,Month-to-month,Yes,Electronic check,72.48,962.38,Yes
7727-SLMI,Male,0,Yes,No,41,Yes,Yes,Fiber optic,No,No,No,No,Yes,No,Two year,Yes,Credit card (automatic),88.8,3747.60,No
7728-RYYF,Male,0,No,No,6,Yes,No,Fiber optic,Yes,Yes,Yes,Yes,Yes,No,Month-to-month,Yes,Electronic check,100.15,590.50,Yes
7729-JQNE,Female,0,No,No,5,Yes,No,Fiber optic,No,Yes,Yes,Yes,No,No,Month-to-month,No,Electronic check,87.62,435.42,Yes
7730-YGUZ,Female,0,No,No,46,Yes,No,No,No internet service,No internet service,No internet service,No internet service,No internet service,No internet service,Month-to-month,Yes,Bank transfer (automatic),21.6,1018.14,Yes
7731-IIDO,Male,0,No,No,22,Yes,No,Fiber optic,No,No,Yes,Yes,No,No,Month-to-month,Yes,Mailed check,79.72,1794.03,No
7732-VHHB,Female,1,No,No,51,Yes,Yes,DSL,Yes,No,No,No,Yes,Yes,Two year,Yes,Mailed check,65.29,3383.81,No
7733-GRRU,Female,0,No,No,12,Yes,Yes,No,No internet service,No internet service,No internet service,No internet service,No internet service,No internet service,Month-to-month,No,Bank transfer (automatic),30.03,356.33,No
7734-KQZQ,Male,0,No,Yes,9,Yes,Yes,No,No internet service,No internet service,No internet service,No internet service,No internet service,No internet service,One year,No,Bank transfer (automatic),30.85,279.89,No
7735-RLTC,Female,0,No,No,52,Yes,Yes,Fiber optic,No,Yes,No,Yes,Yes,No,Month-to-month,No,Electronic check,99.77,5223.63,No
7736-JTVO,Female,1,No,No,15,Yes,Yes,No,No internet service,No internet service,No internet service,No internet service,No internet service,No internet service,Month-to-month,No,Electronic check,29.87,455.48,No
7737-ADNV,Male,0,No,Yes,5,Yes,Yes,Fiber optic,Yes,Yes,Yes,Yes,No,Yes,Two year,Yes,Electronic check,104.31,528.14,No
7738-RNAO,Female,1,No,No,57,Yes,Yes,Fiber optic,No,No,No,Yes,Yes,Yes,Two year,Yes,Mailed check,95.46,5562.02,No
7739-CWWO,Female,1,No,No,51,Yes,No,Fiber optic,No,No,Yes,Yes,No,Yes,Two year,No,Credit card (automatic),93.46,4840.66,No
7740-WADJ,Female,0,No,Yes,67,Yes,Yes,Fiber optic,No,No,Yes,Yes,No,No,Month-to-month,Yes,Electronic check,91.42,6196.49,Yes
7741-OKAT,Female,0,Yes,No,44,Yes,No,No,No internet service,No internet service,No internet service,No internet service,No internet service,No internet service,Month-to-month,No,Bank transfer (automatic),18.25,798.79,Yes
7742-IYUC,Female,0,No,No,35,Yes,No,Fiber optic,No,No,No,No,No,No,Month-to-month,No,Mailed check,71.24,2450.07,Yes
7743-MYDK,Male,0,Yes,No,49,Yes,Yes,Fiber optic,No,No,No,No,No,Yes,Month-to-month,Yes,Mailed check,84.49,4050.14,No
7744-LITD,Female,0,Yes,No,58,Yes,No,Fiber optic,Yes,No,No,Yes,No,No,Month-to-month,Yes,Bank transfer (automatic),80.88,4573.12,Yes
7745-AVMK,Male,0,Yes,No,46,Yes,No,DSL,Yes,No,Yes,Yes,Yes,Yes,Month-to-month,No,Electronic check,75.84,3414.87,No
7746-BBZW,Female,0,No,No,23,Yes,No,Fiber optic,Yes,Yes,Yes,No,Yes,Yes,Month-to-month,No,Electronic check,101.79,2311.41,Yes
7747-IKXR,Male,0,No,Yes,65,Yes,No,Fiber optic,Yes,No,No,Yes,No,Yes,Month-to-month,Yes,Bank transfer (automatic),86.9,5775.61,No
7748-CZJA,Male,1,Yes,Yes,51,Yes,No,DSL,No,No,No,No,Yes,Yes,Month-to-month,Yes,Credit card (automatic),58.81,2959.00,No
7749-OCWP,Male,0,Yes,Yes,64,Yes,Yes,DSL,Yes,Yes,No,No,No,Yes,Month-to-month,No,Electronic check,73.29,4596.53,Yes
7750-OYBX,Female,0,Yes,Yes,41,Yes,No,DSL,No,No,Yes,No,Yes,No,Month-to-month,Yes,Bank transfer (automatic),60.48,2514.33,Yes
7751-KGDG,Male,1,Yes,Yes,33,No,No phone service,DSL,No,Yes,No,No,No,Yes,Two year,Yes,Mailed check,57.26,1904.96,No
7752-ZFLZ,Male,0,Yes,No,61,Yes,Yes,Fiber optic,No,Yes,No,No,Yes,Yes,Month-to-month,Yes,Bank transfer (automatic),92.44,5767.13,Yes
7753-ZYLZ,Female,0,No,No,45,Yes,Yes,Fiber optic,No,No,Yes,No,No,Yes,One year,No,Credit card (automatic),93.54,4220.09,Yes
7754-VNCO,Female,0,Yes,Yes,56,Yes,No,Fiber optic,Yes,Yes,No,Yes,No,Yes,Month-to-month,Yes,Bank transfer (automatic),99.73,5611.85,No
7755-CDIN,Male,1,Yes,No,65,Yes,Yes,Fiber optic,Yes,No,Yes,Yes,No,No,Month-to-month,Yes,Credit card (automatic),89.51,5697.53,No
7756-BIYC,Female,0,Yes,Yes,21,Yes,Yes,DSL,Yes,No,Yes,Yes,No,Yes,Two year,Yes,Mailed check,71.49,1527.74,No
7757-LULN,Male,0,No,No,14,Yes,Yes,No,No internet service,No internet service,No internet service,No internet service,No internet service,No internet service,One year,Yes,Electronic check,26.83,373.54,No
7758-EKXT,Male,0,No,No,11,Yes,Yes,Fiber optic,No,No,Yes,No,No,No,Month-to-month,Yes,Electronic check,79.1,875.71,Yes
7759-JSEZ,Female,0,Yes,No,44,Yes,No,Fiber optic,No,Yes,Yes,Yes,Yes,Yes,Month-to-month,Yes,Bank transfer (automatic),109.02,4901.64,Yes
7760-WYJR,Male,0,Yes,Yes,59,Yes,No,DSL,No,Yes,Yes,No,No,No,One year,Yes,Mailed check,59.09,3490.68,No
7761-QUCO,Female,0,No,No,71,Yes,Yes,No,No internet service,No internet service,No internet service,No internet service,No internet service,No internet service,Month-to-month,Yes,Mailed check,24.42,1776.65,No
7762-UHDP,Female,1,Yes,No,3,Yes,Yes,Fiber optic,Yes,Yes,No,Yes,Yes,Yes,Month-to-month,Yes,Bank transfer (automatic),108.64,328.00,Yes
7763-UOJZ,Female,0,No,Yes,1,Yes,No,No,No internet service,No internet service,No internet service,No internet service,No internet service,No internet service,Month-to-month,No,Bank transfer (automatic),19.25,19.36,Yes
7764-EZNO,Male,1,No,No,49,Yes,Yes,Fiber optic,No,No,Yes,No,No,Yes,Month-to-month,Yes,Bank transfer (automatic),88.75,4289.20,Yes
7765-BFUR,Female,0,No,No,20,Yes,Yes,No,No internet service,No internet service,No internet service,No internet service,No internet service,No internet service,Two year,No,Electronic check,21.48,419.42,No
7766-QHKG,Female,1,No,Yes,35,Yes,Yes,Fiber optic,Yes,No,Yes,Yes,No,No,Month-to-month,Yes,Credit card (automatic),97.24,3442.82,No
7767-LQSC,Male,0,Yes,No,6,Yes,No,DSL,Yes,No,No,No,No,No,Month-to-month,No,Mailed check,49.47,295.52,Yes
7768-ZDJS,Male,0,Yes,No,6,Yes,No,Fiber optic,Yes,No,Yes,Yes,No,Yes,Month-to-month,Yes,Bank transfer (automatic),88.29,523.23,Yes
7769-HSHN,Male,0,Yes,No,39,Yes,Yes,DSL,Yes,No,Yes,Yes,Yes,Yes,Month-to-month,No,Mailed check,83.76,3328.90,No
7770-KNOQ,Female,0,Yes,No,50,Yes,Yes,No,No internet service,No internet service,No internet service,No internet service,No internet service,No internet service,Two year,No,Electronic check,30.97,1563.42,No
7771-RRRU,Female,0,Yes,No,64,Yes,No,DSL,Yes,No,Yes,No,Yes,Yes,Month-to-month,Yes,Mailed check,74.83,4781.02,Yes
7772-RKOG,Male,0,Yes,Yes,35,Yes,No,Fiber optic,No,No,Yes,No,No,No,Month-to-month,Yes,Electronic check,80.55,2877.25,Yes
7773-GXLE,Female,0,No,Yes,47,Yes,Yes,Fiber optic,No,Yes,Yes,Yes,No,Yes,One year,No,Electronic check,110.63,5245.99,Yes
7774-CIBF,Female,0,Yes,No,62,Yes,Yes,Fiber optic,No,No,Yes,Yes,No,No,One year,No,Electronic check,92.99,5595.62,No
7775-MGTQ,Female,0,No,No,32,Yes,Yes,Fiber optic,No,No,No,No,Yes,Yes,Month-to-month,Yes,Mailed check,89.08,2931.29,No
7776-GCWF,Male,0,Yes,No,16,Yes,No,Fiber optic,Yes,No,No,No,No,No,Month-to-month,Yes,Electronic check,73.62,1176.54,Yes
7777-SMLO,Male,0,Yes,Yes,60,Yes,Yes,Fiber optic,Yes,No,Yes,No,No,No,Month-to-month,No,Credit card (automatic),87.21,5291.30,No
7778-UPXY,Male,0,Yes,No,1,Yes,No,Fiber optic,No,Yes,No,Yes,No,Yes,Month-to-month,No,Electronic check,86.09,84.99,Yes
7779-RECB,Female,0,No,No,20,Yes,Yes,Fiber optic,No,Yes,Yes,No,Yes,Yes,Month-to-month,Yes,Credit card (automatic),102.7,2001.39,Yes
7780-ZMAK,Female,1,No,No,10,Yes,Yes,No,No internet service,No internet service,No internet service,No internet service,No internet service,No internet service,One year,Yes,Mailed check,24.94,242.28,No
7781-SUWA,Female,0,No,No,47,Yes,Yes,DSL,No,No,No,No,Yes,Yes,One year,No,Bank transfer (automatic),68.4,3231.70,No
7782-MDST,Male,0,Yes,Yes,20,Yes,No,DSL,Yes,No,No,Yes,Yes,Yes,One year,No,Credit card (automatic),77.55,1537.87,No
7783-QLOU,Male,0,Yes,Yes,25,Yes,Yes,Fiber optic,Yes,Yes,Yes,No,No,No,Month-to-month,Yes,Bank transfer (automatic),101.29,2461.85,No
7784-NRBF,Male,0,No,Yes,47,Yes,Yes,Fiber optic,No,No,No,No,Yes,No,Month-to-month,Yes,Mailed check,82.93,3961.67,No
7785-TFOI,Female,0,Yes,No,22,Yes,Yes,No,No internet service,No internet service,No internet service,No internet service,No internet service,No internet service,Month-to-month,Yes,Bank transfer (automatic),28.12,620.97,No
7786-FYQM,Male,1,Yes,No,27,Yes,Yes,No,No internet service,No internet service,No internet service,No internet service,No internet service,No internet service,One year,No,Credit card (automatic),25.2,685.50,No
7787-LECE,Female,0,Yes,No,36,Yes,Yes,No,No internet service,No internet service,No internet service,No internet service,No internet service,No internet service,Month-to-month,No,Electronic check,26.6,937.00,No
7788-ZZNY,Female,0,Yes,No,9,No,No phone service,Fiber optic,No,No,No,No,No,Yes,One year,No,Bank transfer (automatic),77.82,698.68,No
7789-LURZ,Male,0,Yes,No,68,Yes,No,Fiber optic,Yes,Yes,Yes,Yes,Yes,No,Month-to-month,Yes,Mailed check,103.14,7004.69,No
7790-YXNE,Male,0,Yes,No,71,Yes,Yes,DSL,No,No,Yes,Yes,Yes,No,Two year,Yes,Credit card (automatic),68.07,4766.26,No
7791-QJIG,Male,0,No,No,52,Yes,No,DSL,No,Yes,Yes,No,Yes,Yes,Month-to-month,No,Electronic check,72.96,3898.82,No
7792-ZHCK,Female,0,No,No,8,Yes,No,Fiber optic,No,No,Yes,No,Yes,No,Month-to-month,No,Bank transfer (automatic),84.65,690.02,No
7793-KRFT,Female,0,Yes,No,35,Yes,Yes,Fiber optic,Yes,Yes,Yes,No,Yes,No,Month-to-month,No,Electronic check,105.91,3719.56,Yes
7794-TTLQ,Male,1,Yes,Yes,26,Yes,No,DSL,No,No,No,Yes,Yes,Yes,Month-to-month,No,Bank transfer (automatic),69.25,1768.02,No
7795-ONMM,Male,0,No,Yes,12,Yes,Yes,No,No internet service,No internet service,No internet service,No internet service,No internet service,No internet service,Month-to-month,No,Electronic check,29.15,340.07,No
7796-DKGY,Female,1,Yes,Yes,64,Yes,No,No,No internet service,No internet service,No internet service,No internet service,No internet service,No internet service,Two year,Yes,Credit card (automatic),18.57,1213.40,No
7797-WXZZ,Male,0,No,No,30,Yes,No,DSL,Yes,Yes,No,No,No,No,One year,No,Electronic check,58.13,1705.66,No
7798-LMZF,Male,0,Yes,No,47,Yes,Yes,DSL,Yes,Yes,Yes,Yes,No,No,Month-to-month,No,Credit card (automatic),74.59,3585.40,No
7799-CEVJ,Male,0,No,No,50,Yes,No,No,No internet service,No internet service,No internet service,No internet service,No internet service,No internet service,One year,Yes,Mailed check,21.65,1065.75,No
7800-BPUO,Male,0,No,Yes,24,Yes,No,DSL,No,No,No,Yes,No,No,One year,Yes,Credit card (automatic),51.12,1228.62,No
7801-ZALZ,Male,0,Yes,No,26,Yes,Yes,DSL,No,Yes,No,Yes,Yes,Yes,Month-to-month,Yes,Electronic check,79.67,2064.30,Yes
7802-ZNNY,Female,0,No,No,70,Yes,No,Fiber optic,No,Yes,Yes,No,No,No,Month-to-month,No,Credit card (automatic),85.59,5817.24,No
7803-PNDX,Female,0,No,No,60,Yes,No,No,No internet service,No internet service,No internet service,No internet service,No internet service,No internet service,Month-to-month,No,Mailed check,20.59,1272.01,No
7804-IMRL,Female,0,No,No,37,Yes,Yes,Fiber optic,Yes,No,Yes,Yes,Yes,Yes,One year,No,Electronic check,109.57,4163.31,No
7805-AXKB,Female,0,Yes,Yes,39,Yes,Yes,Fiber optic,No,Yes,Yes,No,No,Yes,Month-to-month,No,Credit card (automatic),93.41,3646.02,No
7806-HAOM,Female,1,Yes,Yes,1,Yes,No,No,No internet service,No internet service,No internet service,No internet service,No internet service,No internet service,Month-to-month,Yes,Electronic check,20.43,20.51,No
7807-HRZS,Male,1,Yes,No,15,Yes,Yes,Fiber optic,No,Yes,Yes,No,No,Yes,Month-to-month,Yes,Electronic check,99.72,1527.17,Yes
7808-HPPC,Male,0,No,Yes,1,Yes,No,Fiber optic,No,Yes,Yes,No,Yes,Yes,Two year,Yes,Electronic check,103.22,106.21,Yes
7809-EVCN,Female,1,Yes,No,59,Yes,No,DSL,Yes,No,Yes,Yes,No,No,Month-to-month,Yes,Mailed check,65.46,3949.32,No
7810-THKD,Male,0,Yes,No,68,Yes,No,Fiber optic,Yes,Yes,No,No,Yes,Yes,Two year,No,Bank transfer (automatic),89.88,5947.95,No
7811-KSUE,Female,0,No,Yes,12,Yes,No,Fiber optic,Yes,No,Yes,No,No,No,One year,No,Electronic check,81.22,969.92,No
7812-BOTC,Female,1,Yes,No,21,Yes,No,DSL,Yes,No,No,Yes,No,No,Month-to-month,Yes,Bank transfer (automatic),59.47,1275.01,No
7813-ESWE,Male,0,No,Yes,26,Yes,No,Fiber optic,No,No,No,No,Yes,No,Two year,Yes,Credit card (automatic),76.11,2001.13,No
7814-KPUF,Female,0,Yes,No,59,Yes,Yes,DSL,Yes,No,No,No,Yes,No,One year,Yes,Mailed check,62.63,3708.56,No
7815-YXUY,Female,0,No,No,30,Yes,Yes,DSL,No,No,No,No,No,Yes,Month-to-month,No,Credit card (automatic),61.4,1849.41,Yes
7816-JZLO,Male,0,Yes,No,4,Yes,No,Fiber optic,Yes,No,No,No,Yes,No,Month-to-month,Yes,Electronic check,80.2,327.84,Yes
7817-XHTI,Male,0,Yes,Yes,43,Yes,Yes,DSL,No,Yes,No,Yes,Yes,Yes,Month-to-month,Yes,Bank transfer (automatic),76.87,3399.51,Yes
7818-UYRU,Female,0,No,No,11,Yes,No,DSL,No,Yes,No,No,No,Yes,Month-to-month,No,Bank transfer (automatic),55.79,628.78,Yes
7819-GMUT,Female,0,Yes,No,47,Yes,No,No,No internet service,No internet service,No internet service,No internet service,No internet service,No internet service,Two year,No,Mailed check,18.25,848.48,No
7820-NIQQ,Male,0,Yes,No,62,Yes,No,No,No internet service,No internet service,No internet service,No internet service,No internet service,No internet service,Month-to-month,Yes,Electronic check,18.25,1124.77,No
7821-FCNE,Female,0,Yes,No,5,Yes,Yes,Fiber optic,No,Yes,No,Yes,Yes,No,Month-to-month,Yes,Mailed check,96.68,494.49,No
7822-STJG,Male,0,No,No,72,Yes,Yes,DSL,No,No,No,Yes,No,No,Month-to-month,Yes,Electronic check,59.99,4363.38,No
7823-NLDG,Female,1,Yes,No,48,Yes,No,Fiber optic,No,No,No,No,No,No,Two year,No,Electronic check,69.49,3236.47,No
7824-GHJF,Female,0,Yes,No,4,No,No phone service,Fiber optic,No,No,Yes,No,No,Yes,Two year,Yes,Mailed check,82.29,333.02,No
7825-EILZ,Male,1,Yes,No,16,Yes,Yes,DSL,No,No,Yes,Yes,No,Yes,Month-to-month,Yes,Bank transfer (automatic),75.34,1218.69,No
7826-MBRU,Female,0,Yes,No,13,Yes,Yes,DSL,Yes,No,Yes,No,No,No,Month-to-month,Yes,Credit card (automatic),68.51,882.29,No
7827-LWQR,Female,0,No,No,64,Yes,Yes,Fiber optic,No,Yes,No,Yes,Yes,Yes,One year,No,Electronic check,101.1,6465.90,No
7828-WHTH,Female,0,Yes,Yes,53,Yes,Yes,Fiber optic,No,No,No,Yes,No,No,Month-to-month,Yes,Credit card (automatic),84.42,4351.18,No
7829-IDWS,Male,0,No,No,27,Yes,Yes,DSL,Yes,Yes,No,No,Yes,No,Month-to-month,Yes,Bank transfer (automatic),71.77,1908.68,Yes
7830-KIOW,Male,0,No,Yes,39,Yes,No,DSL,No,No,No,Yes,No,No,Month-to-month,Yes,Bank transfer (automatic),53.62,2099.89,Yes
7831-IVRO,Male,0,No,Yes,26,Yes,No,Fiber optic,Yes,No,Yes,Yes,No,No,Two year,No,Electronic check,87.26,2213.49,No
7832-HMTH,Male,1,No,No,30,Yes,No,Fiber optic,Yes,No,No,Yes,Yes,No,One year,No,Credit card (automatic),85.9,2528.67,No
7833-LSJY,Male,0,Yes,Yes,46,Yes,No,Fiber optic,No,Yes,Yes,Yes,No,No,Month-to-month,Yes,Bank transfer (automatic),92.71,4341.05,No
7834-HTRP,Female,1,No,Yes,15,No,No phone service,No,No internet service,No internet service,No internet service,No internet service,No internet service,No internet service,One year,Yes,Electronic check,22.91,336.09,No
7835-IFEV,Female,0,No,No,55,Yes,Yes,DSL,Yes,No,No,Yes,Yes,Yes,Two year,No,Mailed check,80.98,4372.69,No
7836-RRES,Female,0,No,No,69,Yes,Yes,No,No internet service,No internet service,No internet service,No internet service,No internet service,No internet service,Two year,No,Mailed check,25.17,1745.21,No
7837-JFQK,Male,0,Yes,Yes,71,Yes,No,Fiber optic,Yes,No,No,No,No,No,Month-to-month,No,Credit card (automatic),76.07,5262.63,Yes
7838-ICPF,Male,0,Yes,No,13,Yes,No,Fiber optic,No,No,No,Yes,No,Yes,Two year,Yes,Credit card (automatic),86.01,1110.75,No
7839-MEKC,Female,0,No,Yes,30,Yes,Yes,Fiber optic,No,Yes,Yes,No,Yes,No,One year,Yes,Bank transfer (automatic),97.02,2965.05,No
7840-RZMH,Male,0,Yes,No,20,Yes,Yes,Fiber optic,No,Yes,No,Yes,No,No,Month-to-month,Yes,Mailed check,93.72,1870.54,No
7841-BQYU,Female,1,No,No,46,Yes,Yes,Fiber optic,No,Yes,No,No,No,Yes,Month-to-month,Yes,Mailed check,94.1,4210.24,No
7842-EPJR,Female,0,Yes,Yes,24,Yes,Yes,Fiber optic,No,No,Yes,Yes,Yes,Yes,Two year,No,Electronic check,101.51,2452.86,No
7843-HGRD,Male,0,No,No,29,Yes,No,Fiber optic,No,No,Yes,No,No,No,Month-to-month,No,Bank transfer (automatic),77.57,2222.49,No
7844-LTJJ,Male,0,Yes,No,10,Yes,Yes,DSL,No,No,Yes,Yes,No,No,Month-to-month,Yes,Mailed check,59.14,576.15,Yes
7845-WZZN,Male,0,Yes,No,41,Yes,No,Fiber optic,Yes,Yes,Yes,No,No,Yes,Month-to-month,Yes,Mailed check,93.5,3926.99,No
7846-MDKO,Male,0,Yes,No,39,Yes,No,No,No internet service,No internet service,No internet service,No internet service,No internet service,No internet service,Month-to-month,Yes,Electronic check,19.82,757.71,Yes
7847-WZUM,Male,0,No,No,40,Yes,No,Fiber optic,Yes,Yes,Yes,Yes,Yes,Yes,Month-to-month,No,Electronic check,103.83,4128.95,Yes
7848-FJKB,Female,0,No,No,25,Yes,No,DSL,Yes,No,Yes,No,No,No,Month-to-month,Yes,Electronic check,56.44,1400.35,No
7849-AKMJ,Female,0,No,No,55,Yes,Yes,No,No internet service,No internet service,No internet service,No internet service,No internet service,No internet service,Two year,Yes,Mailed check,22.17,1210.29,No
7850-VQZZ,Female,0,No,No,44,Yes,No,No,No internet service,No internet service,No internet service,No internet service,No internet service,No internet service,Month-to-month,No,Mailed check,19.56,853.01,No
7851-GBOD,Female,0,No,No,13,Yes,Yes,Fiber optic,Yes,No,Yes,No,Yes,No,Two year,Yes,Credit card (automatic),93.44,1193.88,No
7852-NCOJ,Female,0,No,Yes,27,Yes,Yes,Fiber optic,Yes,No,Yes,Yes,Yes,No,Two year,Yes,Bank transfer (automatic),97.91,2625.19,No
7853-AGVU,Male,0,No,No,48,Yes,Yes,DSL,Yes,Yes,No,No,Yes,No,Month-to-month,No,Bank transfer (automatic),71.63,3359.81,No
7854-EOCC,Male,0,No,No,9,Yes,Yes,Fiber optic,No,Yes,Yes,No,No,No,Two year,No,Electronic check,88.23,812.45,No
7855-NTXA,Female,0,No,No,26,Yes,Yes,No,No internet service,No internet service,No internet service,No internet service,No internet service,No internet service,One year,No,Mailed check,28.51,753.60,No
7856-MNPO,Male,1,Yes,No,63,Yes,No,DSL,Yes,No,Yes,No,Yes,Yes,Month-to-month,No,Credit card (automatic),65.61,4169.87,Yes
7857-VTFE,Male,0,No,No,32,No,No phone service,DSL,No,Yes,No,Yes,Yes,No,Month-to-month,No,Mailed check,64.54,2122.15,Yes
7858-LYFC,Female,0,Yes,Yes,37,Yes,No,No,No internet service,No internet service,No internet service,No internet service,No internet service,No internet service,One year,No,Mailed check,22.68,858.32,No
7859-ZYOH,Female,0,Yes,Yes,50,Yes,No,Fiber optic,Yes,No,Yes,No,Yes,Yes,Month-to-month,No,Electronic check,94.78,4737.65,Yes
7860-DQUQ,Female,0,No,No,24,Yes,No,No,No internet service,No internet service,No internet service,No internet service,No internet service,No internet service,Month-to-month,No,Electronic check,18.25,444.57,No
7861-WHHT,Female,0,No,No,60,Yes,No,Fiber optic,Yes,No,No,No,No,No,Month-to-month,Yes,Bank transfer (automatic),76.34,4467.20,No
7862-AIOP,Male,1,Yes,No,2,No,No phone service,DSL,Yes,No,No,No,No,No,One year,Yes,Credit card (automatic),51.05,104.41,No
7863-SYKQ,Female,1,Yes,No,35,Yes,No,No,No internet service,No internet service,No internet service,No internet service,No internet service,No internet service,Month-to-month,Yes,Bank transfer (automatic),21.62,778.80,No
7864-STZZ,Female,0,No,No,44,Yes,Yes,DSL,No,Yes,No,No,No,No,Two year,Yes,Credit card (automatic),59.98,2659.57,No
7865-TMAQ,Female,0,Yes,No,18,Yes,No,Fiber optic,Yes,No,No,Yes,Yes,No,Month-to-month,Yes,Credit card (automatic),92.65,1662.25,No
7866-NAQS,Female,0,Yes,No,57,Yes,No,DSL,No,No,Yes,No,Yes,Yes,One year,Yes,Bank transfer (automatic),64.2,3736.68,No
7867-OVGH,Female,0,No,Yes,6,Yes,Yes,Fiber optic,No,No,Yes,Yes,Yes,Yes,Month-to-month,No,Mailed check,108.87,639.36,Yes
7868-OBLF,Male,0,No,No,47,Yes,No,DSL,No,No,Yes,Yes,No,No,Two year,No,Mailed check,56.45,2689.68,No
7869-KDDU,Male,0,No,No,46,Yes,Yes,No,No internet service,No internet service,No internet service,No internet service,No internet service,No internet service,Two year,Yes,Credit card (automatic),27.48,1234.91,No
7870-DOTE,Male,0,No,No,57,No,No phone service,No,No internet service,No internet service,No internet service,No internet service,No internet service,No internet service,Month-to-month,Yes,Mailed check,19.1,1067.02,No
7871-IFZI,Male,0,Yes,Yes,15,Yes,Yes,DSL,Yes,Yes,Yes,Yes,No,No,Month-to-month,No,Mailed check,74.32,1113.33,Yes
7872-LKYM,Male,0,Yes,No,12,Yes,No,Fiber optic,Yes,Yes,No,No,No,Yes,One year,Yes,Credit card (automatic),93.02,1094.09,No
7873-NATO,Male,0,No,No,42,Yes,Yes,Fiber optic,No,No,No,Yes,Yes,No,Two year,Yes,Electronic check,88.35,3773.38,No
7874-VTAE,Female,0,No,No,70,Yes,No,No,No internet service,No internet service,No internet service,No internet service,No internet service,No internet service,Month-to-month,No,Mailed check,18.25,1283.39,Yes
7875-WKAT,Female,0,Yes,No,57,Yes,No,Fiber optic,Yes,Yes,Yes,No,Yes,Yes,One year,Yes,Electronic check,101.6,5858.00,No
7876-KTWR,Female,0,Yes,No,16,Yes,No,No,No internet service,No internet service,No internet service,No internet service,No internet service,No internet service,Month-to-month,No,Mailed check,20.58,328.41,No
7877-ZUNJ,Female,0,Yes,No,30,Yes,No,No,No internet service,No internet service,No internet service,No internet service,No internet service,No internet service,Two year,Yes,Credit card (automatic),18.9,574.77,No
7878-JDMI,Female,0,Yes,No,20,Yes,Yes,Fiber optic,No,No,Yes,Yes,Yes,Yes,Two year,Yes,Electronic check,109.06,2215.28,No
7879-BHZH,Female,0,Yes,Yes,57,Yes,Yes,Fiber optic,No,Yes,No,Yes,No,Yes,Two year,No,Credit card (automatic),98.6,5709.17,No
7880-PJOB,Male,0,Yes,No,37,Yes,No,Fiber optic,Yes,No,Yes,Yes,Yes,No,Month-to-month,No,Mailed check,90.15,3431.96,Yes
7881-LIHC,Female,0,No,Yes,32,Yes,Yes,Fiber optic,No,Yes,No,No,Yes,Yes,Month-to-month,Yes,Mailed check,90.09,2882.20,Yes
7882-PZSP,Male,0,Yes,Yes,1,Yes,Yes,Fiber optic,No,No,No,Yes,No,No,Month-to-month,Yes,Credit card (automatic),80.63,80.63,Yes
7883-EDPG,Male,0,No,No,46,Yes,No,DSL,Yes,No,Yes,Yes,Yes,No,Month-to-month,Yes,Mailed check,69.63,3230.45,No
7884-MQZM,Female,1,No,Yes,32,Yes,No,Fiber optic,Yes,No,Yes,No,No,Yes,Month-to-month,Yes,Electronic check,85.6,2712.39,Yes
7885-GJNW,Female,0,No,No,3,No,No phone service,No,No internet service,No internet service,No internet service,No internet service,No internet service,No internet service,Month-to-month,Yes,Bank transfer (automatic),18.25,54.97,Yes
7886-EFWP,Male,1,No,No,15,Yes,No,Fiber optic,No,No,Yes,No,No,Yes,Month-to-month,Yes,Mailed check,84.39,1231.04,No
7887-YRPZ,Male,0,Yes,No,53,No,No phone service,Fiber optic,No,Yes,Yes,Yes,Yes,No,Month-to-month,No,Mailed check,97.9,5265.89,No
7888-WAAO,Male,0,Yes,Yes,54,Yes,Yes,DSL,Yes,Yes,No,No,Yes,No,Month-to-month,No,Credit card (automatic),69.6,3672.89,No
7889-FBLC,Male,0,No,No,36,Yes,Yes,DSL,No,No,Yes,Yes,Yes,Yes,Month-to-month,No,Bank transfer (automatic),78.02,2831.57,Yes
7890-GKEU,Male,0,Yes,No,55,Yes,Yes,DSL,No,Yes,No,No,No,No,Month-to-month,Yes,Mailed check,55.63,3117.28,Yes
7891-DAMN,Female,0,Yes,No,54,Yes,Yes,Fiber optic,Yes,No,No,Yes,Yes,No,One year,No,Electronic check,96.2,5227.03,No
7892-UTAV,Female,0,Yes,No,45,Yes,Yes,Fiber optic,No,No,No,No,Yes,Yes,One year,Yes,Electronic check,89.59,3942.31,No
7893-FFGC,Female,0,No,No,16,Yes,Yes,Fiber optic,No,No,No,No,Yes,Yes,Month-to-month,No,Electronic check,85.9,1371.72,No
7894-KUUR,Female,0,Yes,No,31,Yes,No,DSL,No,Yes,No,No,No,No,Month-to-month,No,Credit card (automatic),49.54,1535.73,No
7895-DMFQ,Female,0,No,Yes,59,Yes,Yes,DSL,Yes,No,Yes,Yes,Yes,Yes,Two year,Yes,Electronic check,84.04,4961.22,No
7896-HWJQ,Female,0,Yes,No,23,Yes,Yes,No,No internet service,No internet service,No internet service,No internet service,No internet service,No internet service,Month-to-month,No,Credit card (automatic),27.35,623.17,No
7897-HFVP,Male,0,No,No,48,Yes,No,DSL,Yes,No,Yes,Yes,Yes,No,Two year,Yes,Bank transfer (automatic),65.51,3232.29,No
7898-LXXH,Male,0,Yes,No,60,Yes,No,No,No internet service,No internet service,No internet service,No internet service,No internet service,No internet service,Month-to-month,No,Mailed check,22.19,1316.63,No
7899-WIEY,Female,0,No,No,39,Yes,No,Fiber optic,No,Yes,No,No,Yes,Yes,Month-to-month,No,Credit card (automatic),88.53,3364.75,No
7900-UZGM,Male,0,No,No,37,Yes,Yes,No,No internet service,No internet service,No internet service,No internet service,No internet service,No internet service,Two year,Yes,Electronic check,23.49,884.86,No
7901-OFLM,Male,0,Yes,No,14,Yes,Yes,Fiber optic,Yes,Yes,No,Yes,Yes,Yes,One year,Yes,Electronic check,114.37,1585.07,No
7902-HXRK,Male,0,Yes,No,36,Yes,Yes,No,No internet service,No internet service,No internet service,No internet service,No internet service,No internet service,Two year,Yes,Electronic check,23.64,830.62,No
7903-GFRY,Female,0,No,No,4,Yes,Yes,Fiber optic,Yes,No,No,Yes,No,Yes,One year,Yes,Credit card (automatic),95.7,371.76,Yes
7904-VNAB,Male,0,No,No,9,Yes,No,DSL,Yes,Yes,No,Yes,Yes,Yes,Two year,No,Bank transfer (automatic),82.46,722.00,No
7905-TGYI,Female,0,Yes,Yes,40,Yes,Yes,No,No internet service,No internet service,No internet service,No internet service,No internet service,No internet service,Month-to-month,Yes,Mailed check,26.27,1047.22,Yes
7906-BWQE,Male,0,Yes,No,16,No,No phone service,DSL,No,Yes,Yes,Yes,No,Yes,Month-to-month,Yes,Bank transfer (automatic),68.25,1115.78,No
7907-MREH,Male,0,Yes,No,26,No,No phone service,Fiber optic,No,No,Yes,No,No,No,Month-to-month,Yes,Mailed check,73.54,1884.34,Yes
7908-UJPE,Male,0,Yes,No,26,Yes,Yes,Fiber optic,Yes,Yes,No,No,Yes,Yes,One year,Yes,Mailed check,103.87,2709.39,No
7909-IWAI,Male,1,Yes,No,35,Yes,Yes,No,No internet service,No internet service,No internet service,No internet service,No internet service,No internet service,Month-to-month,Yes,Credit card (automatic),25.93,890.15,No
7910-IXNZ,Female,0,Yes,No,51,Yes,Yes,Fiber optic,Yes,Yes,No,No,No,Yes,Two year,Yes,Bank transfer (automatic),92.87,4754.89,No
7911-BONN,Male,0,Yes,No,33,Yes,Yes,No,No internet service,No internet service,No internet service,No internet service,No internet service,No internet service,Month-to-month,No,Bank transfer (automatic),29.91,1007.23,No
7912-NITU,Male,0,No,No,61,Yes,Yes,DSL,Yes,No,Yes,Yes,No,Yes,Month-to-month,Yes,Bank transfer (automatic),81.8,5041.15,No
7913-UAMV,Female,0,No,Yes,35,Yes,No,No,No internet service,No internet service,No internet service,No internet service,No internet service,No internet service,Month-to-month,Yes,Electronic check,22.15,773.06,No
7914-RVSO,Female,0,No,No,72,Yes,Yes,No,No internet service,No internet service,No internet service,No internet service,No internet service,No internet service,Two year,No,Credit card (automatic),28.3,2063.33,No
7915-MTEU,Male,0,No,Yes,72,No,No phone service,Fiber optic,No,No,Yes,Yes,Yes,Yes,One year,No,Electronic check,91.32,6627.22,Yes
7916-CBXN,Female,0,No,No,31,Yes,Yes,DSL,Yes,Yes,No,Yes,Yes,No,Month-to-month,Yes,Electronic check,72.38,2242.92,No
7917-PWJY,Female,0,Yes,No,56,Yes,Yes,Fiber optic,No,No,Yes,Yes,No,Yes,One year,No,Mailed check,90.78,4966.28,No
7918-TFEO,Male,0,No,Yes,33,Yes,No,DSL,Yes,No,Yes,Yes,No,No,Month-to-month,No,Credit card (automatic),64.77,2145.00,No
7919-OADN,Female,0,Yes,Yes,64,Yes,Yes,Fiber optic,No,No,No,Yes,No,No,Two year,Yes,Bank transfer (automatic),83.03,5171.42,No
7920-KJLT,Female,1,No,No,56,Yes,No,DSL,No,Yes,Yes,No,Yes,Yes,Month-to-month,Yes,Mailed check,69.42,3785.64,Yes
7921-OINR,Female,1,No,Yes,25,No,No phone service,Fiber optic,No,No,Yes,No,Yes,Yes,Month-to-month,Yes,Electronic check,84.11,2068.56,Yes
7922-CUKB,Male,0,No,No,24,Yes,Yes,Fiber optic,Yes,Yes,No,No,Yes,No,Month-to-month,No,Electronic check,99.75,2332.06,Yes
7923-MFJI,Male,0,Yes,No,64,Yes,Yes,Fiber optic,No,Yes,Yes,No,Yes,Yes,Two year,No,Electronic check,103.07,6464.37,No
7924-TWDM,Male,0,No,Yes,39,Yes,No,No,No internet service,No internet service,No internet service,No internet service,No internet service,No internet service,Two year,Yes,Electronic check,18.25,714.31,No
7925-TDME,Female,0,Yes,No,51,Yes,No,DSL,Yes,No,No,No,Yes,No,Month-to-month,Yes,Mailed check,57.27,2901.93,No
7926-IIJQ,Female,0,Yes,No,49,Yes,Yes,Fiber optic,Yes,No,No,Yes,Yes,No,Month-to-month,Yes,Electronic check,95.23,4696.03,Yes
7927-WXKE,Male,0,Yes,Yes,12,No,No phone service,No,No internet service,No internet service,No internet service,No internet service,No internet service,No internet service,One year,No,Credit card (automatic),20.86,244.35,No
7928-KWSH,Male,1,Yes,No,18,Yes,No,Fiber optic,Yes,Yes,No,Yes,Yes,No,Month-to-month,Yes,Electronic check,93.24,1703.26,No
7929-TRXW,Female,1,No,No,65,Yes,No,Fiber optic,No,Yes,No,No,No,Yes,Month-to-month,Yes,Credit card (automatic),84.93,5424.81,Yes
7930-YMGR,Female,0,Yes,No,21,Yes,No,No,No internet service,No internet service,No internet service,No internet service,No internet service,No internet service,Month-to-month,No,Credit card (automatic),18.4,392.88,No
7931-PKZV,Female,0,Yes,Yes,63,Yes,Yes,Fiber optic,No,No,Yes,No,Yes,Yes,One year,No,Electronic check,97.25,6187.63,Yes
7932-OSAV,Male,0,No,No,26,Yes,No,No,No internet service,No internet service,No internet service,No internet service,No internet service,No internet service,Two year,Yes,Electronic check,21.96,582.22,No
7933-BVEQ,Female,0,No,No,61,Yes,Yes,No,No internet service,No internet service,No internet service,No internet service,No internet service,No internet service,Month-to-month,No,Bank transfer (automatic),22.93,1417.72,No
7934-ARRZ,Male,0,Yes,No,42,Yes,Yes,DSL,No,No,Yes,Yes,Yes,No,Month-to-month,Yes,Credit card (automatic),77.99,3191.01,No
7935-OQRZ,Female,0,No,No,8,Yes,Yes,No,No internet service,No internet service,No internet service,No internet service,No internet service,No internet service,Month-to-month,No,Mailed check,26.98,219.64,No
7936-TAMI,Male,0,No,No,20,Yes,No,Fiber optic,Yes,No,Yes,No,Yes,Yes,Month-to-month,Yes,Mailed check,98.35,1987.35,Yes
7937-HPXZ,Male,0,Yes,No,69,Yes,Yes,No,No internet service,No internet service,No internet service,No internet service,No internet service,No internet service,Month-to-month,Yes,Electronic check,28.09,1957.81,No
7938-CHWG,Male,0,No,Yes,15,No,No phone service,Fiber optic,No,Yes,No,No,Yes,No,Month-to-month,No,Credit card (automatic),77.91,1169.39,Yes
7939-AWND,Female,0,No,No,17,Yes,No,No,No internet service,No internet service,No internet service,No internet service,No internet service,No internet service,Month-to-month,No,Electronic check,18.25,313.03,Yes
7940-CCWF,Female,0,Yes,No,11,Yes,No,Fiber optic,Yes,No,No,No,No,No,Month-to-month,Yes,Electronic check,75.56,839.55,Yes
7941-BXAX,Male,1,No,No,44,Yes,No,Fiber optic,Yes,Yes,No,Yes,Yes,No,Two year,Yes,Electronic check,94.51,4243.82,No
7942-NSZU,Female,0,Yes,No,59,Yes,Yes,Fiber optic,Yes,Yes,Yes,No,Yes,No,Month-to-month,No,Bank transfer (automatic),102.59,5964.87,No
7943-UTVK,Male,0,No,No,68,Yes,No,No,No internet service,No internet service,No internet service,No internet service,No internet service,No internet service,Two year,No,Mailed check,19.89,1380.52,No
7944-FLKN,Male,0,Yes,Yes,64,Yes,Yes,DSL,Yes,No,Yes,Yes,Yes,No,Two year,No,Credit card (automatic),78.67,5047.39,No
7945-GGQD,Male,0,Yes,No,64,Yes,No,DSL,Yes,Yes,Yes,Yes,No,Yes,Month-to-month,No,Electronic check,78.79,5133.96,Yes
7946-BWMW,Female,1,No,No,66,Yes,No,No,No internet service,No internet service,No internet service,No internet service,No internet service,No internet service,Two year,Yes,Bank transfer (automatic),18.82,1231.78,No
7947-XHGK,Male,0,No,No,41,Yes,Yes,Fiber optic,Yes,Yes,Yes,No,No,Yes,Month-to-month,Yes,Credit card (automatic),100.34,4015.94,Yes
7948-BSZA,Female,1,Yes,No,60,Yes,No,DSL,Yes,Yes,No,Yes,No,No,One year,Yes,Credit card (automatic),62.36,3650.75,No
7949-YFYF,Male,0,Yes,Yes,46,Yes,No,Fiber optic,Yes,No,Yes,No,No,No,Two year,Yes,Electronic check,82.93,3900.33,No
7950-KIRF,Male,0,Yes,No,10,Yes,No,No,No internet service,No internet service,No internet service,No internet service,No internet service,No internet service,One year,No,Bank transfer (automatic),22.43,225.35,No
7951-KXBI,Male,0,No,No,2,Yes,No,No,No internet service,No internet service,No internet service,No internet service,No internet service,No internet service,Month-to-month,Yes,Credit card (automatic),22.85,46.99,Yes
7952-VAJR,Female,0,Yes,No,8,Yes,No,DSL,No,Yes,Yes,Yes,No,Yes,One year,Yes,Credit card (automatic),74.91,616.09,No
7953-GJEW,Male,0,Yes,No,25,Yes,Yes,Fiber optic,Yes,Yes,Yes,Yes,No,No,Month-to-month,Yes,Credit card (automatic),102.84,2599.09,Yes
7954-BPWE,Female,0,No,No,36,Yes,Yes,Fiber optic,Yes,Yes,No,Yes,No,No,Month-to-month,Yes,Credit card (automatic),90.52,3308.22,Yes
7955-EGJF,Female,0,Yes,Yes,46,Yes,Yes,Fiber optic,Yes,No,Yes,No,Yes,Yes,Month-to-month,Yes,Electronic check,107.29,4827.04,Yes
7956-TXBD,Male,0,Yes,No,38,Yes,Yes,Fiber optic,Yes,No,No,Yes,No,No,Month-to-month,Yes,Electronic check,83.38,3088.16,Yes
7957-GVBE,Female,1,No,No,27,No,No phone service,DSL,No,No,Yes,Yes,No,Yes,One year,Yes,Credit card (automatic),62.32,1693.86,No
7958-ZHGK,Female,0,Yes,No,53,Yes,No,Fiber optic,Yes,Yes,Yes,No,Yes,No,One year,No,Credit card (automatic),91.09,4815.56,No
7959-AFRO,Male,0,No,Yes,63,Yes,No,DSL,Yes,Yes,Yes,Yes,Yes,Yes,Two year,Yes,Electronic check,81.42,5128.51,No
7960-KEUD,Male,0,No,No,17,Yes,Yes,DSL,No,Yes,No,No,No,Yes,One year,Yes,Credit card (automatic),64.93,1128.21,No
7961-FSYG,Male,0,Yes,No,19,Yes,No,Fiber optic,No,No,Yes,Yes,Yes,No,Two year,No,Electronic check,95.77,1766.99,No
7962-OBDL,Female,1,No,No,68,Yes,No,No,No internet service,No internet service,No internet service,No internet service,No internet service,No internet service,Month-to-month,No,Credit card (automatic),19.88,1379.56,No
7963-SJBL,Male,0,No,No,70,Yes,No,Fiber optic,Yes,Yes,Yes,No,Yes,Yes,Month-to-month,No,Electronic check,104.64,7500.65,Yes
7964-RHQF,Female,0,No,No,23,Yes,Yes,Fiber optic,No,No,Yes,Yes,No,No,Month-to-month,Yes,Bank transfer (automatic),88.14,1974.37,No
7965-NLDJ,Female,0,No,No,37,Yes,No,DSL,No,Yes,No,No,No,No,Month-to-month,Yes,Credit card (automatic),51.38,1881.62,Yes
7966-BBES,Female,0,Yes,No,42,Yes,Yes,No,No internet service,No internet service,No internet service,No internet service,No internet service,No internet service,Two year,Yes,Bank transfer (automatic),31.3,1347.44,Yes
7967-DPRM,Male,0,Yes,No,46,No,No phone service,Fiber optic,Yes,Yes,Yes,No,No,No,Month-to-month,Yes,Electronic check,86.02,3931.25,Yes
7968-QRGB,Female,0,No,No,63,Yes,Yes,No,No internet service,No internet service,No internet service,No internet service,No internet service,No internet service,Two year,No,Electronic check,29.41,1871.72,No
7969-HKDB,Male,1,Yes,Yes,8,Yes,No,DSL,No,Yes,No,Yes,No,No,Month-to-month,Yes,Bank transfer (automatic),56.45,448.39,Yes
7970-TTDK,Male,1,Yes,No,38,Yes,No,Fiber optic,No,No,Yes,No,No,No,Two year,Yes,Bank transfer (automatic),78.59,2926.51,No
7971-UALM,Male,0,No,No,16,Yes,No,DSL,No,No,Yes,Yes,Yes,No,One year,Yes,Credit card (automatic),65.09,1071.01,No
7972-AUXA,Male,0,Yes,Yes,55,Yes,Yes,DSL,No,Yes,Yes,No,No,Yes,Two year,Yes,Bank transfer (automatic),75.81,4184.15,No
7973-GJNA,Male,0,No,No,43,Yes,No,Fiber optic,No,Yes,Yes,Yes,No,Yes,Month-to-month,Yes,Electronic check,96.42,4219.31,Yes
7974-AQUN,Male,0,No,Yes,54,No,No phone service,No,No internet service,No internet service,No internet service,No internet service,No internet service,No internet service,Month-to-month,No,Electronic check,20.73,1102.12,No
7975-RCGE,Male,0,No,No,66,No,No phone service,DSL,Yes,No,No,Yes,No,Yes,One year,Yes,Bank transfer (automatic),64.75,4218.89,No
7976-IPNE,Male,1,Yes,No,57,No,No phone service,Fiber optic,No,No,No,No,No,Yes,Two year,Yes,Mailed check,78.78,4511.50,No
7977-SNTL,Female,0,Yes,Yes,62,Yes,No,Fiber optic,No,No,No,Yes,Yes,No,Month-to-month,No,Electronic check,82.48,5218.70,No
7978-WFXX,Male,0,No,Yes,59,Yes,Yes,Fiber optic,Yes,No,No,No,Yes,Yes,One year,No,Credit card (automatic),89.27,5200.60,No
7979-VONX,Female,0,Yes,Yes,46,Yes,No,Fiber optic,Yes,No,No,Yes,Yes,No,Month-to-month,Yes,Bank transfer (automatic),89.72,4060.16,Yes
7980-HDHA,Female,0,No,Yes,29,Yes,Yes,Fiber optic,Yes,Yes,Yes,No,No,No,Month-to-month,Yes,Bank transfer (automatic),93.4,2768.06,Yes
7981-QWLN,Female,0,No,Yes,25,Yes,No,No,No internet service,No internet service,No internet service,No internet service,No internet service,No internet service,One year,Yes,Bank transfer (automatic),22.92,587.79,No
7982-EPRD,Female,0,Yes,No,27,Yes,No,Fiber optic,Yes,No,No,Yes,Yes,Yes,Month-to-month,Yes,Electronic check,90.85,2509.87,Yes
7983-MNFO,Female,0,Yes,No,44,Yes,Yes,No,No internet service,No internet service,No internet service,No internet service,No internet service,No internet service,Month-to-month,Yes,Credit card (automatic),26.28,1179.69,No
7984-GWVS,Female,0,No,No,58,Yes,No,Fiber optic,No,Yes,Yes,No,No,No,Month-to-month,No,Bank transfer (automatic),82.4,4690.52,No
7985-HEJJ,Female,0,Yes,Yes,27,Yes,Yes,No,No internet service,No internet service,No internet service,No internet service,No internet service,No internet service,Month-to-month,Yes,Bank transfer (automatic),24.4,669.29,No
7986-GUOT,Female,0,No,Yes,42,No,No phone service,No,No internet service,No internet service,No internet service,No internet service,No internet service,No internet service,Month-to-month,Yes,Mailed check,18.25,759.20,Yes
7987-RTYT,Male,0,No,Yes,30,Yes,Yes,DSL,No,No,No,Yes,Yes,Yes,Month-to-month,No,Bank transfer (automatic),78.35,2346.24,Yes
7988-BBWD,Male,0,Yes,Yes,44,Yes,Yes,Fiber optic,No,No,Yes,Yes,No,No,Month-to-month,No,Credit card (automatic),94.46,4244.66,Yes
7989-UXPP,Female,0,No,No,59,Yes,No,No,No internet service,No internet service,No internet service,No internet service,No internet service,No internet service,Month-to-month,Yes,Electronic check,22.59,1331.06,Yes
7990-AMML,Male,1,Yes,Yes,30,Yes,Yes,Fiber optic,Yes,No,No,No,No,Yes,Month-to-month,Yes,Credit card (automatic),89.68,2653.17,No
7991-UCFY,Female,0,Yes,No,29,Yes,Yes,Fiber optic,Yes,Yes,Yes,Yes,No,Yes,Month-to-month,Yes,Electronic check,115.36,3392.62,Yes
7992-TNBH,Male,0,No,No,15,Yes,Yes,Fiber optic,Yes,No,No,Yes,No,No,Month-to-month,No,Mailed check,92.35,1349.13,No
7993-BHIY,Male,0,No,Yes,36,Yes,Yes,No,No internet service,No internet service,No internet service,No internet service,No internet service,No internet service,Month-to-month,No,Credit card (automatic),30.04,1057.19,No
7994-BTYW,Female,0,No,Yes,33,Yes,Yes,DSL,No,Yes,Yes,No,No,Yes,Month-to-month,No,Bank transfer (automatic),72.1,2346.64,No
7995-GFDW,Female,0,No,No,12,Yes,No,Fiber optic,No,No,Yes,No,Yes,Yes,Month-to-month,Yes,Electronic check,88.99,1085.59,Yes
7996-ZTUN,Female,0,No,No,70,Yes,No,Fiber optic,No,Yes,Yes,No,No,Yes,Month-to-month,Yes,Mailed check,89.85,6164.39,Yes
7997-UZHS,Male,0,Yes,Yes,62,Yes,No,DSL,Yes,No,Yes,Yes,Yes,Yes,One year,Yes,Bank transfer (automatic),80.66,4855.25,No
7998-MLLN,Female,0,Yes,No,21,Yes,Yes,DSL,Yes,No,No,Yes,Yes,Yes,Month-to-month,Yes,Electronic check,75.36,1613.29,No
7999-PHCY,Female,0,Yes,No,68,Yes,No,Fiber optic,Yes,Yes,No,No,Yes,Yes,Month-to-month,Yes,Electronic check,95.56,6551.83,Yes
8000-TBMV,Female,0,Yes,No,20,Yes,Yes,No,No internet service,No internet service,No internet service,No internet service,No internet service,No internet service,Two year,Yes,Credit card (automatic),27.92,573.64,No
8001-RZQM,Female,1,Yes,No,31,Yes,Yes,No,No internet service,No internet service,No internet service,No internet service,No internet service,No internet service,Month-to-month,No,Electronic check,23.07,698.78,Yes
8002-ZIWQ,Female,0,No,No,10,Yes,No,No,No internet service,No internet service,No internet service,No internet service,No internet service,No internet service,Month-to-month,No,Electronic check,18.25,185.22,No
8003-PWVP,Female,0,Yes,No,45,Yes,No,No,No internet service,No internet service,No internet service,No internet service,No internet service,No internet service,One year,Yes,Bank transfer (automatic),18.27,820.29,No
8004-LSCJ,Male,0,No,No,35,Yes,Yes,DSL,Yes,Yes,Yes,Yes,No,No,Month-to-month,Yes,Bank transfer (automatic),78.44,2814.77,No
8005-UFIP,Female,0,No,No,20,Yes,Yes,Fiber optic,No,No,Yes,Yes,No,Yes,Month-to-month,No,Electronic check,93.21,1903.11,Yes
8006-GSTY,Female,0,No,No,21,Yes,No,DSL,Yes,No,No,Yes,No,No,One year,No,Mailed check,58.57,1196.12,No
8007-DUOF,Female,0,Yes,No,68,Yes,Yes,Fiber optic,Yes,Yes,Yes,No,Yes,Yes,Two year,Yes,Electronic check,108.34,7345.81,No
8008-ZKXN,Female,0,No,Yes,50,Yes,No,No,No internet service,No internet service,No internet service,No internet service,No internet service,No internet service,Two year,No,Credit card (automatic),20.82,1049.73,No
8009-AVWH,Female,0,No,No,12,Yes,Yes,DSL,No,Yes,No,Yes,No,Yes,Month-to-month,Yes,Bank transfer (automatic),66.0,813.97,No
8010-SEEZ,Male,0,Yes,No,10,Yes,Yes,Fiber optic,No,Yes,Yes,Yes,No,Yes,Two year,No,Bank transfer (automatic),104.29,1051.39,No
8011-UKCE,Female,0,Yes,No,6,Yes,Yes,Fiber optic,No,No,No,Yes,Yes,Yes,Month-to-month,Yes,Bank transfer (automatic),95.05,571.13,Yes
8012-RZRG,Male,0,Yes,Yes,18,Yes,No,DSL,No,No,Yes,Yes,No,Yes,Month-to-month,No,Electronic check,63.09,1128.27,No
8013-JIXH,Male,0,No,No,54,Yes,No,No,No internet service,No internet service,No internet service,No internet service,No internet service,No internet service,Month-to-month,Yes,Electronic check,19.26,1032.30,No
8014-RSBH,Female,0,No,Yes,5,Yes,Yes,Fiber optic,Yes,No,Yes,No,Yes,Yes,Month-to-month,Yes,Mailed check,98.39,484.92,Yes
8015-YGVG,Female,1,No,No,18,Yes,No,Fiber optic,No,No,No,No,No,No,Month-to-month,Yes,Bank transfer (automatic),69.72,1222.94,Yes
8016-SVKQ,Male,0,No,No,3,Yes,Yes,No,No internet service,No internet service,No internet service,No internet service,No internet service,No internet service,Two year,Yes,Credit card (automatic),24.08,70.41,No
8017-DURJ,Male,0,Yes,No,47,Yes,Yes,DSL,Yes,No,Yes,No,Yes,No,Month-to-month,Yes,Electronic check,73.51,3535.99,No
8018-MBVM,Male,0,Yes,No,59,No,No phone service,Fiber optic,No,Yes,No,Yes,No,Yes,One year,No,Credit card (automatic),89.44,5233.40,No
8019-DXRO,Male,0,No,Yes,39,Yes,Yes,Fiber optic,Yes,No,No,Yes,Yes,No,Two year,Yes,Electronic check,92.43,3578.64,Yes
8020-AJKN,Male,1,No,Yes,66,Yes,No,Fiber optic,Yes,Yes,No,Yes,Yes,Yes,Month-to-month,Yes,Electronic check,109.37,7138.02,No
8021-MKIY,Male,0,No,No,50,Yes,No,Fiber optic,Yes,No,Yes,No,No,No,Month-to-month,Yes,Mailed check,81.38,4128.08,No
8022-PYRH,Female,0,Yes,Yes,55,Yes,Yes,Fiber optic,No,Yes,No,No,No,No,Month-to-month,No,Mailed check,81.14,4562.00,No
8023-ETMD,Female,0,Yes,No,23,No,No phone service,DSL,No,No,No,No,Yes,Yes,Month-to-month,Yes,Credit card (automatic),57.87,1318.67,No
8024-VTHA,Female,1,Yes,No,63,Yes,Yes,DSL,Yes,Yes,Yes,No,Yes,No,Month-to-month,Yes,Mailed check,76.49,4732.23,No
8025-NFSP,Male,0,Yes,Yes,46,Yes,No,No,No internet service,No internet service,No internet service,No internet service,No internet service,No internet service,Month-to-month,Yes,Bank transfer (automatic),18.76,870.12,No
8026-SIKE,Male,0,Yes,No,7,Yes,No,DSL,No,Yes,No,Yes,Yes,Yes,One year,Yes,Credit card (automatic),72.91,519.70,No
8027-JFTU,Male,0,No,No,6,Yes,Yes,No,No internet service,No internet service,No internet service,No internet service,No internet service,No internet service,One year,No,Mailed check,29.04,175.77,No
8028-PYCS,Female,0,No,No,65,Yes,No,DSL,Yes,No,Yes,No,Yes,Yes,Month-to-month,Yes,Mailed check,71.82,4681.97,No
8029-HDNF,Male,0,Yes,No,20,Yes,Yes,No,No internet service,No internet service,No internet service,No internet service,No internet service,No internet service,One year,No,Electronic check,25.71,522.48,No
8030-TOSM,Male,0,Yes,No,34,Yes,No,No,No internet service,No internet service,No internet service,No internet service,No internet service,No internet service,One year,No,Bank transfer (automatic),22.16,767.99,No
8031-XMMM,Male,0,Yes,No,55,Yes,Yes,DSL,No,No,Yes,Yes,No,No,One year,Yes,Credit card (automatic),63.93,3523.59,No
8032-MJFC,Female,0,Yes,Yes,56,Yes,No,Fiber optic,Yes,Yes,No,No,Yes,No,Month-to-month,No,Electronic check,94.16,5280.70,No
8033-UNEY,Male,0,No,Yes,2,Yes,No,Fiber optic,Yes,Yes,No,No,Yes,No,Month-to-month,Yes,Credit card (automatic),92.67,184.20,Yes
8034-OQHP,Male,0,Yes,No,45,Yes,No,Fiber optic,Yes,No,No,Yes,Yes,No,Two year,No,Credit card (automatic),91.53,4024.31,Yes
8035-DUVV,Female,0,No,Yes,66,Yes,Yes,No,No internet service,No internet service,No internet service,No internet service,No internet service,No internet service,Month-to-month,Yes,Bank transfer (automatic),27.64,1788.20,No
8036-PHXU,Female,0,Yes,No,26,Yes,No,DSL,Yes,Yes,Yes,No,Yes,No,Month-to-month,Yes,Bank transfer (automatic),68.7,1758.88,Yes
8037-RVZM,Male,0,Yes,No,40,Yes,No,No,No internet service,No internet service,No internet service,No internet service,No internet service,No internet service,Month-to-month,Yes,Credit card (automatic),18.25,735.49,Yes
8038-DONR,Male,1,No,No,20,No,No phone service,Fiber optic,Yes,Yes,No,No,No,No,Month-to-month,No,Credit card (automatic),86.3,1713.97,Yes
8039-KUPE,Female,0,Yes,No,52,Yes,No,Fiber optic,Yes,Yes,Yes,No,Yes,No,One year,Yes,Bank transfer (automatic),93.36,4840.85,No
8040-GUBB,Female,0,Yes,Yes,9,Yes,Yes,Fiber optic,Yes,No,No,No,No,No,Month-to-month,No,Electronic check,83.79,741.52,Yes
8041-WUHD,Female,0,No,Yes,38,Yes,Yes,DSL,No,Yes,Yes,Yes,No,Yes,Month-to-month,No,Bank transfer (automatic),76.41,2858.05,No
8042-XJAT,Male,0,Yes,No,30,No,No phone service,Fiber optic,Yes,Yes,Yes,No,Yes,No,Two year,No,Electronic check,94.99,2873.24,No
8043-VJIB,Male,0,Yes,No,47,Yes,No,DSL,No,No,No,No,Yes,No,Month-to-month,Yes,Mailed check,50.72,2450.89,No
8044-WCML,Female,0,Yes,No,36,Yes,No,No,No internet service,No internet service,No internet service,No internet service,No internet service,No internet service,Month-to-month,No,Bank transfer (automatic),19.85,694.89,No
8045-EPHJ,Male,0,Yes,Yes,71,Yes,Yes,Fiber optic,Yes,No,Yes,No,No,Yes,One year,Yes,Mailed check,92.11,6496.16,No
8046-HVXU,Male,0,No,No,71,Yes,No,Fiber optic,No,Yes,Yes,Yes,No,No,Month-to-month,Yes,Electronic check,90.51,6443.80,Yes
8047-IIGP,Female,0,Yes,No,21,Yes,Yes,No,No internet service,No internet service,No internet service,No internet service,No internet service,No internet service,Two year,Yes,Mailed check,27.0,576.45,No
8048-FQNL,Female,0,No,No,3,Yes,No,No,No internet service,No internet service,No internet service,No internet service,No internet service,No internet service,One year,No,Mailed check,21.46,64.68,No
8049-NAWT,Male,1,No,Yes,36,Yes,No,No,No internet service,No internet service,No internet service,No internet service,No internet service,No internet service,Month-to-month,Yes,Credit card (automatic),20.81,752.22,Yes
8050-NRIG,Female,0,Yes,No,43,Yes,No,DSL,Yes,No,Yes,No,Yes,No,Month-to-month,No,Electronic check,63.43,2672.26,Yes
8051-VNTS,Male,0,Yes,No,55,Yes,No,No,No internet service,No internet service,No internet service,No internet service,No internet service,No internet service,Month-to-month,Yes,Credit card (automatic),20.3,1095.46,No
8052-EWXV,Female,1,Yes,No,38,Yes,Yes,DSL,No,Yes,Yes,No,Yes,No,Month-to-month,No,Mailed check,70.35,2610.60,No
8053-OQTA,Female,0,Yes,Yes,43,Yes,No,Fiber optic,No,No,Yes,No,Yes,No,Month-to-month,No,Electronic check,83.99,3715.96,Yes
8054-YUXD,Male,0,Yes,No,2,Yes,No,No,No internet service,No internet service,No internet service,No internet service,No internet service,No internet service,Month-to-month,Yes,Electronic check,20.29,39.59,Yes
8055-JUEQ,Female,0,No,No,55,Yes,No,DSL,No,No,No,Yes,No,No,One year,Yes,Electronic check,51.16,2782.21,No
8056-OYRN,Male,0,Yes,No,24,Yes,No,DSL,No,Yes,Yes,No,Yes,Yes,Month-to-month,Yes,Mailed check,65.8,1570.68,Yes
8057-ULDI,Female,0,No,No,28,Yes,Yes,Fiber optic,No,Yes,No,No,No,Yes,Month-to-month,Yes,Credit card (automatic),86.51,2384.62,No
8058-KFZB,Male,0,No,Yes,31,Yes,No,Fiber optic,Yes,Yes,Yes,Yes,No,Yes,Month-to-month,No,Bank transfer (automatic),103.66,3219.59,Yes
8059-MYUC,Male,0,No,No,6,Yes,Yes,Fiber optic,No,Yes,No,Yes,Yes,No,Month-to-month,No,Electronic check,90.79,553.62,Yes
8060-KEQY,Female,1,Yes,No,36,Yes,No,No,No internet service,No internet service,No internet service,No internet service,No internet service,No internet service,Two year,No,Mailed check,22.22,821.72,No
8061-SRPD,Female,1,Yes,No,28,Yes,Yes,No,No internet service,No internet service,No internet service,No internet service,No internet service,No internet service,Month-to-month,No,Electronic check,28.34,775.64,No
8062-ORCS,Male,0,No,No,17,Yes,No,No,No internet service,No internet service,No internet service,No internet service,No internet service,No internet service,Two year,No,Electronic check,18.25,313.97,No
8063-OMWP,Female,0,Yes,No,18,Yes,Yes,DSL,Yes,No,No,Yes,No,No,One year,Yes,Electronic check,61.1,1082.54,No
8064-ZMZC,Female,0,No,Yes,3,Yes,Yes,Fiber optic,No,No,Yes,Yes,No,No,Month-to-month,No,Bank transfer (automatic),88.8,273.24,No
8065-NFRO,Male,1,No,No,64,Yes,No,No,No internet service,No internet service,No internet service,No internet service,No internet service,No internet service,Month-to-month,No,Bank transfer (automatic),18.25,1172.16,Yes
8066-GCTT,Female,0,No,No,22,Yes,No,DSL,Yes,No,No,Yes,Yes,No,Month-to-month,Yes,Electronic check,64.26,1403.56,Yes
8067-IXEG,Female,1,Yes,Yes,63,Yes,Yes,Fiber optic,No,No,Yes,No,Yes,Yes,Month-to-month,No,Electronic check,96.34,5908.99,Yes
8068-ZHVJ,Male,0,Yes,No,61,Yes,No,DSL,Yes,Yes,Yes,Yes,No,Yes,One year,No,Bank transfer (automatic),73.45,4613.15,No
8069-JSLI,Male,0,No,Yes,33,Yes,No,DSL,No,No,Yes,No,No,Yes,Two year,No,Electronic check,56.81,1906.19,No
8070-NBZG,Female,0,No,No,59,Yes,Yes,DSL,Yes,No,No,Yes,No,Yes,Month-to-month,No,Electronic check,69.56,4139.41,No
8071-CCQA,Male,0,No,No,16,Yes,No,Fiber optic,Yes,Yes,Yes,Yes,Yes,Yes,Two year,Yes,Mailed check,111.87,1757.65,No
8072-ZDGH,Female,0,No,No,14,Yes,No,Fiber optic,Yes,No,Yes,Yes,Yes,No,Two year,Yes,Credit card (automatic),99.13,1398.00,No
8073-OSIS,Female,1,No,No,65,Yes,Yes,DSL,Yes,Yes,Yes,Yes,Yes,No,Month-to-month,Yes,Credit card (automatic),85.84,5423.89,No
8074-OQUN,Male,0,No,Yes,47,Yes,Yes,Fiber optic,Yes,Yes,No,No,Yes,Yes,Month-to-month,Yes,Electronic check,100.99,4687.25,Yes
8075-ZBDS,Male,0,No,No,50,No,No phone service,DSL,Yes,Yes,Yes,Yes,Yes,Yes,Month-to-month,No,Mailed check,83.22,4275.84,No
8076-FKGH,Female,0,Yes,No,67,Yes,Yes,DSL,Yes,Yes,No,Yes,No,Yes,Month-to-month,Yes,Credit card (automatic),80.05,5504.96,No
8077-FRAD,Male,0,Yes,Yes,2,Yes,Yes,No,No internet service,No internet service,No internet service,No internet service,No internet service,No internet service,Month-to-month,Yes,Mailed check,24.37,48.55,No
8078-RTFQ,Male,0,No,Yes,13,Yes,Yes,Fiber optic,Yes,No,Yes,No,No,No,Month-to-month,Yes,Mailed check,94.36,1250.90,No
8079-OHAI,Female,1,No,No,70,Yes,No,Fiber optic,Yes,Yes,Yes,No,Yes,Yes,Two year,Yes,Credit card (automatic),97.81,6733.99,No
8080-ILYU,Female,1,Yes,No,10,Yes,Yes,DSL,Yes,No,Yes,Yes,Yes,Yes,Two year,No,Bank transfer (automatic),79.27,799.26,No
8081-JGIL,Female,0,No,Yes,33,Yes,Yes,DSL,Yes,No,No,Yes,Yes,Yes,Month-to-month,No,Mailed check,77.02,2490.29,Yes
8082-GMJS,Female,0,Yes,Yes,2,Yes,Yes,No,No internet service,No internet service,No internet service,No internet service,No internet service,No internet service,Month-to-month,Yes,Electronic check,25.26,49.46,Yes
8083-XGJZ,Female,0,Yes,No,24,Yes,Yes,DSL,No,Yes,Yes,Yes,No,Yes,One year,No,Electronic check,76.15,1866.99,Yes
8084-LBDE,Male,1,No,No,13,No,No phone service,Fiber optic,No,No,Yes,No,Yes,Yes,One year,No,Electronic check,93.9,1234.23,No
8085-ZKGM,Female,0,Yes,No,19,Yes,Yes,Fiber optic,No,No,Yes,Yes,Yes,Yes,Month-to-month,No,Bank transfer (automatic),102.78,1965.42,Yes
8086-KHHO,Female,0,No,No,59,Yes,Yes,Fiber optic,No,Yes,No,Yes,Yes,Yes,Two year,Yes,Mailed check,98.31,5957.46,Yes
8087-DQLG,Female,1,No,No,20,Yes,No,No,No internet service,No internet service,No internet service,No internet service,No internet service,No internet service,One year,Yes,Bank transfer (automatic),20.51,408.50,No
8088-BENW,Female,1,No,Yes,59,No,No phone service,No,No internet service,No internet service,No internet service,No internet service,No internet service,No internet service,Month-to-month,Yes,Electronic check,20.46,1176.76,Yes
8089-TCCW,Male,0,Yes,No,65,Yes,Yes,DSL,No,No,Yes,No,Yes,No,Month-to-month,No,Mailed check,72.38,4571.12,No
8090-UXBA,Female,0,No,No,39,No,No phone service,DSL,Yes,No,No,No,Yes,No,Month-to-month,Yes,Bank transfer (automatic),58.3,2239.33,Yes
8091-PWKL,Male,0,Yes,No,39,Yes,No,Fiber optic,Yes,No,Yes,Yes,Yes,No,Month-to-month,No,Credit card (automatic),92.32,3541.66,No
8092-VWMK,Female,0,No,No,25,Yes,No,DSL,Yes,No,No,Yes,No,Yes,Month-to-month,Yes,Electronic check,65.99,1622.10,No
8093-IIBJ,Male,0,Yes,No,49,Yes,No,Fiber optic,No,No,No,Yes,No,Yes,Month-to-month,No,Electronic check,83.1,4096.53,No
8094-APKV,Male,0,No,No,59,Yes,Yes,Fiber optic,Yes,Yes,Yes,Yes,No,Yes,Two year,No,Credit card (automatic),108.03,6445.43,No
8095-NGJO,Male,0,No,Yes,63,Yes,No,No,No internet service,No internet service,No internet service,No internet service,No internet service,No internet service,Month-to-month,Yes,Electronic check,20.89,1339.89,No
8096-AHEL,Female,0,Yes,Yes,15,Yes,No,No,No internet service,No internet service,No internet service,No internet service,No internet service,No internet service,Two year,No,Mailed check,18.25,267.11,No
8097-VRAJ,Female,0,Yes,No,50,Yes,Yes,DSL,Yes,No,No,Yes,Yes,No,Month-to-month,Yes,Credit card (automatic),72.98,3732.44,No
8098-WSNQ,Male,0,Yes,No,11,Yes,Yes,DSL,No,No,Yes,Yes,No,Yes,One year,Yes,Mailed check,68.46,755.18,Yes
8099-GCJF,Male,1,No,Yes,36,Yes,Yes,No,No internet service,No internet service,No internet service,No internet service,No internet service,No internet service,One year,No,Bank transfer (automatic),27.62,1007.32,No
8100-WNND,Male,0,No,No,7,Yes,No,DSL,Yes,No,No,Yes,No,No,Month-to-month,No,Electronic check,61.4,433.92,No
8101-EWNU,Male,1,No,No,40,Yes,No,DSL,Yes,Yes,Yes,Yes,No,No,Month-to-month,No,Bank transfer (automatic),67.4,2700.80,Yes
8102-ESRD,Female,0,No,No,62,Yes,No,DSL,Yes,Yes,Yes,Yes,Yes,Yes,Month-to-month,Yes,Credit card (automatic),78.54,4774.66,No
8103-YBVX,Male,0,Yes,No,59,Yes,Yes,DSL,No,No,Yes,No,No,No,One year,No,Mailed check,59.55,3603.33,No
8104-OIHH,Male,1,No,Yes,52,Yes,No,DSL,Yes,Yes,Yes,No,Yes,Yes,Two year,Yes,Credit card (automatic),77.58,3976.12,No
8105-CICP,Male,0,Yes,No,42,Yes,Yes,DSL,Yes,Yes,Yes,No,Yes,No,Month-to-month,Yes,Electronic check,74.45,3172.03,Yes
8106-BTKG,Male,0,No,No,45,Yes,No,DSL,No,No,No,No,No,Yes,Month-to-month,Yes,Credit card (automatic),54.93,2468.68,Yes
8107-KLXJ,Female,0,Yes,No,8,Yes,No,No,No internet service,No internet service,No internet service,No internet service,No internet service,No internet service,Two year,No,Credit card (automatic),19.29,154.66,No
8108-JGON,Female,0,No,No,53,Yes,Yes,DSL,Yes,Yes,No,Yes,No,Yes,Month-to-month,Yes,Credit card (automatic),77.25,3981.59,No
8109-WBFG,Male,0,Yes,Yes,50,Yes,Yes,No,No internet service,No internet service,No internet service,No internet service,No internet service,No internet service,Month-to-month,Yes,Electronic check,23.94,1205.69,No
8110-RBTC,Female,0,Yes,Yes,11,Yes,No,Fiber optic,Yes,Yes,Yes,No,No,Yes,Month-to-month,Yes,Bank transfer (automatic),91.47,977.62,Yes
8111-EARU,Male,0,Yes,Yes,46,No,No phone service,Fiber optic,Yes,No,Yes,No,Yes,No,Month-to-month,Yes,Electronic check,90.55,4226.51,Yes
8112-MTWI,Male,0,No,No,28,Yes,No,No,No internet service,No internet service,No internet service,No internet service,No internet service,No internet service,Month-to-month,Yes,Electronic check,18.76,530.04,No
8113-AOJG,Male,0,No,No,37,Yes,No,Fiber optic,Yes,No,No,No,No,Yes,One year,No,Electronic check,78.91,2889.21,No
8114-VBPL,Male,0,Yes,No,59,Yes,No,DSL,Yes,No,No,No,Yes,No,Month-to-month,Yes,Electronic check,63.74,3818.77,No
8115-ZDVN,Male,0,Yes,No,24,No,No phone service,Fiber optic,Yes,Yes,No,Yes,No,Yes,One year,No,Mailed check,99.78,2446.47,No
8116-JIYS,Female,0,Yes,Yes,67,Yes,Yes,DSL,No,No,No,No,No,No,One year,Yes,Bank transfer (automatic),55.63,3632.73,No
8117-VPCN,Female,0,No,No,31,Yes,Yes,DSL,Yes,No,Yes,Yes,Yes,Yes,Month-to-month,Yes,Electronic check,84.65,2672.67,Yes
8118-SHPF,Female,0,No,No,37,Yes,No,No,No internet service,No internet service,No internet service,No internet service,No internet service,No internet service,Two year,Yes,Electronic check,18.98,719.82,No
8119-LWIJ,Male,0,No,Yes,3,Yes,Yes,No,No internet service,No internet service,No internet service,No internet service,No internet service,No internet service,Two year,Yes,Mailed check,24.06,73.14,No
8120-VDSL,Male,0,No,No,9,Yes,No,Fiber optic,No,Yes,No,Yes,Yes,Yes,Two year,No,Mailed check,104.69,936.69,No
8121-LQAB,Male,0,Yes,No,21,Yes,No,Fiber optic,Yes,No,No,Yes,No,Yes,Month-to-month,Yes,Mailed check,89.69,1849.89,Yes
8122-THYV,Male,0,Yes,No,71,No,No phone service,Fiber optic,No,No,No,No,No,No,One year,No,Mailed check,67.75,4836.86,No
8123-SYWQ,Male,1,No,Yes,19,Yes,No,DSL,No,Yes,Yes,Yes,Yes,No,Month-to-month,Yes,Credit card (automatic),69.74,1294.50,No
8124-LZAD,Female,1,No,No,29,Yes,No,DSL,No,No,No,No,No,Yes,Month-to-month,Yes,Electronic check,55.77,1656.99,Yes
8125-XTZW,Female,0,Yes,No,62,Yes,Yes,Fiber optic,Yes,No,Yes,No,No,Yes,Month-to-month,Yes,Bank transfer (automatic),91.3,5582.78,No
8126-WQMV,Female,0,No,No,23,Yes,Yes,DSL,No,No,No,No,No,No,One year,Yes,Credit card (automatic),50.09,1135.49,No
8127-JRQQ,Female,0,Yes,Yes,59,Yes,No,DSL,Yes,No,Yes,No,Yes,Yes,Month-to-month,No,Mailed check,67.47,3924.70,No
8128-DTQL,Female,1,Yes,Yes,9,Yes,Yes,Fiber optic,Yes,Yes,Yes,Yes,No,No,Month-to-month,Yes,Electronic check,101.56,903.32,Yes
8129-HKJC,Female,0,Yes,No,10,Yes,No,Fiber optic,No,Yes,Yes,No,Yes,Yes,Two year,No,Mailed check,96.88,985.86,No
8130-GZGC,Male,0,No,No,1,Yes,No,DSL,No,No,Yes,Yes,No,No,One year,Yes,Bank transfer (automatic),58.0,57.25,No
8131-EZUB,Female,0,No,Yes,9,No,No phone service,No,No internet service,No internet service,No internet service,No internet service,No internet service,No internet service,Two year,Yes,Electronic check,18.25,168.82,Yes
8132-QYFK,Female,0,No,No,44,Yes,No,Fiber optic,Yes,Yes,Yes,Yes,No,Yes,Month-to-month,No,Bank transfer (automatic),103.65,4643.25,Yes
8133-RYXP,Female,1,No,Yes,7,Yes,Yes,Fiber optic,Yes,No,No,No,No,No,One year,Yes,Electronic check,81.84,563.98,Yes
8134-QJPC,Female,1,No,No,45,Yes,Yes,DSL,No,No,Yes,No,Yes,Yes,One year,Yes,Bank transfer (automatic),75.02,3414.49,No
8135-ZTMP,Male,0,Yes,No,44,Yes,No,Fiber optic,Yes,No,No,No,Yes,Yes,Month-to-month,Yes,Mailed check,92.16,4174.95,Yes
8136-ZMQO,Female,0,No,No,17,Yes,Yes,Fiber optic,Yes,No,No,No,Yes,Yes,Month-to-month,No,Bank transfer (automatic),99.69,1699.46,Yes
8137-ZFFQ,Male,0,Yes,No,3,Yes,Yes,Fiber optic,Yes,Yes,No,No,No,Yes,Month-to-month,Yes,Electronic check,100.31,306.62,Yes
8138-MNLB,Female,0,No,No,12,No,No phone service,Fiber optic,No,Yes,No,Yes,No,No,Month-to-month,Yes,Credit card (automatic),81.61,964.37,Yes
8139-HVNO,Female,1,Yes,No,11,Yes,No,DSL,No,No,Yes,Yes,Yes,No,Month-to-month,No,Bank transfer (automatic),69.75,781.99,No
8140-YXZN,Female,0,Yes,Yes,39,Yes,Yes,DSL,No,Yes,Yes,No,Yes,Yes,Month-to-month,Yes,Bank transfer (automatic),78.0,3099.35,No
8141-IYJR,Male,0,No,No,68,No,No phone service,No,No internet service,No internet service,No internet service,No internet service,No internet service,No internet service,Two year,Yes,Credit card (automatic),20.12,1372.98,No
8142-NFGV,Female,0,Yes,No,32,Yes,No,DSL,Yes,Yes,No,No,Yes,Yes,Two year,No,Electronic check,68.03,2136.60,No
8143-QEJK,Female,0,Yes,No,46,Yes,No,Fiber optic,Yes,Yes,Yes,No,Yes,No,One year,No,Electronic check,97.24,4429.55,No
8144-CVVJ,Male,0,No,No,22,Yes,No,No,No internet service,No internet service,No internet service,No internet service,No internet service,No internet service,Month-to-month,Yes,Electronic check,21.23,479.67,No
8145-GAOC,Male,0,No,Yes,7,Yes,No,DSL,No,Yes,Yes,Yes,No,Yes,Month-to-month,Yes,Electronic check,72.4,508.19,No
8146-WFMB,Female,1,Yes,Yes,16,Yes,Yes,No,No internet service,No internet service,No internet service,No internet service,No internet service,No internet service,Month-to-month,Yes,Electronic check,27.99,453.97,Yes
8147-JMMK,Female,0,Yes,No,35,Yes,Yes,No,No internet service,No internet service,No internet service,No internet service,No internet service,No internet service,Two year,Yes,Credit card (automatic),26.28,893.60,No
8148-EKMO,Female,0,Yes,No,62,Yes,No,Fiber optic,No,No,Yes,No,Yes,No,One year,Yes,Mailed check,80.52,5055.64,No
8149-QMUU,Female,0,No,Yes,18,Yes,Yes,Fiber optic,Yes,No,Yes,Yes,Yes,Yes,Month-to-month,No,Electronic check,111.81,2011.93,No
8150-OHGK,Male,0,No,Yes,71,Yes,Yes,No,No internet service,No internet service,No internet service,No internet service,No internet service,No internet service,Month-to-month,No,Bank transfer (automatic),30.4,2105.69,No
8151-DIZE,Female,0,Yes,Yes,46,Yes,Yes,DSL,Yes,No,No,No,No,No,One year,Yes,Mailed check,51.59,2324.25,No
8152-VMNF,Male,0,No,No,26,Yes,No,Fiber optic,Yes,No,No,Yes,No,No,One year,No,Electronic check,83.13,2163.31,Yes
8153-JKVJ,Female,0,No,Yes,45,Yes,Yes,DSL,No,Yes,Yes,No,No,No,Two year,Yes,Credit card (automatic),64.79,2866.74,No
8154-DYXN,Male,0,No,No,51,Yes,No,No,No internet service,No internet service,No internet service,No internet service,No internet service,No internet service,Month-to-month,Yes,Credit card (automatic),18.25,929.32,No
8155-ZXXF,Female,0,Yes,No,50,Yes,No,Fiber optic,Yes,No,Yes,Yes,Yes,No,One year,No,Bank transfer (automatic),93.63,4761.96,No
8156-VHJA,Male,0,No,No,63,Yes,Yes,Fiber optic,Yes,Yes,No,No,No,Yes,One year,Yes,Mailed check,98.47,6118.10,No
8157-KUYF,Female,1,No,No,48,Yes,No,DSL,Yes,No,No,No,No,No,One year,Yes,Electronic check,51.62,2516.60,Yes
8158-FUMB,Male,1,Yes,Yes,2,Yes,Yes,DSL,No,Yes,Yes,No,Yes,No,One year,Yes,Mailed check,72.27,140.70,No
8159-JFMT,Male,0,Yes,No,28,Yes,No,No,No internet service,No internet service,No internet service,No internet service,No internet service,No internet service,Two year,Yes,Mailed check,22.03,624.87,No
8160-TRRW,Female,0,Yes,No,66,Yes,No,Fiber optic,Yes,Yes,No,No,No,No,Two year,No,Mailed check,84.39,5437.93,No
8161-EOOF,Male,0,Yes,No,15,Yes,Yes,Fiber optic,No,No,No,Yes,Yes,Yes,Two year,Yes,Mailed check,98.24,1502.42,No
8162-VWFI,Female,1,No,No,36,Yes,Yes,Fiber optic,No,No,Yes,Yes,Yes,Yes,Month-to-month,Yes,Mailed check,107.58,3915.13,No
8163-OAYE,Female,0,No,No,37,Yes,Yes,DSL,No,No,No,No,No,No,Month-to-month,No,Bank transfer (automatic),50.82,1934.04,No
8164-RPOD,Female,0,Yes,Yes,41,Yes,Yes,DSL,Yes,Yes,No,No,No,No,Month-to-month,Yes,Electronic check,61.3,2572.20,No
8165-VCXA,Male,0,No,No,63,Yes,No,DSL,Yes,Yes,Yes,No,Yes,Yes,Month-to-month,No,Electronic check,80.62,5171.73,Yes
8166-ZSDF,Male,1,Yes,No,39,Yes,Yes,No,No internet service,No internet service,No internet service,No internet service,No internet service,No internet service,Two year,Yes,Mailed check,29.69,1188.73,No
8167-VJJB,Male,0,No,No,1,Yes,Yes,DSL,Yes,Yes,Yes,Yes,No,Yes,One year,Yes,Credit card (automatic),78.23,77.24,No
8168-ZWRC,Female,0,Yes,Yes,18,Yes,Yes,Fiber optic,No,No,Yes,No,No,Yes,Two year,No,Credit card (automatic),90.44,1631.14,No
8169-WSSA,Female,0,No,Yes,46,Yes,No,No,No internet service,No internet service,No internet service,No internet service,No internet service,No internet service,One year,No,Bank transfer (automatic),22.33,1013.85,No
8170-IMQF,Female,0,No,Yes,57,Yes,Yes,No,No internet service,No internet service,No internet service,No internet service,No internet service,No internet service,One year,Yes,Bank transfer (automatic),27.06,1518.50,No
8171-JEWX,Female,1,No,No,47,Yes,No,Fiber optic,No,No,No,Yes,No,No,Two year,No,Mailed check,76.73,3684.14,No
8172-QLPD,Male,0,No,No,53,Yes,No,Fiber optic,Yes,No,No,No,No,Yes,Month-to-month,Yes,Electronic check,79.98,4242.75,No
8173-EHUO,Male,0,Yes,No,18,Yes,No,No,No internet service,No internet service,No internet service,No internet service,No internet service,No internet service,Two year,Yes,Mailed check,18.25,337.03,No
8174-TQWT,Male,0,No,Yes,7,Yes,No,No,No internet service,No internet service,No internet service,No internet service,No internet service,No internet service,Two year,Yes,Bank transfer (automatic),18.25,127.87,No
8175-OALA,Male,0,No,Yes,69,Yes,No,No,No internet service,No internet service,No internet service,No internet service,No internet service,No internet service,Two year,Yes,Credit card (automatic),21.92,1519.27,No
8176-BAJB,Male,0,Yes,Yes,41,Yes,Yes,Fiber optic,No,No,No,Yes,Yes,No,Month-to-month,Yes,Mailed check,93.19,3895.29,Yes
8177-QGAC,Male,0,No,Yes,54,Yes,No,Fiber optic,Yes,Yes,No,Yes,Yes,No,Two year,No,Electronic check,96.62,5123.24,No
8178-TOXS,Male,1,Yes,No,69,Yes,No,Fiber optic,No,No,No,No,No,Yes,Month-to-month,Yes,Electronic check,77.82,5385.97,Yes
8179-MVOY,Male,0,Yes,Yes,14,Yes,Yes,No,No internet service,No internet service,No internet service,No internet service,No internet service,No internet service,Month-to-month,Yes,Electronic check,26.11,367.76,Yes
8180-LMNL,Female,0,No,No,63,No,No phone service,Fiber optic,No,No,No,Yes,No,No,Month-to-month,No,Mailed check,79.53,4880.12,No
8181-FEVU,Female,0,Yes,No,27,Yes,No,DSL,No,Yes,No,Yes,No,Yes,Month-to-month,Yes,Credit card (automatic),69.33,1908.46,No
8182-NLQK,Female,0,Yes,No,46,Yes,Yes,Fiber optic,Yes,Yes,Yes,No,Yes,Yes,Month-to-month,Yes,Electronic check,106.0,4753.34,Yes
8183-ZICK,Male,0,Yes,No,28,Yes,Yes,Fiber optic,Yes,No,No,Yes,Yes,Yes,Two year,No,Electronic check,100.82,2884.55,No
8184-MKZT,Male,0,No,No,15,Yes,No,DSL,No,Yes,Yes,Yes,Yes,No,One year,Yes,Electronic check,69.6,1029.77,No
8185-MVWB,Male,0,No,No,64,Yes,No,DSL,Yes,No,Yes,Yes,Yes,Yes,One year,Yes,Bank transfer (automatic),83.44,5262.90,No
8186-NDIA,Male,0,Yes,Yes,26,Yes,No,DSL,Yes,Yes,Yes,No,No,Yes,Two year,No,Credit card (automatic),67.09,1733.71,No
8187-UOGF,Female,0,No,No,2,Yes,Yes,Fiber optic,No,No,No,Yes,Yes,No,Two year,No,Bank transfer (automatic),92.45,186.13,No
8188-ZJXA,Female,0,No,Yes,11,Yes,No,DSL,Yes,No,No,Yes,No,Yes,Two year,Yes,Credit card (automatic),63.77,684.35,No
8189-KKQK,Male,0,No,No,70,Yes,No,Fiber optic,No,No,No,No,Yes,Yes,Two year,No,Bank transfer (automatic),81.97,5747.87,No
8190-DUSD,Male,0,No,No,60,Yes,No,No,No internet service,No internet service,No internet service,No internet service,No internet service,No internet service,Two year,No,Credit card (automatic),22.49,1351.02,No
8191-WFVQ,Male,1,No,No,48,Yes,No,DSL,Yes,No,No,Yes,Yes,No,Month-to-month,Yes,Bank transfer (automatic),65.85,3202.81,No
8192-FNCR,Male,0,Yes,Yes,57,Yes,No,DSL,Yes,Yes,Yes,Yes,No,Yes,One year,No,Bank transfer (automatic),74.77,4338.13,No
8193-LKHB,Female,0,Yes,Yes,47,Yes,No,DSL,Yes,No,No,Yes,No,Yes,Month-to-month,Yes,Credit card (automatic),66.07,3110.49,Yes
8194-DOZP,Female,0,No,Yes,66,Yes,No,No,No internet service,No internet service,No internet service,No internet service,No internet service,No internet service,Month-to-month,No,Mailed check,19.03,1261.30,No
8195-IAXC,Female,0,Yes,No,8,No,No phone service,DSL,No,No,No,Yes,Yes,Yes,Month-to-month,Yes,Electronic check,63.58,507.87,Yes
8196-HHEI,Female,0,Yes,No,5,Yes,Yes,DSL,No,No,Yes,No,No,No,Month-to-month,Yes,Credit card (automatic),52.76,262.14,Yes
8197-ZEHW,Female,0,Yes,No,51,Yes,No,DSL,Yes,No,No,No,Yes,No,Two year,Yes,Mailed check,57.6,2956.56,Yes
8198-ELJW,Female,0,Yes,No,70,No,No phone service,DSL,No,No,Yes,No,No,Yes,Month-to-month,Yes,Credit card (automatic),52.58,3620.10,No
8199-QNIX,Female,0,No,Yes,42,Yes,Yes,Fiber optic,Yes,No,Yes,No,No,Yes,Two year,Yes,Mailed check,90.87,3869.12,No
8200-ELSN,Female,0,Yes,No,70,Yes,Yes,Fiber optic,No,No,No,Yes,No,Yes,Month-to-month,No,Credit card (automatic),96.07,6752.95,Yes
8201-JGJY,Male,0,No,No,29,Yes,No,DSL,Yes,No,No,Yes,No,Yes,Month-to-month,Yes,Credit card (automatic),66.65,1926.64,No
8202-VXNB,Female,0,No,No,49,Yes,No,Fiber optic,No,No,No,No,No,No,Two year,Yes,Bank transfer (automatic),68.44,3284.92,No
8203-KEYQ,Female,0,Yes,No,37,Yes,Yes,Fiber optic,No,No,No,Yes,No,No,Month-to-month,No,Bank transfer (automatic),82.63,3131.58,Yes
8204-PYID,Female,0,Yes,No,64,Yes,No,No,No internet service,No internet service,No internet service,No internet service,No internet service,No internet service,One year,No,Credit card (automatic),22.98,1490.79,No
8205-DINC,Female,0,Yes,Yes,47,Yes,Yes,Fiber optic,Yes,No,No,No,No,No,Month-to-month,Yes,Credit card (automatic),86.73,4136.02,Yes
8206-JNJC,Female,0,No,No,32,Yes,Yes,No,No internet service,No internet service,No internet service,No internet service,No internet service,No internet service,Month-to-month,Yes,Mailed check,23.72,766.72,No
8207-QIOY,Female,0,Yes,No,18,Yes,Yes,No,No internet service,No internet service,No internet service,No internet service,No internet service,No internet service,Month-to-month,No,Bank transfer (automatic),24.5,451.35,No
8208-WWHY,Male,0,No,No,23,No,No phone service,Fiber optic,No,No,Yes,Yes,Yes,No,One year,Yes,Credit card (automatic),89.94,2093.04,Yes
8209-TAFD,Female,1,Yes,Yes,6,No,No phone service,DSL,No,No,Yes,Yes,Yes,No,Month-to-month,Yes,Bank transfer (automatic),62.94,382.54,Yes
8210-BCEQ,Female,0,Yes,No,12,Yes,No,Fiber optic,No,Yes,Yes,No,Yes,No,Two year,No,Electronic check,91.6,1109.65,No
8211-ZUVZ,Female,0,Yes,No,37,Yes,Yes,DSL,No,No,Yes,Yes,No,Yes,Month-to-month,Yes,Electronic check,68.41,2596.36,Yes
8212-VOUS,Male,1,Yes,Yes,3,Yes,Yes,Fiber optic,No,Yes,Yes,No,Yes,Yes,One year,No,Bank transfer (automatic),96.96,294.55,No
8213-VCPM,Female,0,Yes,No,34,No,No phone service,Fiber optic,Yes,Yes,Yes,No,No,Yes,One year,Yes,Electronic check,91.56,3145.97,No
8214-VPLQ,Male,0,No,No,4,Yes,No,Fiber optic,No,No,Yes,Yes,No,Yes,Month-to-month,No,Bank transfer (automatic),91.61,364.02,Yes
8215-AFWI,Male,0,Yes,No,12,Yes,No,Fiber optic,Yes,No,Yes,No,No,No,Month-to-month,Yes,Credit card (automatic),83.92,990.39,Yes
8216-BRFL,Female,0,No,Yes,50,Yes,No,Fiber optic,Yes,Yes,No,No,No,No,Month-to-month,No,Mailed check,82.01,4078.04,Yes
8217-PYOR,Female,0,No,No,3,Yes,No,DSL,No,Yes,No,Yes,Yes,Yes,Month-to-month,No,Electronic check,76.27,223.73,Yes
8218-EHLE,Female,0,No,No,25,Yes,No,DSL,No,Yes,Yes,Yes,Yes,Yes,Month-to-month,Yes,Credit card (automatic),68.35,1682.79,Yes
8219-ORCV,Male,0,No,No,14,Yes,Yes,Fiber optic,Yes,No,Yes,No,No,Yes,Month-to-month,Yes,Mailed check,90.53,1297.25,Yes
8220-BISY,Female,0,Yes,No,4,No,No phone service,DSL,Yes,Yes,No,No,Yes,No,Month-to-month,Yes,Electronic check,61.04,247.13,Yes
8221-ZRZZ,Female,0,No,No,15,No,No phone service,No,No internet service,No internet service,No internet service,No internet service,No internet service,No internet service,One year,No,Mailed check,18.25,274.30,No
8222-LLEP,Female,0,Yes,No,9,Yes,No,Fiber optic,Yes,No,Yes,No,No,No,Two year,Yes,Bank transfer (automatic),87.16,768.52,Yes
8223-SPNR,Female,0,No,No,6,Yes,Yes,No,No internet service,No internet service,No internet service,No internet service,No internet service,No internet service,Month-to-month,No,Bank transfer (automatic),23.65,138.23,No
8224-SJMQ,Male,0,Yes,No,48,Yes,Yes,No,No internet service,No internet service,No internet service,No internet service,No internet service,No internet service,One year,Yes,Mailed check,30.53,1505.82,No
8225-QEBX,Female,0,No,No,9,Yes,Yes,Fiber optic,No,No,No,Yes,Yes,No,Month-to-month,Yes,Electronic check,95.41,857.47,Yes
8226-EOPH,Male,1,No,Yes,68,Yes,No,Fiber optic,No,No,Yes,Yes,Yes,No,Month-to-month,Yes,Mailed check,84.05,5835.35,No
8227-RLIZ,Female,0,No,No,36,Yes,Yes,No,No internet service,No internet service,No internet service,No internet service,No internet service,No internet service,Month-to-month,Yes,Bank transfer (automatic),24.75,895.80,No
8228-MKTY,Male,0,Yes,Yes,30,Yes,Yes,DSL,No,No,No,No,Yes,Yes,Two year,Yes,Electronic check,62.37,1864.81,Yes
8229-NTBH,Male,0,No,No,64,Yes,Yes,Fiber optic,Yes,No,Yes,No,Yes,No,Two year,Yes,Credit card (automatic),99.05,6278.36,No
8230-FUNX,Female,0,No,Yes,56,Yes,No,DSL,No,Yes,No,No,Yes,No,Month-to-month,Yes,Electronic check,59.74,3286.39,No
8231-GIZQ,Female,0,No,No,31,Yes,Yes,Fiber optic,Yes,Yes,No,Yes,Yes,Yes,Month-to-month,Yes,Electronic check,112.24,3480.64,No
8232-ORFK,Female,1,Yes,No,71,Yes,No,No,No internet service,No internet service,No internet service,No internet service,No internet service,No internet service,Month-to-month,Yes,Electronic check,21.68,1507.89,No
8233-QTCN,Female,0,Yes,No,39,Yes,Yes,Fiber optic,Yes,No,Yes,No,Yes,Yes,Month-to-month,No,Electronic check,98.05,3866.49,Yes
8234-TMAD,Female,0,Yes,No,51,Yes,No,Fiber optic,Yes,Yes,No,No,No,No,Month-to-month,No,Electronic check,77.62,4076.01,Yes
8235-DMKG,Male,1,No,Yes,70,Yes,No,Fiber optic,No,Yes,No,Yes,No,Yes,Month-to-month,Yes,Mailed check,81.2,5743.90,Yes
8236-CPGI,Male,0,Yes,No,53,Yes,Yes,Fiber optic,No,Yes,Yes,Yes,Yes,Yes,One year,No,Credit card (automatic),110.81,5773.09,No
8237-NTOT,Male,1,No,No,43,Yes,Yes,Fiber optic,No,Yes,No,No,Yes,Yes,Month-to-month,Yes,Electronic check,92.29,4064.30,Yes
8238-JQBK,Male,0,No,No,45,Yes,Yes,No,No internet service,No internet service,No internet service,No internet service,No internet service,No internet service,One year,No,Electronic check,28.54,1280.51,Yes
8239-VAMJ,Male,0,No,No,48,Yes,Yes,DSL,No,No,No,No,No,No,One year,No,Electronic check,48.66,2387.28,No
8240-RKDR,Female,1,No,No,71,Yes,No,DSL,Yes,Yes,No,No,Yes,No,Two year,Yes,Electronic check,62.62,4405.35,No
8241-WLQQ,Female,0,No,Yes,51,Yes,Yes,DSL,No,No,Yes,No,Yes,No,Month-to-month,Yes,Electronic check,58.24,2956.91,Yes
8242-DPGH,Female,0,No,Yes,22,Yes,Yes,Fiber optic,No,No,No,Yes,No,No,Two year,No,Electronic check,79.54,1710.50,Yes
8243-QUKS,Male,0,Yes,No,2,Yes,No,No,No internet service,No internet service,No internet service,No internet service,No internet service,No internet service,One year,No,Electronic check,18.96,37.00,No
8244-CEQN,Female,0,No,No,57,Yes,Yes,DSL,No,Yes,Yes,No,Yes,No,One year,Yes,Electronic check,70.82,3953.34,No
8245-KBQK,Female,0,No,No,36,No,No phone service,Fiber optic,No,Yes,Yes,No,Yes,Yes,One year,No,Credit card (automatic),95.52,3514.55,No
8246-RCLF,Female,0,Yes,No,30,Yes,Yes,No,No internet service,No internet service,No internet service,No internet service,No internet service,No internet service,Month-to-month,Yes,Electronic check,29.67,877.28,Yes
8247-FKXY,Male,0,No,No,68,Yes,No,DSL,Yes,Yes,No,Yes,Yes,No,Month-to-month,No,Bank transfer (automatic),68.48,4732.90,No
8248-YNIG,Male,0,No,No,12,Yes,No,No,No internet service,No internet service,No internet service,No internet service,No internet service,No internet service,One year,No,Electronic check,19.68,234.76,No
8249-QFRL,Female,0,No,No,3,Yes,No,No,No internet service,No internet service,No internet service,No internet service,No internet service,No internet service,Two year,No,Mailed check,18.25,53.98,No
8250-LRLL,Male,0,No,Yes,54,Yes,No,No,No internet service,No internet service,No internet service,No internet service,No internet service,No internet service,Two year,No,Electronic check,19.05,1032.14,No
8251-XXIU,Male,0,No,No,67,Yes,No,DSL,No,No,Yes,No,Yes,No,Month-to-month,No,Electronic check,58.71,4045.96,No
8252-HSYA,Male,0,Yes,No,60,No,No phone service,Fiber optic,No,Yes,No,Yes,No,No,Month-to-month,Yes,Mailed check,86.32,5204.50,Yes
8253-HSKH,Female,0,Yes,Yes,63,Yes,Yes,DSL,Yes,Yes,No,Yes,Yes,No,Month-to-month,Yes,Bank transfer (automatic),72.44,4659.66,No
8254-ZEKE,Female,0,Yes,No,63,Yes,No,DSL,Yes,No,Yes,No,Yes,Yes,Month-to-month,Yes,Credit card (automatic),69.21,4356.29,No
8255-YVMP,Male,0,No,No,50,No,No phone service,DSL,No,Yes,Yes,No,Yes,Yes,Month-to-month,Yes,Mailed check,76.63,3818.79,No
8256-CSDM,Male,0,Yes,No,67,Yes,No,DSL,No,Yes,Yes,No,No,Yes,One year,Yes,Bank transfer (automatic),65.57,4447.33,No
8257-VXXY,Female,0,No,Yes,25,Yes,No,No,No internet service,No internet service,No internet service,No internet service,No internet service,No internet service,Month-to-month,No,Bank transfer (automatic),18.25,452.49,No
8258-JTKY,Female,0,No,Yes,54,Yes,Yes,Fiber optic,No,No,Yes,Yes,Yes,No,Two year,Yes,Credit card (automatic),96.63,5349.12,No
8259-ZYQD,Female,1,No,No,7,Yes,Yes,DSL,Yes,Yes,Yes,No,No,Yes,Month-to-month,No,Mailed check,73.69,527.71,Yes
8260-VOBS,Male,1,Yes,Yes,38,Yes,Yes,Fiber optic,Yes,No,Yes,Yes,Yes,Yes,Two year,No,Electronic check,102.92,3915.34,No
8261-IHTO,Female,0,Yes,Yes,21,Yes,No,Fiber optic,No,Yes,No,No,Yes,Yes,Two year,No,Bank transfer (automatic),88.21,1843.54,No
8262-AGBU,Male,1,Yes,No,68,Yes,No,DSL,Yes,No,Yes,Yes,Yes,Yes,Month-to-month,Yes,Credit card (automatic),79.83,5273.18,No
8263-GFYP,Female,1,Yes,Yes,32,Yes,No,DSL,Yes,No,Yes,No,No,No,Two year,No,Credit card (automatic),54.17,1708.10,No
8264-QWHX,Male,0,Yes,No,16,Yes,No,Fiber optic,Yes,No,No,No,No,Yes,One year,Yes,Credit card (automatic),84.59,1330.98,No
8265-UIVH,Male,0,Yes,No,41,Yes,Yes,No,No internet service,No internet service,No internet service,No internet service,No internet service,No internet service,Month-to-month,Yes,Electronic check,26.94,1134.14,Yes
8266-MERK,Male,0,Yes,Yes,6,Yes,Yes,DSL,No,No,Yes,Yes,Yes,Yes,Month-to-month,No,Mailed check,82.21,487.75,Yes
8267-CWJA,Male,0,No,No,10,No,No phone service,No,No internet service,No internet service,No internet service,No internet service,No internet service,No internet service,Month-to-month,Yes,Mailed check,18.99,186.92,Yes
8268-KMLW,Female,0,Yes,Yes,32,Yes,No,Fiber optic,No,Yes,No,No,No,No,Month-to-month,No,Credit card (automatic),77.99,2569.23,No
8269-IKMP,Male,0,Yes,Yes,46,Yes,No,Fiber optic,Yes,Yes,No,Yes,No,Yes,Month-to-month,No,Electronic check,101.26,4708.84,Yes
8270-CYVW,Male,0,No,No,42,Yes,Yes,DSL,Yes,No,Yes,Yes,Yes,Yes,Two year,Yes,Mailed check,79.76,3265.58,No
8271-KUOO,Male,1,No,No,4,Yes,No,Fiber optic,Yes,Yes,No,Yes,Yes,No,Month-to-month,Yes,Bank transfer (automatic),94.51,377.87,Yes
8272-OGER,Female,0,No,No,49,Yes,Yes,Fiber optic,No,Yes,Yes,No,Yes,Yes,One year,No,Electronic check,99.91,4982.45,No
8273-PKZW,Female,0,No,No,5,Yes,Yes,DSL,No,Yes,Yes,No,No,No,Two year,No,Credit card (automatic),66.73,328.55,No
8274-BMTY,Female,0,Yes,No,59,No,No phone service,No,No internet service,No internet service,No internet service,No internet service,No internet service,No internet service,Month-to-month,Yes,Bank transfer (automatic),20.31,1217.85,No
8275-HXWV,Female,0,No,No,3,Yes,No,Fiber optic,Yes,Yes,Yes,Yes,No,Yes,Two year,Yes,Electronic check,101.74,300.89,No
8276-MLWO,Female,1,No,No,2,Yes,No,DSL,No,No,Yes,No,No,Yes,Two year,Yes,Bank transfer (automatic),60.83,123.58,No
8277-LGIA,Female,0,No,No,38,Yes,Yes,DSL,No,Yes,No,No,No,Yes,Month-to-month,No,Bank transfer (automatic),64.91,2511.14,No
8278-RPEO,Male,0,No,No,58,No,No phone service,DSL,Yes,Yes,No,No,No,Yes,Month-to-month,No,Electronic check,66.44,3756.76,No
8279-BPMU,Female,0,Yes,Yes,56,Yes,No,No,No internet service,No internet service,No internet service,No internet service,No internet service,No internet service,Month-to-month,Yes,Credit card (automatic),22.22,1207.48,No
8280-BAAQ,Female,0,Yes,No,44,Yes,Yes,DSL,Yes,Yes,No,No,Yes,Yes,Two year,Yes,Mailed check,77.44,3475.87,No
8281-WCAQ,Female,0,No,No,13,Yes,Yes,Fiber optic,Yes,No,No,No,No,Yes,One year,No,Mailed check,91.2,1190.34,No
8282-TEDY,Male,0,No,Yes,69,Yes,No,Fiber optic,Yes,Yes,Yes,Yes,No,Yes,Month-to-month,Yes,Bank transfer (automatic),110.62,7794.68,Yes
8283-TXMZ,Female,0,Yes,No,2,Yes,Yes,DSL,No,No,Yes,No,No,Yes,Month-to-month,Yes,Electronic check,66.16,135.05,Yes
8284-LIFJ,Male,0,Yes,No,26,Yes,No,Fiber optic,Yes,No,Yes,No,Yes,No,One year,No,Bank transfer (automatic),89.56,2390.72,No
8285-YZCE,Male,0,Yes,Yes,55,Yes,No,Fiber optic,No,Yes,Yes,Yes,Yes,Yes,Month-to-month,No,Electronic check,104.8,5752.74,No
8286-OPQE,Female,0,Yes,No,45,Yes,Yes,No,No internet service,No internet service,No internet service,No internet service,No internet service,No internet service,Month-to-month,Yes,Credit card (automatic),28.75,1324.84,No
8287-NCLJ,Male,0,Yes,No,57,No,No phone service,Fiber optic,No,Yes,Yes,Yes,No,No,Two year,No,Credit card (automatic),87.97,4993.81,No
8288-ZSCK,Male,0,No,No,56,Yes,Yes,DSL,Yes,Yes,No,No,Yes,Yes,One year,Yes,Bank transfer (automatic),82.36,4549.14,No
8289-MJUR,Female,0,Yes,No,68,Yes,Yes,DSL,No,Yes,No,Yes,Yes,Yes,Two year,Yes,Electronic check,80.41,5552.04,No
8290-LBIY,Male,0,Yes,No,38,Yes,No,Fiber optic,No,Yes,Yes,No,No,Yes,Month-to-month,No,Mailed check,87.35,3396.96,No
8291-AXEB,Female,1,Yes,No,60,Yes,No,Fiber optic,No,Yes,Yes,No,No,No,Month-to-month,Yes,Credit card (automatic),80.71,4936.38,No
8292-EICR,Male,0,No,No,12,Yes,No,No,No internet service,No internet service,No internet service,No internet service,No internet service,No internet service,Month-to-month,No,Mailed check,18.25,224.82,No
8293-TDFB,Male,0,No,Yes,13,Yes,No,DSL,Yes,Yes,Yes,No,No,Yes,One year,Yes,Electronic check,71.45,938.45,No
8294-KXRW,Female,0,No,Yes,4,Yes,Yes,DSL,No,Yes,Yes,No,No,No,Two year,Yes,Electronic check,60.9,249.02,Yes
8295-MBBT,Female,0,No,No,15,Yes,No,Fiber optic,Yes,Yes,Yes,Yes,Yes,No,Two year,No,Electronic check,103.38,1537.73,No
8296-DJHT,Male,0,No,No,9,Yes,Yes,DSL,Yes,No,No,Yes,No,No,Month-to-month,Yes,Electronic check,63.21,554.82,Yes
8297-NGHH,Female,0,No,No,60,Yes,Yes,Fiber optic,Yes,Yes,Yes,Yes,No,Yes,Month-to-month,Yes,Electronic check,110.62,6833.07,No
8298-OMWS,Female,0,No,Yes,36,No,No phone service,DSL,Yes,Yes,Yes,Yes,Yes,Yes,Month-to-month,Yes,Mailed check,82.5,3052.54,Yes
8299-EHSM,Male,0,Yes,Yes,32,Yes,Yes,No,No internet service,No internet service,No internet service,No internet service,No internet service,No internet service,Month-to-month,Yes,Mailed check,25.19,803.75,Yes
8300-SBFY,Female,0,No,Yes,47,Yes,Yes,DSL,Yes,No,Yes,Yes,Yes,No,One year,Yes,Mailed check,80.16,3817.86,No
8301-ZHDG,Male,0,Yes,No,26,Yes,Yes,Fiber optic,Yes,Yes,Yes,Yes,No,No,Month-to-month,Yes,Mailed check,97.51,2560.07,Yes
8302-KUNU,Female,0,No,Yes,42,Yes,Yes,Fiber optic,Yes,No,No,Yes,Yes,Yes,Two year,Yes,Credit card (automatic),104.46,4330.69,No
8303-UIOX,Female,0,Yes,No,1,Yes,Yes,DSL,Yes,Yes,No,No,Yes,No,Month-to-month,Yes,Credit card (automatic),72.58,70.63,Yes
8304-QDLJ,Female,0,Yes,No,52,No,No phone service,Fiber optic,Yes,Yes,Yes,No,No,Yes,Month-to-month,Yes,Mailed check,97.93,5009.31,No
8305-OCGS,Female,0,Yes,No,63,Yes,Yes,Fiber optic,Yes,Yes,Yes,Yes,No,No,One year,Yes,Mailed check,110.52,7070.10,No
8306-WXNR,Male,0,No,No,3,Yes,No,No,No internet service,No internet service,No internet service,No internet service,No internet service,No internet service,Two year,Yes,Credit card (automatic),18.25,53.97,No
8307-SWUQ,Male,1,No,Yes,6,Yes,Yes,Fiber optic,Yes,Yes,Yes,Yes,Yes,Yes,Two year,No,Electronic check,108.4,640.25,No
8308-UAAN,Male,0,Yes,No,10,Yes,No,Fiber optic,Yes,Yes,No,Yes,No,Yes,Month-to-month,No,Mailed check,94.7,951.54,No
8309-YIJY,Female,0,No,No,44,Yes,Yes,Fiber optic,Yes,Yes,No,Yes,No,No,Month-to-month,Yes,Bank transfer (automatic),96.42,4189.87,No
8310-KUEX,Female,0,Yes,Yes,55,No,No phone service,Fiber optic,Yes,Yes,Yes,Yes,No,No,Month-to-month,No,Mailed check,95.15,5264.96,Yes
8311-HROI,Male,0,No,No,60,Yes,Yes,Fiber optic,No,Yes,No,Yes,Yes,Yes,Two year,No,Mailed check,104.69,6454.31,No
8312-QYTW,Female,0,Yes,No,57,Yes,Yes,DSL,Yes,No,Yes,Yes,No,No,Month-to-month,No,Electronic check,73.57,4140.28,No
8313-TIKX,Female,0,Yes,Yes,42,Yes,No,Fiber optic,No,No,No,Yes,Yes,Yes,Two year,No,Mailed check,94.9,3907.51,No
8314-QIPR,Female,0,No,No,51,Yes,Yes,No,No internet service,No internet service,No internet service,No internet service,No internet service,No internet service,Month-to-month,Yes,Credit card (automatic),29.33,1468.31,No
8315-LRTG,Male,0,No,Yes,21,Yes,No,Fiber optic,No,No,Yes,Yes,No,No,Month-to-month,No,Credit card (automatic),80.58,1687.47,Yes
8316-BZYT,Female,0,No,Yes,54,Yes,No,Fiber optic,No,No,Yes,No,No,Yes,Month-to-month,No,Bank transfer (automatic),86.02,4542.72,Yes
8317-JWMJ,Female,0,No,Yes,14,Yes,Yes,Fiber optic,No,No,Yes,Yes,Yes,Yes,One year,Yes,Credit card (automatic),110.96,1578.59,No
8318-TYWL,Male,1,No,No,70,Yes,No,Fiber optic,Yes,Yes,Yes,Yes,No,Yes,Month-to-month,Yes,Bank transfer (automatic),105.05,7251.95,Yes
8319-HINI,Male,0,Yes,No,4,Yes,No,Fiber optic,No,No,Yes,No,Yes,No,Month-to-month,Yes,Electronic check,81.13,323.91,Yes
8320-LOBT,Male,0,Yes,No,68,Yes,Yes,DSL,No,Yes,Yes,No,No,No,Month-to-month,Yes,Bank transfer (automatic),62.28,4193.49,No
8321-WWFP,Male,0,No,No,34,Yes,No,DSL,Yes,No,No,Yes,No,No,Month-to-month,Yes,Credit card (automatic),53.52,1803.38,No
8322-CGUA,Female,0,Yes,No,47,Yes,No,DSL,Yes,No,No,Yes,No,Yes,Month-to-month,Yes,Bank transfer (automatic),65.88,3158.20,No
8323-MXUB,Female,0,No,No,12,Yes,Yes,Fiber optic,No,Yes,No,No,Yes,Yes,Two year,Yes,Credit card (automatic),96.89,1159.14,No
8324-NHAC,Female,0,Yes,No,23,Yes,Yes,Fiber optic,Yes,No,Yes,Yes,No,No,Two year,Yes,Bank transfer (automatic),99.49,2273.63,No
8325-ILWY,Male,0,No,No,63,Yes,Yes,No,No internet service,No internet service,No internet service,No internet service,No internet service,No internet service,One year,No,Electronic check,28.85,1859.17,No
8326-ZWDM,Female,0,Yes,No,2,Yes,Yes,DSL,No,Yes,No,Yes,No,Yes,Month-to-month,Yes,Electronic check,67.42,136.28,Yes
8327-HTFF,Male,0,No,No,14,Yes,No,DSL,Yes,Yes,Yes,No,No,No,Month-to-month,Yes,Bank transfer (automatic),63.98,883.17,No
8328-JXZD,Female,0,No,Yes,46,Yes,Yes,Fiber optic,Yes,No,No,Yes,Yes,Yes,Month-to-month,Yes,Electronic check,99.56,4585.83,No
8329-ARFB,Male,0,Yes,No,58,Yes,Yes,DSL,Yes,Yes,No,No,Yes,Yes,Month-to-month,Yes,Mailed check,76.98,4549.90,No
8330-OKWG,Male,0,Yes,Yes,32,Yes,No,Fiber optic,Yes,Yes,No,No,Yes,No,Month-to-month,Yes,Electronic check,90.19,2835.02,Yes
8331-UQBZ,Female,0,Yes,No,7,Yes,No,DSL,No,Yes,No,No,Yes,Yes,Month-to-month,No,Electronic check,59.07,423.63,No
8332-JJFX,Male,0,Yes,No,11,Yes,No,DSL,No,No,No,No,Yes,Yes,Month-to-month,No,Electronic check,60.86,670.00,Yes
8333-XPSW,Female,1,Yes,Yes,65,Yes,Yes,Fiber optic,No,No,No,Yes,Yes,No,One year,Yes,Mailed check,88.19,5703.13,No
8334-LJIN,Female,0,No,No,16,Yes,Yes,Fiber optic,No,Yes,Yes,Yes,No,No,Month-to-month,No,Electronic check,95.63,1518.43,No
8335-RCGF,Female,0,Yes,No,42,Yes,Yes,DSL,No,No,No,No,Yes,Yes,Month-to-month,Yes,Credit card (automatic),58.29,2493.97,Yes
8336-BCKO,Female,0,Yes,No,68,No,No phone service,DSL,No,Yes,Yes,No,Yes,Yes,Month-to-month,Yes,Credit card (automatic),64.72,4328.88,No
8337-RFQV,Male,0,Yes,No,28,Yes,No,DSL,Yes,No,No,Yes,No,Yes,Month-to-month,Yes,Electronic check,63.97,1744.77,Yes
8338-QNHK,Female,0,Yes,No,5,Yes,No,DSL,No,No,No,No,No,Yes,Two year,Yes,Electronic check,52.25,262.43,No
8339-KBYM,Male,1,Yes,Yes,59,Yes,No,No,No internet service,No internet service,No internet service,No internet service,No internet service,No internet service,Two year,Yes,Electronic check,21.79,1264.62,No
8340-HLFC,Female,0,No,No,57,Yes,Yes,Fiber optic,No,Yes,Yes,No,No,No,Month-to-month,Yes,Bank transfer (automatic),90.4,5163.40,No
8341-KWDC,Male,0,No,No,47,Yes,No,DSL,Yes,Yes,No,No,No,No,Month-to-month,Yes,Mailed check,54.16,2509.69,No
8342-QEJK,Male,0,No,No,65,Yes,Yes,Fiber optic,No,No,No,Yes,No,Yes,Month-to-month,No,Electronic check,90.28,5911.96,Yes
8343-JWAE,Female,0,Yes,No,56,Yes,Yes,DSL,No,Yes,Yes,No,Yes,Yes,Two year,Yes,Bank transfer (automatic),81.11,4677.04,No
8344-DQKE,Male,0,No,No,50,Yes,No,DSL,Yes,No,No,Yes,No,Yes,Month-to-month,No,Mailed check,62.11,3083.79,No
8345-FKFP,Female,0,No,Yes,25,No,No phone service,No,No internet service,No internet service,No internet service,No internet service,No internet service,No internet service,Two year,No,Mailed check,19.09,480.80,No
8346-FHRE,Female,0,No,No,5,Yes,No,DSL,Yes,Yes,Yes,Yes,No,Yes,Month-to-month,Yes,Bank transfer (automatic),70.33,344.20,Yes
8347-BXXP,Female,0,No,No,53,Yes,Yes,No,No internet service,No internet service,No internet service,No internet service,No internet service,No internet service,Month-to-month,Yes,Electronic check,29.51,1587.17,No
8348-LKDH,Female,0,Yes,No,61,Yes,Yes,No,No internet service,No internet service,No internet service,No internet service,No internet service,No internet service,Two year,Yes,Credit card (automatic),23.58,1463.08,No
8349-CZOL,Female,0,No,Yes,51,Yes,No,Fiber optic,No,Yes,No,Yes,No,Yes,Two year,Yes,Electronic check,91.69,4687.81,No
8350-LORZ,Male,0,No,No,48,Yes,Yes,Fiber optic,Yes,No,No,No,No,Yes,Month-to-month,No,Mailed check,85.59,4178.83,Yes
8351-QZVT,Male,0,No,No,52,No,No phone service,DSL,Yes,Yes,Yes,Yes,No,Yes,Month-to-month,Yes,Credit card (automatic),76.5,3941.01,No
8352-GGXO,Male,0,No,Yes,20,Yes,No,No,No internet service,No internet service,No internet service,No internet service,No internet service,No internet service,Two year,Yes,Credit card (automatic),18.25,373.74,No
8353-RKIR,Female,0,No,Yes,9,Yes,Yes,No,No internet service,No internet service,No internet service,No internet service,No internet service,No internet service,Two year,No,Bank transfer (automatic),28.18,258.99,No
8354-MOIB,Male,0,Yes,No,46,Yes,Yes,Fiber optic,Yes,Yes,Yes,Yes,No,No,One year,No,Bank transfer (automatic),102.51,4732.34,No
8355-FCVI,Male,0,No,Yes,68,Yes,No,DSL,No,Yes,No,No,Yes,Yes,Month-to-month,Yes,Mailed check,62.84,4312.76,No
8356-WJXB,Male,0,No,No,10,Yes,No,DSL,Yes,Yes,Yes,No,No,Yes,Month-to-month,Yes,Electronic check,71.42,734.85,Yes
8357-AAWV,Male,0,No,No,6,Yes,No,DSL,No,Yes,No,Yes,No,No,One year,Yes,Mailed check,61.07,376.76,No
8358-QEVS,Male,0,No,No,51,Yes,No,DSL,Yes,Yes,No,No,No,Yes,Month-to-month,Yes,Electronic check,60.74,3136.46,No
8359-ZTWN,Male,0,Yes,No,31,Yes,No,Fiber optic,No,No,No,Yes,Yes,Yes,Month-to-month,Yes,Credit card (automatic),91.86,2840.77,Yes
8360-MAUK,Male,0,Yes,No,66,Yes,No,No,No internet service,No internet service,No internet service,No internet service,No internet service,No internet service,Month-to-month,Yes,Electronic check,18.25,1180.00,No
8361-YRUU,Male,0,Yes,Yes,34,No,No phone service,Fiber optic,No,No,No,No,Yes,Yes,Month-to-month,Yes,Bank transfer (automatic),84.26,2943.58,Yes
8362-VVUB,Male,1,No,No,38,Yes,Yes,Fiber optic,No,No,No,Yes,Yes,No,One year,No,Credit card (automatic),89.12,3437.78,No
8363-HKIO,Male,1,No,Yes,5,Yes,No,Fiber optic,Yes,Yes,Yes,Yes,No,No,Two year,Yes,Electronic check,98.41,480.71,Yes
8364-NXJU,Female,0,No,Yes,69,Yes,No,Fiber optic,No,Yes,No,Yes,Yes,No,Month-to-month,No,Bank transfer (automatic),86.65,5948.18,No
8365-PTMG,Male,0,No,Yes,24,Yes,Yes,Fiber optic,Yes,No,Yes,No,No,Yes,Two year,Yes,Mailed check,96.58,2299.34,No
8366-KMET,Male,0,No,No,32,Yes,No,No,No internet service,No internet service,No internet service,No internet service,No internet service,No internet service,Month-to-month,Yes,Electronic check,18.54,588.12,No
8367-BPML,Male,1,Yes,Yes,46,Yes,Yes,DSL,No,No,Yes,No,No,Yes,Two year,No,Bank transfer (automatic),61.63,2852.72,No
8368-RPOH,Female,0,No,Yes,62,Yes,No,No,No internet service,No internet service,No internet service,No internet service,No internet service,No internet service,One year,Yes,Mailed check,18.25,1134.49,No
8369-TLIL,Female,0,No,No,58,Yes,No,DSL,No,No,Yes,No,No,Yes,Month-to-month,Yes,Mailed check,58.58,3345.81,No
8370-UUYH,Female,0,No,Yes,56,Yes,Yes,Fiber optic,No,Yes,Yes,Yes,Yes,Yes,Two year,No,Electronic check,109.4,6129.17,Yes
8371-UMLZ,Male,0,No,No,8,Yes,Yes,Fiber optic,Yes,No,Yes,Yes,No,No,One year,Yes,Mailed check,93.84,769.73,No
8372-NGIF,Male,0,No,No,7,Yes,No,Fiber optic,Yes,No,Yes,No,No,Yes,One year,No,Electronic check,92.31,652.77,No
8373-ZPWP,Male,0,Yes,No,60,Yes,No,Fiber optic,No,Yes,Yes,No,No,No,Two year,Yes,Bank transfer (automatic),83.36,5096.16,No
8374-VPIP,Female,0,No,Yes,66,Yes,Yes,DSL,Yes,No,Yes,Yes,Yes,Yes,Month-to-month,Yes,Bank transfer (automatic),80.69,5172.21,No
8375-BNKU,Female,0,No,Yes,45,Yes,No,Fiber optic,No,Yes,No,Yes,No,No,Month-to-month,No,Electronic check,82.88,3797.11,Yes
8376-CQYC,Female,1,Yes,No,66,No,No phone service,Fiber optic,No,No,No,No,No,No,Month-to-month,Yes,Electronic check,71.92,4828.19,Yes
8377-YWVR,Female,0,Yes,No,23,Yes,No,Fiber optic,Yes,No,Yes,Yes,Yes,Yes,Month-to-month,Yes,Credit card (automatic),98.64,2291.34,Yes
8378-ZKAP,Female,0,Yes,Yes,26,Yes,Yes,No,No internet service,No internet service,No internet service,No internet service,No internet service,No internet service,Two year,No,Mailed check,26.65,701.84,No
8379-HPND,Female,0,Yes,No,13,No,No phone service,Fiber optic,Yes,No,No,Yes,Yes,No,Two year,Yes,Bank transfer (automatic),85.92,1133.54,No
8380-JTZS,Female,0,No,No,58,Yes,Yes,No,No internet service,No internet service,No internet service,No internet service,No internet service,No internet service,One year,No,Electronic check,27.39,1580.33,No
8381-TVGO,Male,1,Yes,Yes,49,Yes,No,DSL,No,Yes,No,No,No,Yes,One year,Yes,Electronic check,54.77,2608.81,No
8382-EFGW,Male,0,Yes,No,17,No,No phone service,DSL,No,No,Yes,No,Yes,Yes,Month-to-month,No,Electronic check,69.53,1194.07,Yes
8383-YHFJ,Female,0,No,No,72,Yes,No,DSL,No,No,No,No,No,No,Two year,Yes,Bank transfer (automatic),44.71,3134.21,No
8384-CZHF,Male,1,Yes,No,3,No,No phone service,No,No internet service,No internet service,No internet service,No internet service,No internet service,No internet service,Month-to-month,Yes,Mailed check,18.25,55.27,Yes
8385-VJEH,Male,0,No,No,56,Yes,Yes,Fiber optic,No,Yes,No,No,Yes,No,Month-to-month,No,Credit card (automatic),91.25,5201.41,Yes
8386-LXSO,Female,0,Yes,No,15,Yes,Yes,No,No internet service,No internet service,No internet service,No internet service,No internet service,No internet service,Two year,No,Electronic check,26.18,399.21,No
8387-PCPG,Male,0,Yes,No,57,Yes,No,Fiber optic,No,No,No,No,No,No,Two year,Yes,Mailed check,71.25,4080.65,No
8388-BMTW,Female,0,No,No,35,Yes,Yes,DSL,No,Yes,No,No,No,Yes,Two year,No,Mailed check,66.31,2372.62,No
8389-PVAF,Female,0,No,No,17,Yes,Yes,Fiber optic,Yes,Yes,No,No,Yes,Yes,Month-to-month,Yes,Electronic check,104.04,1809.26,Yes
8390-GNHN,Male,0,No,No,5,Yes,No,Fiber optic,Yes,Yes,No,Yes,Yes,No,Month-to-month,Yes,Mailed check,95.88,474.01,Yes
8391-RXDS,Female,1,No,No,45,Yes,Yes,DSL,Yes,No,Yes,No,No,No,Month-to-month,No,Mailed check,58.65,2681.52,No
8392-EXUX,Female,0,Yes,Yes,12,No,No phone service,Fiber optic,Yes,Yes,No,No,No,No,Month-to-month,No,Mailed check,80.63,958.49,No
8393-BDKZ,Female,0,No,No,33,No,No phone service,No,No internet service,No internet service,No internet service,No internet service,No internet service,No internet service,Two year,Yes,Credit card (automatic),18.25,616.81,No
8394-KARO,Male,0,Yes,No,69,No,No phone service,DSL,Yes,No,Yes,Yes,No,No,Two year,No,Mailed check,64.08,4337.82,No
8395-DZDT,Female,0,No,Yes,64,Yes,Yes,Fiber optic,Yes,Yes,No,No,No,Yes,Two year,No,Credit card (automatic),102.85,6753.23,No
8396-VFZA,Female,1,Yes,No,36,Yes,No,Fiber optic,No,Yes,Yes,Yes,No,Yes,Month-to-month,No,Bank transfer (automatic),93.95,3312.39,No
8397-EWLS,Female,0,No,No,53,Yes,No,DSL,No,No,Yes,Yes,No,No,Month-to-month,Yes,Credit card (automatic),59.63,3231.59,No
8398-STYU,Male,0,Yes,No,60,Yes,Yes,DSL,No,No,No,Yes,No,No,Two year,Yes,Bank transfer (automatic),58.37,3469.86,No
8399-IDXH,Male,0,Yes,No,44,No,No phone service,Fiber optic,Yes,Yes,No,Yes,No,No,Month-to-month,No,Bank transfer (automatic),92.31,3987.74,No
8400-ZJGG,Female,0,Yes,Yes,15,Yes,Yes,Fiber optic,No,No,Yes,No,Yes,No,Month-to-month,No,Electronic check,92.69,1383.80,Yes
8401-DZQH,Male,1,No,No,59,Yes,Yes,Fiber optic,Yes,Yes,Yes,No,No,No,Two year,Yes,Electronic check,93.76,5499.95,Yes
8402-GTIR,Male,0,Yes,Yes,7,Yes,Yes,DSL,No,Yes,No,No,Yes,No,Month-to-month,Yes,Bank transfer (automatic),66.99,459.79,Yes
8403-QCRE,Male,0,No,No,38,Yes,Yes,DSL,No,Yes,No,No,Yes,No,Month-to-month,No,Electronic check,63.87,2448.58,No
8404-KQXO,Male,0,Yes,No,57,Yes,No,Fiber optic,Yes,Yes,No,No,No,No,One year,No,Mailed check,86.74,5088.09,No
8405-BRUU,Male,0,No,No,42,Yes,Yes,Fiber optic,No,Yes,Yes,No,Yes,No,Month-to-month,Yes,Electronic check,97.15,3960.24,Yes
8406-JGAR,Male,0,Yes,Yes,26,Yes,Yes,Fiber optic,No,No,Yes,No,No,No,Two year,Yes,Bank transfer (automatic),84.68,2249.13,No
8407-ULKM,Female,0,No,No,30,Yes,Yes,DSL,Yes,Yes,Yes,Yes,No,Yes,Month-to-month,No,Bank transfer (automatic),83.88,2480.34,Yes
8408-AWDF,Male,0,Yes,No,34,Yes,No,Fiber optic,No,No,Yes,No,No,No,Month-to-month,Yes,Mailed check,80.32,2755.75,Yes
8409-EECS,Male,0,Yes,No,54,Yes,No,Fiber optic,Yes,Yes,No,Yes,No,Yes,Two year,No,Mailed check,99.48,5421.56,No
8410-VSPR,Male,0,Yes,Yes,72,Yes,No,DSL,Yes,No,Yes,Yes,No,Yes,Month-to-month,No,Bank transfer (automatic),70.82,4946.53,Yes
8411-OADE,Female,0,Yes,Yes,57,Yes,Yes,Fiber optic,Yes,No,Yes,Yes,No,Yes,Month-to-month,Yes,Credit card (automatic),99.07,5526.79,No
8412-FGNB,Male,0,Yes,No,23,Yes,No,Fiber optic,No,Yes,No,No,Yes,Yes,Month-to-month,No,Electronic check,84.46,1893.34,No
8413-PFSG,Female,0,Yes,No,9,Yes,Yes,No,No internet service,No internet service,No internet service,No internet service,No internet service,No internet service,Month-to-month,Yes,Electronic check,26.59,241.35,Yes
8414-RCZO,Female,0,No,No,35,No,No phone service,No,No internet service,No internet service,No internet service,No internet service,No internet service,No internet service,Month-to-month,Yes,Bank transfer (automatic),19.97,702.37,Yes
8415-EGIS,Female,0,No,No,62,Yes,No,Fiber optic,No,No,No,No,Yes,No,Month-to-month,No,Mailed check,76.49,4728.07,No
8416-SGJW,Female,0,Yes,No,46,Yes,Yes,Fiber optic,Yes,Yes,Yes,No,No,Yes,Two year,Yes,Mailed check,102.99,4792.63,No
8417-PLDA,Male,0,Yes,No,24,Yes,Yes,Fiber optic,No,Yes,Yes,No,No,Yes,Month-to-month,Yes,Mailed check,91.46,2221.24,No
8418-FUFA,Female,1,Yes,Yes,7,Yes,No,Fiber optic,Yes,Yes,Yes,No,No,Yes,One year,Yes,Bank transfer (automatic),98.03,677.25,Yes
8419-QXCA,Male,0,Yes,Yes,19,Yes,No,DSL,Yes,No,Yes,Yes,Yes,No,One year,No,Credit card (automatic),69.61,1311.62,No
8420-CTLK,Female,0,Yes,Yes,52,Yes,No,Fiber optic,No,No,Yes,No,Yes,Yes,Month-to-month,Yes,Electronic check,87.6,4634.44,No
8421-OGUQ,Female,1,Yes,No,49,Yes,Yes,No,No internet service,No internet service,No internet service,No internet service,No internet service,No internet service,Month-to-month,Yes,Electronic check,26.08,1283.41,Yes
8422-UEEI,Female,0,Yes,No,33,Yes,No,DSL,Yes,No,No,No,No,No,Month-to-month,Yes,Credit card (automatic),52.65,1715.93,No
8423-IIPD,Female,0,No,No,25,Yes,Yes,DSL,Yes,Yes,Yes,Yes,No,No,One year,Yes,Credit card (automatic),72.54,1813.04,Yes
8424-DCSR,Male,0,No,No,13,Yes,No,DSL,No,Yes,No,No,Yes,Yes,Month-to-month,Yes,Mailed check,68.43,886.27,Yes
8425-CJFB,Female,0,No,No,71,Yes,Yes,Fiber optic,No,No,Yes,No,No,No,Month-to-month,No,Mailed check,80.88,5893.12,Yes
8426-VZBQ,Female,0,Yes,No,31,Yes,Yes,Fiber optic,No,No,No,Yes,Yes,Yes,One year,Yes,Bank transfer (automatic),94.82,2958.42,No
8427-QDDY,Female,0,No,No,56,Yes,No,Fiber optic,Yes,No,No,Yes,Yes,No,One year,Yes,Mailed check,92.98,5331.87,No
8428-ZFDW,Male,0,Yes,Yes,34,Yes,No,Fiber optic,Yes,Yes,No,Yes,Yes,Yes,Two year,Yes,Bank transfer (automatic),95.3,3183.73,No
8429-SBDC,Female,0,Yes,Yes,41,Yes,No,No,No internet service,No internet service,No internet service,No internet service,No internet service,No internet service,Two year,No,Mailed check,21.8,912.13,No
8430-QGSG,Male,0,No,No,47,Yes,No,DSL,Yes,Yes,Yes,No,Yes,No,One year,Yes,Bank transfer (automatic),75.32,3463.44,No
8431-UHYG,Male,1,Yes,No,26,Yes,No,Fiber optic,Yes,No,Yes,Yes,No,No,Month-to-month,No,Bank transfer (automatic),89.5,2332.65,Yes
8432-VAIE,Male,0,Yes,No,68,Yes,No,No,No internet service,No internet service,No internet service,No internet service,No internet service,No internet service,Two year,Yes,Mailed check,19.49,1352.47,No
8433-XZUT,Female,0,No,No,33,Yes,No,Fiber optic,No,Yes,No,Yes,No,Yes,One year,No,Bank transfer (automatic),85.61,2900.53,No
8434-BGQA,Male,1,No,No,56,Yes,No,DSL,Yes,No,Yes,Yes,Yes,No,Month-to-month,Yes,Mailed check,72.58,3967.08,No
8435-YBNK,Male,0,No,No,66,Yes,No,No,No internet service,No internet service,No internet service,No internet service,No internet service,No internet service,Two year,No,Credit card (automatic),18.25,1207.95,No
8436-WWKX,Male,0,Yes,Yes,28,Yes,No,Fiber optic,No,Yes,No,Yes,Yes,No,Month-to-month,Yes,Mailed check,90.52,2497.35,Yes
8437-EHBO,Female,0,Yes,No,17,Yes,No,DSL,Yes,No,Yes,No,Yes,Yes,Two year,No,Bank transfer (automatic),71.68,1238.42,No
8438-HEGX,Male,0,No,No,70,Yes,No,DSL,Yes,No,No,No,Yes,No,Two year,No,Electronic check,63.34,4499.69,No
8439-QWAK,Female,0,Yes,Yes,57,Yes,No,No,No internet service,No internet service,No internet service,No internet service,No internet service,No internet service,Month-to-month,Yes,Bank transfer (automatic),20.78,1218.02,No
8440-UIYU,Female,0,Yes,No,57,Yes,Yes,DSL,Yes,Yes,Yes,Yes,Yes,Yes,Month-to-month,Yes,Electronic check,87.97,4866.69,No
8441-ZVUW,Female,0,Yes,No,69,Yes,No,Fiber optic,Yes,No,No,Yes,No,Yes,Two year,No,Bank transfer (automatic),84.75,5913.57,No
8442-WCLR,Female,0,No,No,3,Yes,Yes,Fiber optic,No,Yes,Yes,Yes,Yes,No,Two year,Yes,Electronic check,102.81,301.40,No
8443-SIZH,Male,0,No,Yes,69,Yes,Yes,Fiber optic,Yes,No,No,Yes,Yes,Yes,One year,Yes,Bank transfer (automatic),104.24,7358.16,No
8444-LFJU,Male,0,Yes,No,9,Yes,Yes,Fiber optic,Yes,Yes,No,No,No,No,Month-to-month,Yes,Mailed check,90.61,810.73,Yes
8445-ZLHH,Male,0,No,No,11,Yes,Yes,Fiber optic,Yes,Yes,No,No,Yes,Yes,Two year,Yes,Credit card (automatic),101.69,1101.03,Yes
8446-KFXB,Female,0,Yes,Yes,16,Yes,Yes,Fiber optic,No,No,No,Yes,No,No,One year,No,Electronic check,77.71,1276.08,No
8447-YJLM,Female,0,No,No,9,Yes,Yes,DSL,Yes,Yes,Yes,No,Yes,Yes,Two year,No,Electronic check,85.23,748.52,No
8448-LXRA,Female,0,Yes,No,7,Yes,No,DSL,Yes,Yes,No,No,Yes,Yes,Month-to-month,Yes,Mailed check,69.03,497.36,No
8449-ZLTM,Male,0,Yes,No,10,Yes,No,DSL,No,Yes,No,Yes,No,No,Month-to-month,No,Mailed check,54.81,553.29,No
8450-AAND,Male,0,Yes,No,35,Yes,Yes,Fiber optic,Yes,Yes,No,No,Yes,No,One year,Yes,Electronic check,94.96,3302.09,No
8451-EALY,Male,1,No,No,27,Yes,Yes,DSL,Yes,Yes,No,Yes,Yes,Yes,One year,No,Mailed check,75.49,1988.50,Yes
8452-CNWX,Male,0,No,No,25,Yes,No,Fiber optic,Yes,No,No,Yes,Yes,No,Month-to-month,Yes,Bank transfer (automatic),86.96,2150.38,Yes
8453-ANFL,Male,0,No,No,13,Yes,No,DSL,Yes,Yes,Yes,Yes,Yes,No,Month-to-month,No,Bank transfer (automatic),80.68,1067.98,No
8454-BIZO,Female,0,Yes,No,71,Yes,No,Fiber optic,No,Yes,No,Yes,No,No,Two year,No,Electronic check,83.09,5869.80,No
8455-VSZF,Male,0,Yes,No,24,Yes,No,DSL,No,No,No,No,Yes,No,One year,Yes,Electronic check,49.15,1160.89,No
8456-MZGD,Female,0,Yes,No,35,Yes,No,Fiber optic,No,Yes,No,Yes,No,Yes,Month-to-month,Yes,Mailed check,87.97,3006.55,Yes
8457-HXPX,Male,1,Yes,No,11,Yes,No,No,No internet service,No internet service,No internet service,No internet service,No internet service,No internet service,Month-to-month,Yes,Credit card (automatic),22.71,244.08,No
8458-AYWW,Male,1,Yes,No,16,Yes,Yes,DSL,No,Yes,Yes,No,No,No,Two year,Yes,Mailed check,66.35,1086.02,Yes
8459-OTRS,Female,0,No,No,17,Yes,No,Fiber optic,No,No,Yes,No,Yes,No,Month-to-month,No,Bank transfer (automatic),86.56,1435.54,Yes
8460-UWMV,Female,0,No,No,70,Yes,No,Fiber optic,Yes,No,Yes,Yes,No,No,One year,No,Credit card (automatic),90.69,6390.09,No
8461-SEOQ,Male,0,No,No,13,Yes,Yes,DSL,No,Yes,No,Yes,No,Yes,Month-to-month,No,Electronic check,66.42,870.10,No
8462-FDSI,Male,0,Yes,No,37,No,No phone service,DSL,Yes,Yes,Yes,No,No,No,Two year,No,Bank transfer (automatic),61.48,2238.52,No
8463-PORU,Male,0,Yes,No,40,Yes,No,DSL,Yes,Yes,Yes,Yes,No,Yes,Two year,Yes,Electronic check,81.43,3255.77,No
8464-UZCO,Female,0,No,No,6,Yes,No,Fiber optic,No,Yes,Yes,No,No,No,One year,No,Credit card (automatic),80.05,480.93,Yes
8465-WCXZ,Male,0,Yes,No,26,Yes,No,DSL,No,No,No,No,Yes,Yes,One year,Yes,Mailed check,63.65,1629.17,No
8466-CFHB,Female,1,No,Yes,6,Yes,Yes,No,No internet service,No internet service,No internet service,No internet service,No internet service,No internet service,Two year,No,Bank transfer (automatic),24.14,141.92,No
8467-VYUB,Male,0,No,Yes,13,Yes,Yes,Fiber optic,No,Yes,No,No,No,No,Month-to-month,No,Credit card (automatic),81.24,1050.53,Yes
8468-TAGL,Female,0,Yes,No,49,Yes,No,Fiber optic,Yes,Yes,No,Yes,No,Yes,Month-to-month,No,Electronic check,98.57,4777.48,No
8469-SOWF,Male,1,Yes,No,41,No,No phone service,No,No internet service,No internet service,No internet service,No internet service,No internet service,No internet service,Month-to-month,Yes,Bank transfer (automatic),18.25,738.77,No
8470-EIZZ,Female,0,No,Yes,36,Yes,Yes,DSL,No,Yes,No,Yes,Yes,Yes,Two year,Yes,Mailed check,78.85,2853.60,No
8471-YHZR,Female,0,No,No,16,No,No phone service,Fiber optic,Yes,No,Yes,Yes,No,Yes,One year,Yes,Bank transfer (automatic),99.28,1562.20,No
8472-JPGD,Male,0,No,No,45,Yes,Yes,DSL,No,No,No,No,Yes,Yes,Month-to-month,Yes,Electronic check,60.53,2688.08,Yes
8473-KHUK,Male,0,No,Yes,66,Yes,No,Fiber optic,Yes,No,No,Yes,Yes,No,Month-to-month,No,Electronic check,89.44,5813.24,Yes
8474-GQRX,Female,0,No,No,62,Yes,Yes,DSL,No,No,No,No,No,No,One year,Yes,Credit card (automatic),50.21,3149.06,No
8475-ZPOL,Male,0,Yes,Yes,13,Yes,No,No,No internet service,No internet service,No internet service,No internet service,No internet service,No internet service,Month-to-month,Yes,Electronic check,18.45,237.63,No
8476-AUGA,Male,0,No,No,50,Yes,No,Fiber optic,No,No,Yes,No,Yes,No,One year,No,Bank transfer (automatic),83.79,4122.10,No
8477-ZUSP,Male,0,No,No,18,Yes,No,Fiber optic,Yes,No,Yes,No,No,No,Month-to-month,Yes,Bank transfer (automatic),80.92,1466.71,No
8478-BVRV,Male,0,Yes,No,63,Yes,Yes,No,No internet service,No internet service,No internet service,No internet service,No internet service,No internet service,One year,Yes,Electronic check,24.12,1498.63,No
8479-PAJX,Male,0,Yes,No,35,Yes,Yes,DSL,Yes,No,No,No,No,No,Month-to-month,Yes,Mailed check,58.15,2052.05,No
8480-QVYS,Male,0,No,Yes,54,Yes,Yes,No,No internet service,No internet service,No internet service,No internet service,No internet service,No internet service,Month-to-month,Yes,Electronic check,23.23,1244.16,No
8481-LITC,Male,0,No,No,39,Yes,No,Fiber optic,No,No,Yes,Yes,No,Yes,Month-to-month,Yes,Electronic check,93.17,3601.71,No
8482-CJNG,Male,0,Yes,No,49,Yes,No,Fiber optic,No,Yes,Yes,No,Yes,Yes,One year,Yes,Credit card (automatic),95.7,4602.31,Yes
8483-TOMM,Male,0,No,No,68,Yes,Yes,Fiber optic,Yes,No,No,Yes,Yes,Yes,One year,Yes,Bank transfer (automatic),104.85,7048.30,No
8484-NPKE,Male,0,No,Yes,10,Yes,Yes,No,No internet service,No internet service,No internet service,No internet service,No internet service,No internet service,Two year,Yes,Electronic check,24.89,249.37,No
8485-OLLG,Female,0,No,No,66,Yes,Yes,No,No internet service,No internet service,No internet service,No internet service,No internet service,No internet service,One year,Yes,Mailed check,27.27,1778.58,No
8486-LJFH,Male,0,Yes,Yes,35,No,No phone service,Fiber optic,Yes,No,Yes,No,Yes,Yes,One year,No,Bank transfer (automatic),89.8,3195.93,No
8487-QJGK,Male,0,Yes,No,11,Yes,No,Fiber optic,Yes,No,No,No,No,Yes,Month-to-month,Yes,Electronic check,84.43,901.53,Yes
8488-BUQK,Male,0,Yes,No,32,Yes,No,No,No internet service,No internet service,No internet service,No internet service,No internet service,No internet service,Month-to-month,Yes,Mailed check,22.52,705.03,No
8489-KEHZ,Female,0,No,No,5,Yes,Yes,Fiber optic,No,Yes,Yes,Yes,Yes,Yes,One year,Yes,Bank transfer (automatic),110.07,543.11,No
8490-KSHM,Male,0,No,Yes,39,Yes,No,No,No internet service,No internet service,No internet service,No internet service,No internet service,No internet service,Month-to-month,Yes,Mailed check,21.85,870.55,Yes
8491-AXYE,Male,0,Yes,Yes,35,Yes,Yes,Fiber optic,No,No,No,No,Yes,No,One year,Yes,Electronic check,81.31,2879.58,Yes
8492-PLDW,Male,0,No,Yes,29,Yes,No,DSL,Yes,Yes,No,No,No,No,Month-to-month,Yes,Mailed check,60.85,1800.38,Yes
8493-JROB,Male,0,Yes,No,32,Yes,Yes,No,No internet service,No internet service,No internet service,No internet service,No internet service,No internet service,Month-to-month,No,Bank transfer (automatic),30.27,967.24,Yes
8494-AOPA,Male,0,No,No,45,Yes,No,Fiber optic,No,No,Yes,No,Yes,No,One year,Yes,Bank transfer (automatic),79.02,3637.23,No
8495-NAOZ,Male,0,Yes,No,60,Yes,No,DSL,Yes,No,No,No,No,No,Two year,Yes,Bank transfer (automatic),55.47,3415.66,No
8496-BXGN,Female,0,No,Yes,29,Yes,Yes,DSL,No,No,No,Yes,No,No,One year,Yes,Bank transfer (automatic),62.66,1776.75,No
8497-VNVV,Female,0,No,Yes,2,Yes,No,DSL,Yes,No,No,No,No,No,One year,Yes,Electronic check,53.45,105.93,No
8498-KGYY,Male,1,No,No,41,Yes,Yes,Fiber optic,Yes,Yes,Yes,No,No,Yes,Two year,Yes,Electronic check,108.61,4432.86,No
8499-NVHU,Female,1,Yes,No,69,Yes,No,No,No internet service,No internet service,No internet service,No internet service,No internet service,No internet service,Month-to-month,No,Bank transfer (automatic),18.25,1262.43,No
8500-UTGD,Female,1,Yes,No,29,Yes,Yes,No,No internet service,No internet service,No internet service,No internet service,No internet service,No internet service,One year,No,Electronic check,27.88,800.08,No
8501-AIGH,Male,0,Yes,Yes,9,Yes,Yes,DSL,Yes,Yes,No,Yes,Yes,No,Month-to-month,Yes,Electronic check,72.74,667.19,No
8502-KBOF,Male,0,No,Yes,65,Yes,No,DSL,No,Yes,Yes,Yes,No,No,Two year,Yes,Electronic check,65.07,4330.12,No
8503-LTVS,Male,0,Yes,No,31,Yes,No,DSL,No,Yes,No,Yes,No,Yes,One year,Yes,Mailed check,62.5,1886.47,No
8504-RSNK,Female,0,No,No,27,Yes,Yes,Fiber optic,No,Yes,Yes,Yes,Yes,No,Month-to-month,Yes,Mailed check,99.22,2695.71,No
8505-QJAV,Male,0,No,No,22,Yes,No,No,No internet service,No internet service,No internet service,No internet service,No internet service,No internet service,Month-to-month,No,Electronic check,22.45,496.01,No
8506-MKBP,Female,0,Yes,Yes,53,Yes,Yes,No,No internet service,No internet service,No internet service,No internet service,No internet service,No internet service,One year,Yes,Mailed check,27.93,1514.89,No
8507-ITTB,Male,0,Yes,Yes,11,Yes,No,DSL,Yes,Yes,No,No,Yes,Yes,Month-to-month,No,Credit card (automatic),67.69,752.32,Yes
8508-MZAB,Female,0,Yes,No,45,Yes,No,Fiber optic,Yes,Yes,Yes,No,Yes,No,Month-to-month,No,Electronic check,94.29,4201.69,Yes
8509-TUHL,Female,1,No,Yes,26,Yes,No,Fiber optic,No,Yes,Yes,No,No,Yes,One year,Yes,Mailed check,91.05,2373.00,No
8510-CEKU,Male,0,No,No,28,Yes,No,No,No internet service,No internet service,No internet service,No internet service,No internet service,No internet service,One year,No,Mailed check,18.86,534.01,No
8511-TKZC,Male,0,Yes,Yes,16,Yes,Yes,Fiber optic,No,No,No,Yes,Yes,Yes,Month-to-month,No,Bank transfer (automatic),98.29,1555.37,Yes
8512-AGIM,Female,0,No,No,59,Yes,Yes,Fiber optic,No,Yes,Yes,No,No,No,Month-to-month,No,Credit card (automatic),90.59,5211.23,No
8513-TEWT,Male,0,Yes,Yes,33,Yes,No,Fiber optic,Yes,No,No,Yes,No,Yes,One year,No,Credit card (automatic),94.22,3140.06,No
8514-BPAW,Male,1,Yes,No,67,Yes,No,DSL,No,Yes,Yes,Yes,No,Yes,Month-to-month,Yes,Mailed check,65.7,4415.31,No
8515-EGXN,Female,0,No,Yes,60,Yes,Yes,No,No internet service,No internet service,No internet service,No internet service,No internet service,No internet service,Two year,No,Mailed check,27.64,1689.74,No
8516-MBCG,Male,1,No,Yes,55,Yes,No,Fiber optic,No,Yes,No,Yes,No,No,One year,Yes,Bank transfer (automatic),82.69,4433.75,No
8517-QMWE,Male,0,Yes,No,33,Yes,No,No,No internet service,No internet service,No internet service,No internet service,No internet service,No internet service,Month-to-month,No,Credit card (automatic),19.24,650.88,No
8518-XSIH,Male,0,No,Yes,69,Yes,No,DSL,No,Yes,No,Yes,No,No,Two year,Yes,Electronic check,58.29,3964.29,No
8519-PGEY,Male,0,No,Yes,43,Yes,No,No,No internet service,No internet service,No internet service,No internet service,No internet service,No internet service,One year,Yes,Credit card (automatic),18.32,791.59,No
8520-KCBL,Female,0,No,Yes,32,Yes,Yes,DSL,Yes,No,No,Yes,Yes,Yes,Two year,No,Bank transfer (automatic),74.25,2360.48,No
8521-KGQY,Female,0,No,No,26,Yes,No,Fiber optic,No,No,Yes,Yes,Yes,No,Two year,No,Mailed check,94.19,2404.94,No
8522-QXZV,Male,0,Yes,No,66,Yes,Yes,No,No internet service,No internet service,No internet service,No internet service,No internet service,No internet service,Month-to-month,No,Bank transfer (automatic),26.61,1765.21,No
8523-NSFA,Male,1,Yes,No,19,No,No phone service,DSL,Yes,Yes,No,No,No,No,Month-to-month,Yes,Credit card (automatic),57.72,1101.14,No
8524-NIUK,Female,0,No,No,64,Yes,Yes,Fiber optic,Yes,Yes,No,No,Yes,No,Two year,No,Electronic check,96.82,6057.83,No
8525-CKWB,Male,0,No,No,17,Yes,Yes,Fiber optic,Yes,Yes,Yes,Yes,Yes,Yes,Month-to-month,Yes,Credit card (automatic),118.75,1980.96,No
8526-KKAI,Male,0,Yes,Yes,55,Yes,Yes,No,No internet service,No internet service,No internet service,No internet service,No internet service,No internet service,Month-to-month,No,Electronic check,27.85,1531.69,No
8527-BCOW,Male,1,Yes,No,21,Yes,Yes,DSL,No,No,No,Yes,Yes,Yes,One year,Yes,Credit card (automatic),66.64,1370.82,No
8528-ATOJ,Male,0,Yes,No,61,No,No phone service,No,No internet service,No internet service,No internet service,No internet service,No internet service,No internet service,Two year,Yes,Electronic check,22.34,1326.79,No
8529-QXXJ,Female,0,No,No,61,Yes,Yes,No,No internet service,No internet service,No internet service,No internet service,No internet service,No internet service,One year,Yes,Bank transfer (automatic),27.74,1697.25,No
8530-OCZT,Male,0,Yes,Yes,53,Yes,Yes,Fiber optic,Yes,Yes,No,Yes,Yes,No,Month-to-month,Yes,Electronic check,103.48,5367.62,Yes
8531-OAVR,Male,0,Yes,No,72,Yes,No,Fiber optic,No,Yes,No,Yes,No,Yes,One year,No,Mailed check,89.34,6404.01,No
8532-VTCG,Female,0,Yes,No,37,Yes,Yes,Fiber optic,No,Yes,No,Yes,Yes,Yes,One year,Yes,Electronic check,101.42,3657.46,No
8533-WJUK,Male,0,No,No,61,Yes,No,DSL,No,No,Yes,Yes,No,No,Month-to-month,No,Electronic check,55.63,3413.10,No
8534-BGEP,Female,0,No,Yes,40,Yes,Yes,Fiber optic,Yes,Yes,No,No,Yes,Yes,Month-to-month,Yes,Credit card (automatic),99.98,4084.28,No
8535-MZTW,Male,0,Yes,No,3,Yes,Yes,DSL,Yes,No,No,No,Yes,Yes,Month-to-month,Yes,Credit card (automatic),65.78,192.53,Yes
8536-REST,Male,0,Yes,No,31,Yes,Yes,DSL,No,Yes,No,No,No,Yes,One year,No,Bank transfer (automatic),65.59,2084.49,No
8537-JBLO,Male,0,Yes,No,3,Yes,Yes,DSL,Yes,No,No,Yes,No,Yes,One year,Yes,Credit card (automatic),71.75,218.45,No
8538-NWIK,Female,0,No,No,48,No,No phone service,Fiber optic,No,No,No,Yes,Yes,Yes,Month-to-month,Yes,Electronic check,89.24,4373.68,Yes
8539-HJHS,Female,0,No,No,11,Yes,No,Fiber optic,No,No,No,Yes,No,Yes,Two year,Yes,Bank transfer (automatic),86.51,972.39,Yes
8540-MKDY,Male,0,No,No,24,Yes,Yes,Fiber optic,Yes,No,No,No,No,Yes,One year,Yes,Mailed check,93.03,2201.84,No
8541-IPXK,Male,0,No,Yes,63,Yes,No,DSL,No,No,Yes,Yes,No,Yes,Month-to-month,Yes,Credit card (automatic),68.32,4187.40,Yes
8542-XMDE,Male,1,Yes,No,54,Yes,Yes,Fiber optic,Yes,Yes,No,No,No,Yes,One year,No,Mailed check,94.49,5198.86,No
8543-DAZD,Female,0,Yes,No,25,Yes,No,Fiber optic,No,No,No,No,Yes,No,Month-to-month,Yes,Credit card (automatic),72.11,1750.91,No
8544-PSSZ,Male,0,Yes,Yes,37,Yes,Yes,Fiber optic,Yes,Yes,No,No,No,No,Month-to-month,Yes,Credit card (automatic),90.03,3373.04,Yes
8545-IPPO,Female,0,Yes,No,42,Yes,No,DSL,Yes,Yes,No,Yes,No,Yes,One year,Yes,Mailed check,76.25,3188.97,No
8546-XYWH,Female,0,Yes,No,26,Yes,No,Fiber optic,No,No,No,Yes,Yes,Yes,Month-to-month,No,Bank transfer (automatic),89.03,2333.01,Yes
8547-OWRZ,Female,0,No,No,54,Yes,Yes,Fiber optic,No,No,Yes,Yes,No,No,Two year,No,Credit card (automatic),88.35,4675.08,No
8548-EBFV,Male,0,Yes,No,11,Yes,Yes,No,No internet service,No internet service,No internet service,No internet service,No internet service,No internet service,One year,Yes,Mailed check,27.99,316.75,No
8549-UXHE,Male,0,No,No,31,Yes,No,Fiber optic,Yes,Yes,Yes,Yes,Yes,No,Month-to-month,No,Bank transfer (automatic),100.02,3173.60,Yes
8550-TCWR,Male,0,Yes,Yes,19,No,No phone service,DSL,No,No,Yes,No,No,Yes,Month-to-month,Yes,Electronic check,56.77,1066.19,Yes
8551-SUKZ,Female,0,Yes,No,49,Yes,Yes,DSL,Yes,No,No,Yes,No,Yes,Two year,Yes,Mailed check,69.44,3427.48,No
8552-BBLV,Female,1,No,No,47,Yes,Yes,DSL,No,Yes,No,Yes,No,No,Month-to-month,Yes,Bank transfer (automatic),67.47,3103.97,Yes
8553-DIQJ,Female,0,Yes,No,59,No,No phone service,DSL,Yes,Yes,No,Yes,No,Yes,Month-to-month,No,Mailed check,72.4,4145.52,No
8554-ZLYX,Male,0,Yes,Yes,27,Yes,Yes,No,No internet service,No internet service,No internet service,No internet service,No internet service,No internet service,Month-to-month,Yes,Credit card (automatic),28.25,781.27,No
8555-GLYI,Male,0,Yes,Yes,17,Yes,Yes,Fiber optic,No,Yes,No,No,Yes,No,Two year,No,Bank transfer (automatic),90.86,1506.45,No
8556-JKOM,Female,0,No,No,3,Yes,Yes,DSL,No,Yes,No,No,Yes,No,Month-to-month,Yes,Mailed check,64.41,190.36,Yes
8557-SKLX,Female,0,Yes,No,62,Yes,Yes,No,No internet service,No internet service,No internet service,No internet service,No internet service,No internet service,One year,Yes,Credit card (automatic),26.66,1681.31,No
8558-RZBF,Female,0,No,No,24,Yes,Yes,DSL,Yes,No,Yes,Yes,Yes,No,One year,No,Bank transfer (automatic),87.87,2051.00,No
8559-ICAJ,Female,0,No,No,55,Yes,Yes,No,No internet service,No internet service,No internet service,No internet service,No internet service,No internet service,Month-to-month,Yes,Electronic check,29.71,1669.26,Yes
8560-APVG,Male,0,No,No,27,No,No phone service,DSL,No,Yes,No,Yes,Yes,No,Month-to-month,No,Credit card (automatic),63.32,1753.21,Yes
8561-XXJT,Male,0,Yes,No,24,Yes,Yes,Fiber optic,No,Yes,Yes,Yes,Yes,No,Month-to-month,Yes,Mailed check,109.51,2666.67,Yes
8562-ZCWP,Male,1,No,No,17,Yes,No,Fiber optic,No,No,No,Yes,No,No,Month-to-month,Yes,Electronic check,78.44,1312.49,Yes
8563-YTVW,Female,0,Yes,No,57,No,No phone service,DSL,Yes,Yes,No,Yes,No,No,Month-to-month,Yes,Credit card (automatic),63.89,3693.77,No
8564-BYNF,Female,0,No,Yes,21,Yes,No,DSL,No,No,Yes,Yes,Yes,No,Month-to-month,No,Mailed check,62.13,1274.89,No
8565-EVTK,Male,0,No,No,22,No,No phone service,No,No internet service,No internet service,No internet service,No internet service,No internet service,No internet service,One year,Yes,Electronic check,20.05,432.76,No
8566-GNMB,Female,1,Yes,No,51,No,No phone service,Fiber optic,No,No,No,Yes,No,No,Month-to-month,No,Credit card (automatic),78.13,4075.81,No
8567-OLWE,Female,0,Yes,Yes,38,No,No phone service,No,No internet service,No internet service,No internet service,No internet service,No internet service,No internet service,Month-to-month,Yes,Electronic check,20.8,813.67,Yes
8568-BKWX,Female,0,No,No,54,Yes,No,Fiber optic,No,Yes,No,No,Yes,Yes,One year,Yes,Mailed check,92.41,4846.22,Yes
8569-QNSE,Female,0,No,Yes,8,Yes,Yes,DSL,No,Yes,No,Yes,No,Yes,Month-to-month,No,Mailed check,67.54,528.69,No
8570-CHSR,Male,0,No,No,70,Yes,No,Fiber optic,Yes,Yes,No,Yes,No,Yes,Month-to-month,Yes,Bank transfer (automatic),98.51,6834.84,No
8571-DTHO,Male,0,Yes,Yes,18,Yes,No,No,No internet service,No internet service,No internet service,No internet service,No internet service,No internet service,One year,No,Electronic check,18.79,331.23,No
8572-QXUH,Female,1,No,No,9,Yes,Yes,DSL,No,No,Yes,Yes,Yes,Yes,One year,No,Bank transfer (automatic),80.37,719.45,Yes
8573-QHBS,Female,0,No,No,8,Yes,Yes,DSL,Yes,No,Yes,No,Yes,No,Month-to-month,Yes,Bank transfer (automatic),75.26,595.35,No
8574-HRMO,Male,0,No,Yes,23,Yes,Yes,Fiber optic,Yes,Yes,Yes,Yes,No,Yes,Month-to-month,Yes,Electronic check,109.29,2578.57,Yes
8575-GLZE,Male,0,Yes,No,31,Yes,Yes,No,No internet service,No internet service,No internet service,No internet service,No internet service,No internet service,Two year,No,Credit card (automatic),21.64,687.41,No
8576-YZVQ,Female,0,No,No,6,No,No phone service,Fiber optic,No,No,No,Yes,Yes,Yes,Two year,Yes,Electronic check,88.84,531.18,Yes
8577-YQHV,Female,1,No,No,45,Yes,Yes,Fiber optic,No,Yes,Yes,No,No,No,Month-to-month,Yes,Credit card (automatic),92.31,4101.17,Yes
8578-FGPF,Male,0,Yes,No,45,Yes,Yes,DSL,No,Yes,Yes,Yes,Yes,Yes,One year,Yes,Credit card (automatic),76.92,3489.69,No
8579-UAIU,Female,0,Yes,No,56,Yes,Yes,Fiber optic,Yes,No,Yes,Yes,Yes,Yes,One year,No,Bank transfer (automatic),107.27,5865.37,No
8580-MQJZ,Male,0,Yes,No,2,Yes,No,Fiber optic,No,No,No,Yes,No,No,Month-to-month,Yes,Mailed check,80.49,162.33,Yes
8581-HEIT,Male,0,Yes,No,7,Yes,Yes,DSL,Yes,Yes,Yes,No,No,No,Month-to-month,No,Mailed check,70.6,487.02,No
8582-MAJB,Female,0,No,No,15,Yes,Yes,Fiber optic,No,Yes,No,No,No,Yes,Month-to-month,Yes,Bank transfer (automatic),92.73,1398.95,No
8583-ULDV,Male,0,Yes,No,32,Yes,Yes,Fiber optic,No,No,Yes,No,No,No,Month-to-month,No,Electronic check,83.54,2657.46,Yes
8584-QTDO,Female,0,No,No,43,Yes,No,Fiber optic,Yes,No,Yes,No,No,No,Month-to-month,Yes,Electronic check,81.65,3501.45,No
8585-LUSX,Male,0,Yes,No,15,Yes,Yes,No,No internet service,No internet service,No internet service,No internet service,No internet service,No internet service,Month-to-month,No,Mailed check,25.79,381.07,No
8586-MFQO,Female,0,No,No,26,Yes,Yes,No,No internet service,No internet service,No internet service,No internet service,No internet service,No internet service,Month-to-month,Yes,Bank transfer (automatic),29.47,785.31,No
8587-YQTX,Male,0,No,No,37,Yes,Yes,Fiber optic,Yes,Yes,No,Yes,No,No,One year,Yes,Electronic check,95.8,3577.33,No
8588-PCOC,Female,0,No,Yes,40,Yes,Yes,Fiber optic,No,No,No,Yes,No,Yes,Month-to-month,Yes,Electronic check,93.33,3670.81,No
8589-XRGV,Male,0,No,No,38,Yes,Yes,No,No internet service,No internet service,No internet service,No internet service,No internet service,No internet service,One year,No,Credit card (automatic),25.72,958.87,No
8590-XJUO,Female,0,Yes,No,47,Yes,Yes,Fiber optic,No,No,Yes,No,No,Yes,Month-to-month,No,Credit card (automatic),88.68,4088.06,No
8591-TOCL,Male,1,No,No,55,Yes,Yes,Fiber optic,Yes,No,Yes,Yes,Yes,No,One year,Yes,Mailed check,101.53,5520.14,No
8592-UEQZ,Male,0,No,No,61,Yes,No,DSL,No,Yes,Yes,No,Yes,No,Month-to-month,No,Bank transfer (automatic),66.97,4073.80,No
8593-SUSH,Male,1,Yes,No,70,Yes,Yes,No,No internet service,No internet service,No internet service,No internet service,No internet service,No internet service,Month-to-month,No,Electronic check,28.74,2056.48,No
8594-EQUH,Female,0,No,No,29,Yes,Yes,DSL,No,No,Yes,Yes,No,Yes,Two year,Yes,Credit card (automatic),71.83,2137.60,No
8595-JYGQ,Male,0,Yes,No,24,Yes,No,DSL,Yes,Yes,No,No,Yes,No,Month-to-month,Yes,Credit card (automatic),60.44,1428.25,No
8596-ESXL,Female,0,No,No,21,Yes,Yes,Fiber optic,No,No,No,No,Yes,No,Month-to-month,Yes,Electronic check,84.59,1787.28,Yes
8597-VAHK,Female,0,Yes,No,26,Yes,No,DSL,Yes,Yes,No,Yes,No,No,Month-to-month,Yes,Bank transfer (automatic),64.9,1657.99,No
8598-VOOY,Female,0,No,Yes,39,Yes,Yes,DSL,No,Yes,Yes,Yes,No,No,Two year,Yes,Electronic check,68.42,2624.56,Yes
8599-UFST,Female,0,Yes,No,44,Yes,No,Fiber optic,No,Yes,No,Yes,No,No,Month-to-month,No,Mailed check,81.54,3519.95,Yes
8600-RBRP,Male,0,Yes,No,6,Yes,Yes,DSL,No,Yes,Yes,No,Yes,No,One year,No,Electronic check,67.81,411.30,No
8601-SOMS,Female,0,Yes,No,72,Yes,Yes,No,No internet service,No internet service,No internet service,No internet service,No internet service,No internet service,One year,No,Credit card (automatic),28.09,2034.57,No
8602-ARBW,Female,0,No,No,4,Yes,Yes,No,No internet service,No internet service,No internet service,No internet service,No internet service,No internet service,Two year,No,Mailed check,26.32,107.95,No
8603-YFYJ,Male,0,Yes,Yes,29,Yes,Yes,Fiber optic,Yes,No,No,No,Yes,No,Two year,Yes,Credit card (automatic),94.56,2759.53,No
8604-KOLB,Male,0,No,No,33,Yes,No,DSL,Yes,No,No,No,No,No,Month-to-month,No,Bank transfer (automatic),48.61,1581.36,No
8605-OMLS,Female,0,No,No,25,Yes,No,Fiber optic,No,No,No,Yes,Yes,No,Month-to-month,No,Mailed check,81.24,1996.11,Yes
8606-RWMY,Male,1,No,No,16,Yes,Yes,DSL,Yes,Yes,No,Yes,Yes,Yes,Two year,Yes,Bank transfer (automatic),86.0,1394.96,No
8607-SPOU,Female,1,Yes,No,39,Yes,No,Fiber optic,Yes,No,No,Yes,Yes,No,Month-to-month,Yes,Electronic check,97.4,3752.38,Yes
8608-KDFB,Male,0,No,No,1,Yes,Yes,DSL,No,No,Yes,Yes,No,No,Two year,Yes,Mailed check,60.47,58.97,No
8609-HMCE,Male,0,No,No,54,Yes,No,Fiber optic,No,Yes,Yes,Yes,Yes,No,Month-to-month,No,Electronic check,90.9,4817.89,No
8610-EUAC,Female,0,Yes,No,49,Yes,Yes,DSL,Yes,Yes,Yes,Yes,Yes,Yes,Month-to-month,No,Bank transfer (automatic),91.53,4369.65,No
8611-ICUH,Male,0,Yes,No,56,Yes,No,No,No internet service,No internet service,No internet service,No internet service,No internet service,No internet service,Month-to-month,Yes,Credit card (automatic),18.25,1011.83,No
8612-RJGY,Female,1,No,Yes,59,No,No phone service,DSL,Yes,Yes,Yes,No,Yes,No,Two year,Yes,Bank transfer (automatic),71.19,4180.97,No
8613-NYNY,Female,0,Yes,Yes,64,Yes,No,Fiber optic,Yes,No,Yes,Yes,No,Yes,Month-to-month,No,Credit card (automatic),97.43,6277.31,Yes
8614-QDVH,Male,0,Yes,No,11,Yes,Yes,DSL,Yes,No,No,Yes,No,No,Month-to-month,Yes,Electronic check,57.53,614.23,Yes
8615-GHDL,Male,0,Yes,No,61,Yes,Yes,Fiber optic,Yes,Yes,No,No,No,No,One year,No,Electronic check,91.06,5572.35,No
8616-OEJS,Female,0,No,No,41,Yes,No,No,No internet service,No internet service,No internet service,No internet service,No internet service,No internet service,Month-to-month,No,Bank transfer (automatic),22.62,916.59,No
8617-RBXD,Female,1,No,No,9,Yes,Yes,DSL,Yes,Yes,No,Yes,Yes,Yes,Month-to-month,No,Electronic check,75.94,699.34,Yes
8618-BSPG,Male,0,No,Yes,71,Yes,No,DSL,No,No,Yes,Yes,No,Yes,Month-to-month,Yes,Mailed check,62.95,4511.22,No
8619-BGIV,Female,0,No,No,59,Yes,Yes,DSL,Yes,Yes,No,Yes,Yes,No,Month-to-month,No,Bank transfer (automatic),72.6,4297.58,Yes
8620-GHAK,Male,0,Yes,No,20,Yes,No,Fiber optic,No,Yes,No,Yes,Yes,No,Two year,No,Electronic check,88.47,1756.43,No
8621-FNCJ,Male,1,Yes,Yes,65,Yes,Yes,Fiber optic,No,Yes,Yes,No,Yes,No,Month-to-month,Yes,Mailed check,94.55,6138.35,No
8622-YMAR,Female,0,Yes,No,53,Yes,Yes,No,No internet service,No internet service,No internet service,No internet service,No internet service,No internet service,Month-to-month,No,Credit card (automatic),31.34,1611.47,Yes
8623-EFUQ,Male,0,Yes,No,33,Yes,Yes,No,No internet service,No internet service,No internet service,No internet service,No internet service,No internet service,Month-to-month,Yes,Mailed check,25.63,855.09,Yes
8624-FXEE,Female,1,Yes,No,12,Yes,No,DSL,No,No,No,No,Yes,Yes,One year,No,Bank transfer (automatic),61.44,757.25,No
8625-SGCL,Female,0,No,No,53,Yes,Yes,No,No internet service,No internet service,No internet service,No internet service,No internet service,No internet service,One year,No,Credit card (automatic),23.2,1264.26,No
8626-FQLK,Female,1,Yes,No,68,Yes,No,No,No internet service,No internet service,No internet service,No internet service,No internet service,No internet service,Month-to-month,No,Bank transfer (automatic),18.25,1233.89,No
8627-RVVA,Female,0,Yes,Yes,14,Yes,No,Fiber optic,No,No,Yes,Yes,No,No,Month-to-month,No,Credit card (automatic),82.78,1175.00,Yes
8628-WRWU,Male,0,Yes,No,1,Yes,Yes,Fiber optic,No,No,No,Yes,Yes,No,One year,No,Electronic check,92.97,92.77,Yes
8629-UOPT,Male,0,Yes,Yes,17,No,No phone service,Fiber optic,Yes,Yes,No,Yes,No,No,Two year,No,Electronic check,85.28,1445.69,No
8630-TSIX,Female,0,Yes,No,22,Yes,No,Fiber optic,Yes,No,No,No,Yes,No,Month-to-month,Yes,Bank transfer (automatic),81.36,1765.91,Yes
8631-HNVN,Female,0,Yes,No,28,Yes,Yes,Fiber optic,No,No,Yes,No,No,No,Month-to-month,No,Mailed check,79.8,2265.32,Yes
8632-AVAM,Male,0,Yes,No,71,Yes,Yes,DSL,No,No,Yes,Yes,Yes,Yes,Two year,No,Bank transfer (automatic),76.18,5479.70,No
8633-LOBY,Female,0,No,No,70,Yes,Yes,Fiber optic,No,Yes,No,Yes,No,Yes,Month-to-month,No,Electronic check,95.4,6725.34,No
8634-IESP,Male,0,No,No,49,Yes,No,Fiber optic,Yes,No,No,Yes,No,No,One year,Yes,Electronic check,83.17,4112.99,No
8635-MFLW,Female,0,No,No,16,Yes,Yes,DSL,Yes,No,Yes,No,No,Yes,Month-to-month,No,Mailed check,73.44,1153.12,No
8636-PVSX,Male,0,No,No,16,Yes,Yes,No,No internet service,No internet service,No internet service,No internet service,No internet service,No internet service,Two year,Yes,Electronic check,26.53,426.10,No
8637-EOPV,Female,0,No,Yes,6,Yes,Yes,DSL,No,No,No,Yes,No,No,Month-to-month,Yes,Mailed check,56.38,347.86,No
8638-FMHP,Male,1,No,Yes,57,Yes,No,DSL,Yes,Yes,Yes,Yes,Yes,Yes,One year,No,Electronic check,89.71,5245.84,No
8639-SQZQ,Male,1,No,No,16,Yes,No,Fiber optic,No,Yes,No,Yes,Yes,Yes,Month-to-month,Yes,Electronic check,99.76,1582.91,Yes
8640-XDSR,Female,0,No,No,65,Yes,No,Fiber optic,No,No,No,Yes,Yes,Yes,Month-to-month,Yes,Mailed check,87.6,5591.26,No
8641-WBLI,Male,0,Yes,Yes,44,Yes,No,DSL,No,Yes,No,Yes,Yes,No,Month-to-month,Yes,Bank transfer (automatic),60.73,2598.72,Yes
8642-TJEO,Male,0,Yes,No,36,Yes,Yes,Fiber optic,Yes,Yes,Yes,No,No,Yes,Two year,Yes,Credit card (automatic),99.97,3544.83,No
8643-QSFX,Female,0,Yes,Yes,67,Yes,Yes,Fiber optic,No,Yes,Yes,No,No,No,Month-to-month,Yes,Electronic check,82.88,5549.69,No
8644-ZUNS,Male,0,Yes,No,12,Yes,No,DSL,Yes,No,No,No,Yes,Yes,Month-to-month,Yes,Bank transfer (automatic),67.06,789.22,No
8645-ARMO,Male,0,No,No,34,Yes,No,DSL,No,No,No,No,No,No,Month-to-month,No,Bank transfer (automatic),44.25,1491.51,Yes
8646-CLQN,Male,0,Yes,Yes,19,Yes,Yes,Fiber optic,Yes,No,No,No,Yes,No,Month-to-month,Yes,Electronic check,88.88,1700.96,Yes
8647-AKRA,Female,0,No,Yes,14,Yes,No,Fiber optic,No,Yes,Yes,Yes,No,Yes,Month-to-month,No,Electronic check,92.66,1296.03,No
8648-JCXC,Female,0,No,No,68,No,No phone service,DSL,Yes,Yes,No,No,Yes,Yes,Month-to-month,Yes,Bank transfer (automatic),73.54,4935.68,No
8649-GMOG,Female,0,No,No,44,Yes,No,Fiber optic,No,No,No,No,No,No,One year,Yes,Mailed check,71.02,3088.18,No
8650-NPLT,Male,0,Yes,No,12,Yes,Yes,Fiber optic,Yes,No,Yes,Yes,No,No,Month-to-month,Yes,Credit card (automatic),99.98,1205.77,No
8651-MOGS,Male,0,Yes,Yes,8,Yes,Yes,No,No internet service,No internet service,No internet service,No internet service,No internet service,No internet service,One year,Yes,Bank transfer (automatic),28.1,226.86,No
8652-YYYI,Male,0,Yes,No,23,Yes,Yes,Fiber optic,No,Yes,Yes,No,No,No,One year,No,Electronic check,93.46,2183.74,No
8653-ITGY,Female,0,No,No,61,Yes,Yes,DSL,Yes,Yes,No,Yes,Yes,No,Month-to-month,No,Bank transfer (automatic),78.12,4867.01,No
8654-APEZ,Male,0,No,No,11,Yes,Yes,Fiber optic,No,No,No,No,No,Yes,Month-to-month,No,Electronic check,79.93,889.27,No
8655-GBTF,Male,0,No,No,54,Yes,Yes,DSL,No,No,No,Yes,Yes,No,Two year,No,Bank transfer (automatic),68.55,3700.76,No
8656-KZCG,Female,0,No,Yes,8,Yes,No,Fiber optic,No,Yes,No,No,No,Yes,Two year,Yes,Credit card (automatic),84.52,663.92,No
8657-TCNB,Female,0,No,No,25,Yes,Yes,DSL,No,No,No,No,Yes,No,One year,Yes,Electronic check,53.67,1379.27,Yes
8658-LIKL,Female,0,No,No,38,Yes,No,No,No internet service,No internet service,No internet service,No internet service,No internet service,No internet service,One year,No,Electronic check,20.26,770.99,No
8659-FSNE,Male,0,Yes,No,10,Yes,Yes,Fiber optic,Yes,Yes,Yes,No,Yes,Yes,Month-to-month,Yes,Electronic check,103.32,1013.84,Yes
8660-JLMN,Female,0,Yes,No,29,No,No phone service,No,No internet service,No internet service,No internet service,No internet service,No internet service,No internet service,Month-to-month,No,Electronic check,21.95,642.77,Yes
8661-VYYO,Female,0,Yes,Yes,20,Yes,Yes,Fiber optic,No,No,Yes,No,No,No,Month-to-month,Yes,Electronic check,81.72,1607.97,Yes
8662-QNAY,Male,0,No,Yes,4,Yes,Yes,Fiber optic,Yes,No,No,No,No,Yes,Month-to-month,Yes,Electronic check,86.1,341.45,Yes
8663-CUWL,Female,1,No,Yes,1,Yes,Yes,DSL,Yes,No,Yes,No,Yes,No,Month-to-month,Yes,Mailed check,69.56,71.52,No
8664-ZNVY,Female,0,No,No,11,Yes,Yes,DSL,No,No,No,No,No,No,Month-to-month,Yes,Credit card (automatic),52.48,568.47,No
8665-YELQ,Male,0,No,Yes,54,Yes,Yes,No,No internet service,No internet service,No internet service,No internet service,No internet service,No internet service,One year,Yes,Electronic check,25.03,1377.69,No
8666-FZJU,Female,1,No,Yes,3,Yes,No,No,No internet service,No internet service,No internet service,No internet service,No internet service,No internet service,Two year,Yes,Mailed check,20.74,60.78,No
8667-HYMD,Female,0,Yes,Yes,37,Yes,Yes,DSL,No,No,No,Yes,No,No,Month-to-month,No,Electronic check,54.61,2055.53,Yes
8668-HIDS,Female,0,Yes,Yes,2,Yes,Yes,Fiber optic,No,No,No,Yes,Yes,No,Month-to-month,Yes,Bank transfer (automatic),90.48,179.74,Yes
8669-TCIQ,Female,0,No,No,16,Yes,No,DSL,No,No,No,Yes,No,No,Month-to-month,Yes,Credit card (automatic),49.19,786.16,No
8670-MZKK,Female,0,No,No,13,Yes,Yes,Fiber optic,Yes,No,Yes,No,Yes,Yes,Month-to-month,No,Mailed check,104.54,1387.19,Yes
8671-AUQD,Female,0,No,No,25,Yes,No,No,No internet service,No internet service,No internet service,No internet service,No internet service,No internet service,Month-to-month,No,Credit card (automatic),18.65,470.60,No
8672-CMFO,Male,1,Yes,No,54,Yes,No,DSL,No,No,No,Yes,No,No,Month-to-month,Yes,Credit card (automatic),50.77,2749.11,Yes
8673-TABO,Female,1,No,No,31,Yes,Yes,DSL,No,Yes,Yes,No,No,Yes,Two year,Yes,Mailed check,69.41,2167.12,No
8674-UTAY,Female,0,No,No,2,Yes,No,Fiber optic,No,Yes,Yes,Yes,No,Yes,Two year,Yes,Electronic check,94.86,194.09,No
8675-FJSP,Female,0,No,Yes,11,Yes,No,DSL,Yes,No,No,Yes,No,Yes,One year,No,Credit card (automatic),68.06,765.52,No
8676-ZYKT,Male,0,Yes,Yes,22,Yes,No,DSL,Yes,No,Yes,Yes,No,Yes,Month-to-month,Yes,Credit card (automatic),68.67,1489.83,No
8677-ETFP,Male,0,No,No,21,Yes,Yes,Fiber optic,No,No,Yes,Yes,No,No,Month-to-month,No,Bank transfer (automatic),86.78,1863.68,Yes
8678-LFDM,Female,0,No,No,41,Yes,Yes,Fiber optic,Yes,Yes,Yes,No,No,No,Month-to-month,Yes,Mailed check,94.39,3753.90,Yes
8679-CHMF,Female,0,No,No,26,Yes,Yes,No,No internet service,No internet service,No internet service,No internet service,No internet service,No internet service,One year,No,Electronic check,28.32,734.08,No
8680-KOSK,Female,0,No,Yes,54,Yes,No,No,No internet service,No internet service,No internet service,No internet service,No internet service,No internet service,Two year,Yes,Mailed check,21.65,1187.75,No
8681-VOBW,Male,0,No,Yes,19,Yes,No,Fiber optic,No,No,Yes,Yes,No,No,One year,No,Mailed check,78.6,1528.78,No
8682-UARD,Male,0,No,Yes,49,Yes,Yes,Fiber optic,No,No,No,Yes,No,No,Two year,Yes,Bank transfer (automatic),79.46,3971.68,No
8683-EMER,Female,0,No,No,8,Yes,Yes,Fiber optic,Yes,No,Yes,No,No,No,Month-to-month,No,Electronic check,87.93,691.24,No
8684-NQCZ,Male,0,Yes,No,72,Yes,Yes,Fiber optic,Yes,No,No,No,No,No,One year,Yes,Bank transfer (automatic),80.04,5795.76,No
8685-XNVB,Female,1,Yes,Yes,72,Yes,No,DSL,No,Yes,No,Yes,Yes,No,Month-to-month,Yes,Bank transfer (automatic),67.84,4890.83,No
8686-TVWN,Male,0,Yes,Yes,20,No,No phone service,DSL,No,No,Yes,Yes,Yes,No,One year,Yes,Credit card (automatic),63.6,1303.54,No
8687-YXFP,Male,0,No,Yes,17,Yes,Yes,Fiber optic,No,Yes,Yes,Yes,Yes,No,Month-to-month,Yes,Bank transfer (automatic),106.48,1790.59,Yes
8688-NZIH,Female,0,Yes,Yes,1,Yes,Yes,No,No internet service,No internet service,No internet service,No internet service,No internet service,No internet service,One year,Yes,Credit card (automatic),26.26,26.94,No
8689-OFPW,Male,0,Yes,No,71,Yes,No,Fiber optic,Yes,Yes,Yes,Yes,Yes,No,Two year,Yes,Electronic check,106.43,7650.26,Yes
8690-SFGP,Female,1,No,No,3,Yes,Yes,No,No internet service,No internet service,No internet service,No internet service,No internet service,No internet service,Month-to-month,Yes,Credit card (automatic),30.55,90.19,Yes
8691-GKJP,Female,1,No,No,1,No,No phone service,DSL,Yes,Yes,No,Yes,Yes,Yes,Two year,No,Credit card (automatic),74.3,74.29,No
8692-YDET,Female,0,Yes,No,8,Yes,No,DSL,Yes,No,No,No,Yes,No,Month-to-month,Yes,Bank transfer (automatic),61.84,497.95,No
8693-HCVF,Male,0,Yes,No,22,Yes,No,No,No internet service,No internet service,No internet service,No internet service,No internet service,No internet service,One year,No,Mailed check,19.07,416.48,No
8694-XQFU,Male,0,No,No,71,Yes,No,DSL,No,Yes,Yes,Yes,No,Yes,Month-to-month,Yes,Electronic check,66.52,4712.07,No
8695-BSBL,Female,0,Yes,No,12,Yes,Yes,Fiber optic,Yes,No,Yes,Yes,No,No,Month-to-month,No,Electronic check,95.12,1108.84,Yes
8696-VIZB,Male,0,Yes,No,42,Yes,No,DSL,No,Yes,Yes,Yes,No,No,One year,Yes,Mailed check,68.38,2901.04,No
8697-RFMF,Male,0,Yes,No,47,Yes,Yes,No,No internet service,No internet service,No internet service,No internet service,No internet service,No internet service,Month-to-month,No,Mailed check,27.18,1293.12,No
8698-CBMN,Male,0,Yes,Yes,58,Yes,Yes,DSL,Yes,Yes,No,Yes,No,Yes,Month-to-month,No,Bank transfer (automatic),80.6,4814.19,No
8699-RSBP,Female,0,No,Yes,51,Yes,Yes,No,No internet service,No internet service,No internet service,No internet service,No internet service,No internet service,Month-to-month,Yes,Electronic check,23.61,1184.86,No
8700-KRQB,Male,0,Yes,No,71,Yes,No,DSL,No,No,Yes,No,Yes,Yes,Month-to-month,Yes,Electronic check,65.47,4541.20,No
8701-TUSV,Male,0,No,No,48,Yes,No,DSL,No,Yes,No,No,No,No,Month-to-month,Yes,Electronic check,47.52,2273.99,Yes
8702-BXFK,Female,0,Yes,Yes,61,No,No phone service,No,No internet service,No internet service,No internet service,No internet service,No internet service,No internet service,One year,No,Credit card (automatic),20.66,1223.44,No
8703-OZKB,Male,0,Yes,No,24,Yes,Yes,Fiber optic,Yes,No,Yes,No,No,No,Month-to-month,No,Electronic check,91.91,2186.28,Yes
8704-CWKK,Female,0,Yes,No,30,Yes,No,DSL,Yes,No,Yes,Yes,No,No,Month-to-month,Yes,Mailed check,69.1,2053.81,No
8705-IFFO,Female,0,No,No,54,Yes,Yes,Fiber optic,Yes,No,No,No,Yes,Yes,Month-to-month,Yes,Mailed check,94.0,5096.66,No
8706-NWAF,Female,0,Yes,No,64,Yes,Yes,DSL,Yes,Yes,Yes,No,Yes,No,Month-to-month,Yes,Bank transfer (automatic),72.64,4656.05,No
8707-WBHJ,Female,0,Yes,Yes,1,Yes,No,DSL,Yes,Yes,Yes,Yes,No,Yes,Month-to-month,Yes,Electronic check,74.51,76.18,Yes
8708-PDUT,Male,0,Yes,No,32,No,No phone service,DSL,No,Yes,Yes,No,Yes,No,Month-to-month,Yes,Credit card (automatic),65.81,2130.68,Yes
8709-RSXK,Male,1,No,Yes,58,Yes,No,Fiber optic,No,Yes,Yes,Yes,Yes,No,Two year,No,Mailed check,91.58,5452.95,No
8710-PSPH,Male,0,Yes,No,9,Yes,No,DSL,Yes,Yes,No,No,No,Yes,Month-to-month,No,Electronic check,60.16,539.00,No
8711-YDLM,Male,0,No,No,26,Yes,No,No,No internet service,No internet service,No internet service,No internet service,No internet service,No internet service,Month-to-month,Yes,Electronic check,19.64,518.76,No
8712-LZXU,Female,0,No,Yes,40,Yes,Yes,Fiber optic,No,Yes,No,Yes,Yes,Yes,Two year,Yes,Credit card (automatic),103.27,4139.43,No
8713-UARF,Female,0,No,No,6,Yes,Yes,DSL,Yes,Yes,No,No,Yes,Yes,Two year,Yes,Mailed check,76.79,456.42,No
8714-ULKK,Female,0,No,No,66,Yes,No,Fiber optic,Yes,No,No,No,No,No,Two year,No,Mailed check,80.83,5319.14,No
8715-XLFW,Female,0,Yes,No,27,Yes,No,Fiber optic,No,No,No,No,Yes,No,One year,Yes,Credit card (automatic),79.27,2165.53,No
8716-ZQQD,Female,0,No,No,57,Yes,No,Fiber optic,Yes,Yes,Yes,No,No,Yes,Month-to-month,Yes,Credit card (automatic),95.1,5338.42,Yes
8717-LNCF,Male,0,No,Yes,31,Yes,Yes,Fiber optic,Yes,No,Yes,No,Yes,Yes,Month-to-month,Yes,Credit card (automatic),99.38,3092.19,Yes
8718-EAID,Male,0,Yes,No,29,Yes,No,Fiber optic,Yes,Yes,Yes,No,No,Yes,Month-to-month,Yes,Electronic check,93.15,2767.54,No
8719-SRDY,Female,0,No,Yes,70,Yes,Yes,DSL,Yes,Yes,No,Yes,Yes,No,Month-to-month,No,Mailed check,75.18,5122.20,No
8720-FHNZ,Male,0,Yes,Yes,62,Yes,Yes,Fiber optic,No,Yes,No,Yes,No,No,Month-to-month,Yes,Bank transfer (automatic),90.87,5685.89,Yes
8721-NBZO,Female,0,No,No,38,Yes,No,DSL,No,No,Yes,No,Yes,Yes,Month-to-month,Yes,Bank transfer (automatic),64.26,2456.26,Yes
8722-RUPL,Female,0,No,No,34,Yes,Yes,No,No internet service,No internet service,No internet service,No internet service,No internet service,No internet service,Month-to-month,No,Mailed check,26.19,914.80,No
8723-APFM,Female,0,No,No,57,No,No phone service,Fiber optic,Yes,No,No,Yes,No,No,Two year,No,Mailed check,85.34,4960.64,No
8724-RUOW,Female,0,Yes,No,50,Yes,No,Fiber optic,Yes,No,Yes,No,Yes,Yes,Month-to-month,Yes,Mailed check,94.17,4824.62,Yes
8725-FGYR,Female,0,No,No,71,Yes,Yes,Fiber optic,Yes,Yes,No,Yes,No,No,Month-to-month,No,Bank transfer (automatic),98.32,7135.62,No
8726-QKPA,Female,0,No,No,24,Yes,Yes,DSL,Yes,Yes,Yes,No,No,Yes,Month-to-month,No,Bank transfer (automatic),73.09,1714.95,Yes
8727-FUHV,Female,0,Yes,Yes,9,Yes,Yes,DSL,No,No,No,No,No,No,One year,No,Credit card (automatic),48.77,433.96,No
8728-AJCJ,Male,0,No,No,15,Yes,Yes,DSL,Yes,Yes,No,Yes,No,Yes,Month-to-month,No,Bank transfer (automatic),76.12,1169.50,No
8729-SHAX,Male,0,No,No,38,Yes,No,Fiber optic,No,Yes,Yes,No,Yes,Yes,Month-to-month,No,Credit card (automatic),99.63,3760.04,No
8730-MYUV,Female,0,No,No,23,Yes,Yes,Fiber optic,No,Yes,Yes,No,Yes,Yes,Month-to-month,Yes,Credit card (automatic),101.46,2366.84,Yes
8731-QMZK,Female,0,No,No,59,Yes,Yes,DSL,Yes,Yes,Yes,Yes,Yes,No,Two year,No,Electronic check,79.44,4683.37,No
8732-UZDE,Female,0,Yes,No,64,Yes,Yes,Fiber optic,Yes,No,Yes,Yes,No,Yes,Month-to-month,Yes,Electronic check,104.69,6625.77,Yes
8733-YPVY,Female,1,Yes,No,14,Yes,Yes,Fiber optic,Yes,Yes,Yes,No,Yes,Yes,Month-to-month,Yes,Credit card (automatic),110.49,1530.19,No
8734-OWRB,Female,0,Yes,No,72,Yes,No,Fiber optic,No,No,Yes,No,Yes,Yes,One year,Yes,Bank transfer (automatic),85.18,6066.40,Yes
8735-QAEE,Female,0,Yes,No,46,Yes,Yes,DSL,No,Yes,Yes,No,Yes,Yes,Month-to-month,Yes,Electronic check,72.23,3242.14,Yes
8736-TMWP,Female,0,Yes,No,20,Yes,No,No,No internet service,No internet service,No internet service,No internet service,No internet service,No internet service,One year,Yes,Mailed check,21.73,439.30,No
8737-JGJI,Male,0,No,No,15,Yes,Yes,Fiber optic,No,No,Yes,Yes,No,No,Month-to-month,No,Mailed check,92.66,1402.17,No
8738-DGYZ,Male,0,Yes,No,12,Yes,Yes,Fiber optic,No,Yes,Yes,Yes,No,No,Two year,No,Electronic check,96.34,1145.74,No
8739-LWEF,Male,0,No,Yes,34,Yes,Yes,Fiber optic,Yes,Yes,Yes,Yes,No,Yes,Month-to-month,No,Credit card (automatic),112.84,3795.82,Yes
8740-TBTT,Male,0,Yes,No,6,No,No phone service,Fiber optic,Yes,Yes,Yes,Yes,Yes,Yes,Two year,Yes,Electronic check,108.99,649.36,No
8741-XLED,Female,1,Yes,No,10,Yes,No,Fiber optic,No,Yes,No,No,Yes,Yes,Month-to-month,No,Mailed check,91.23,932.75,Yes
8742-FNEB,Male,0,No,Yes,55,Yes,Yes,DSL,No,Yes,No,Yes,No,No,Month-to-month,No,Credit card (automatic),68.33,3672.10,No
8743-DDAR,Male,0,No,Yes,36,Yes,Yes,DSL,No,No,No,No,Yes,No,Month-to-month,Yes,Credit card (automatic),57.44,2085.50,Yes
8744-RLWL,Male,0,Yes,No,39,Yes,No,DSL,Yes,Yes,No,No,No,No,One year,No,Electronic check,56.84,2161.98,No
8745-TQBF,Female,1,No,Yes,24,Yes,No,Fiber optic,Yes,Yes,Yes,Yes,No,Yes,One year,No,Electronic check,99.21,2443.11,Yes
8746-UUPF,Female,1,No,No,41,Yes,Yes,Fiber optic,No,Yes,Yes,Yes,Yes,Yes,Month-to-month,Yes,Electronic check,108.11,4375.68,Yes
8747-DRMJ,Male,0,Yes,Yes,25,Yes,Yes,DSL,Yes,Yes,No,No,No,Yes,Two year,Yes,Electronic check,71.18,1826.25,No
8748-UHOI,Female,1,No,Yes,4,Yes,No,DSL,No,Yes,No,Yes,No,Yes,Two year,No,Electronic check,63.18,245.81,No
8749-UDTI,Female,1,No,Yes,41,Yes,Yes,Fiber optic,No,Yes,Yes,No,No,No,Month-to-month,No,Bank transfer (automatic),95.55,4008.15,Yes
8750-JGZR,Female,0,Yes,No,6,Yes,No,Fiber optic,Yes,Yes,No,Yes,No,Yes,Month-to-month,Yes,Electronic check,97.62,568.50,Yes
8751-UUEI,Female,1,No,No,50,Yes,No,Fiber optic,Yes,Yes,No,Yes,Yes,No,Month-to-month,No,Electronic check,93.08,4634.63,Yes
8752-AIDY,Female,0,No,No,66,Yes,Yes,Fiber optic,Yes,Yes,Yes,Yes,No,No,One year,Yes,Mailed check,99.82,6592.72,No
8753-JBKE,Male,0,Yes,No,49,Yes,No,DSL,Yes,Yes,No,No,No,Yes,Month-to-month,Yes,Electronic check,63.35,3193.00,Yes
8754-SOTB,Female,0,No,No,42,Yes,Yes,Fiber optic,Yes,Yes,Yes,Yes,No,No,Month-to-month,Yes,Electronic check,103.3,4403.59,Yes
8755-MEFN,Male,0,Yes,Yes,70,Yes,No,Fiber optic,No,Yes,No,Yes,No,No,Month-to-month,Yes,Mailed check,84.4,6003.73,No
8756-NDPX,Male,0,Yes,Yes,16,Yes,No,Fiber optic,No,Yes,Yes,No,No,No,Two year,Yes,Mailed check,77.46,1227.06,No
8757-VKBB,Female,0,Yes,No,56,Yes,No,Fiber optic,No,Yes,Yes,No,No,Yes,Month-to-month,Yes,Bank transfer (automatic),92.67,5235.78,No
8758-OGOP,Female,1,Yes,Yes,15,Yes,Yes,No,No internet service,No internet service,No internet service,No internet service,No internet service,No internet service,Month-to-month,Yes,Mailed check,23.38,348.50,No
8759-FQCF,Female,0,Yes,No,1,No,No phone service,DSL,No,Yes,Yes,No,Yes,Yes,Two year,Yes,Mailed check,69.36,70.06,No
8760-DHZZ,Male,1,Yes,No,18,Yes,Yes,DSL,No,Yes,Yes,No,No,Yes,One year,No,Credit card (automatic),68.47,1234.14,No
8761-UUYB,Male,0,No,No,37,Yes,No,DSL,No,No,Yes,Yes,No,No,One year,Yes,Bank transfer (automatic),62.41,2370.96,No
8762-RPQE,Male,0,Yes,No,5,Yes,Yes,No,No internet service,No internet service,No internet service,No internet service,No internet service,No internet service,Month-to-month,Yes,Bank transfer (automatic),31.01,152.02,No
8763-LIOP,Female,0,Yes,No,21,Yes,No,Fiber optic,No,No,No,Yes,Yes,Yes,Two year,Yes,Bank transfer (automatic),92.45,1903.84,No
8764-VJBO,Female,0,No,No,4,Yes,No,DSL,Yes,No,Yes,Yes,No,No,One year,No,Electronic check,61.76,243.30,No
8765-LLQY,Female,0,Yes,No,18,Yes,No,DSL,No,No,Yes,No,Yes,Yes,Month-to-month,No,Credit card (automatic),60.12,1062.68,Yes
8766-BDHZ,Female,0,No,No,52,No,No phone service,DSL,Yes,Yes,Yes,Yes,No,Yes,Month-to-month,No,Bank transfer (automatic),76.32,3934.63,No
8767-KRAV,Male,0,No,No,11,Yes,Yes,Fiber optic,No,Yes,No,Yes,No,No,One year,Yes,Bank transfer (automatic),86.8,978.85,No
8768-EZRR,Male,0,Yes,No,19,Yes,No,Fiber optic,No,Yes,No,Yes,No,Yes,Month-to-month,Yes,Credit card (automatic),86.58,1624.58,No
8769-SPOC,Male,0,Yes,No,10,Yes,Yes,Fiber optic,No,Yes,Yes,Yes,No,Yes,Month-to-month,No,Electronic check,103.93,1012.57,No
8770-NDLU,Male,1,No,No,28,Yes,Yes,Fiber optic,No,No,Yes,Yes,Yes,Yes,One year,Yes,Electronic check,100.57,2812.88,Yes
8771-ZNJR,Male,0,Yes,No,55,No,No phone service,No,No internet service,No internet service,No internet service,No internet service,No internet service,No internet service,Two year,Yes,Bank transfer (automatic),18.96,1014.94,No
8772-LEXT,Male,0,No,Yes,39,Yes,No,Fiber optic,No,Yes,Yes,Yes,Yes,No,Month-to-month,No,Bank transfer (automatic),95.28,3657.23,Yes
8773-SAXV,Male,0,No,No,15,Yes,Yes,No,No internet service,No internet service,No internet service,No internet service,No internet service,No internet service,Month-to-month,Yes,Credit card (automatic),25.26,369.72,No
8774-TVZE,Female,1,No,No,24,Yes,No,Fiber optic,No,No,Yes,No,Yes,No,Month-to-month,Yes,Mailed check,82.93,2007.55,Yes
8775-UJJN,Male,0,Yes,No,49,Yes,Yes,Fiber optic,No,No,Yes,No,No,No,One year,No,Electronic check,84.11,4200.08,No
8776-DVAH,Male,0,No,Yes,35,Yes,No,Fiber optic,No,No,No,Yes,Yes,Yes,Month-to-month,Yes,Mailed check,95.3,3279.11,No
8777-CHOC,Male,0,Yes,No,34,Yes,Yes,No,No internet service,No internet service,No internet service,No internet service,No internet service,No internet service,One year,Yes,Electronic check,27.94,947.41,No
8778-CXBI,Male,0,No,No,63,Yes,No,Fiber optic,Yes,No,Yes,No,Yes,Yes,Two year,No,Bank transfer (automatic),93.99,5861.62,No
8779-RLNS,Female,0,No,No,59,Yes,No,Fiber optic,Yes,No,Yes,Yes,No,Yes,Month-to-month,Yes,Bank transfer (automatic),98.89,5723.27,Yes
8780-NBWE,Male,0,Yes,No,18,Yes,No,Fiber optic,No,No,No,Yes,No,No,One year,Yes,Electronic check,72.52,1268.76,No
8781-VKJE,Male,0,Yes,No,51,Yes,Yes,No,No internet service,No internet service,No internet service,No internet service,No internet service,No internet service,Month-to-month,Yes,Mailed check,30.9,1591.36,No
8782-LWVZ,Male,0,Yes,No,57,Yes,No,DSL,Yes,Yes,Yes,No,Yes,No,Month-to-month,Yes,Bank transfer (automatic),63.47,3561.97,No
8783-EWTV,Female,0,No,Yes,65,Yes,Yes,Fiber optic,Yes,Yes,Yes,No,No,Yes,Month-to-month,No,Credit card (automatic),98.23,6289.74,No
8784-LQKX,Female,1,Yes,No,20,Yes,Yes,DSL,Yes,Yes,No,Yes,Yes,Yes,One year,Yes,Mailed check,84.32,1725.21,No
8785-TXPK,Male,0,No,No,53,Yes,No,No,No internet service,No internet service,No internet service,No internet service,No internet service,No internet service,Month-to-month,No,Bank transfer (automatic),20.94,1103.22,No
8786-TWXO,Male,0,No,No,14,Yes,Yes,No,No internet service,No internet service,No internet service,No internet service,No internet service,No internet service,One year,No,Mailed check,27.66,385.34,No
8787-QNZS,Male,0,Yes,No,33,Yes,No,Fiber optic,Yes,No,Yes,No,No,Yes,One year,No,Mailed check,86.82,2909.48,No
8788-BJUW,Male,0,No,No,6,Yes,No,Fiber optic,Yes,Yes,Yes,Yes,Yes,No,Month-to-month,Yes,Bank transfer (automatic),102.12,624.58,No
8789-JXTC,Female,0,Yes,Yes,44,Yes,Yes,Fiber optic,Yes,No,Yes,Yes,No,No,Two year,Yes,Credit card (automatic),90.62,4022.66,No
8790-WKAB,Female,0,Yes,No,50,Yes,Yes,Fiber optic,No,No,No,No,Yes,Yes,One year,No,Electronic check,87.7,4263.48,No
8791-QOLC,Female,0,No,No,33,Yes,Yes,DSL,Yes,No,Yes,No,Yes,Yes,Two year,Yes,Mailed check,76.51,2470.68,No
8792-TERB,Male,0,Yes,No,30,Yes,No,No,No internet service,No internet service,No internet service,No internet service,No internet service,No internet service,Two year,Yes,Electronic check,22.61,681.85,No
8793-MOWA,Male,0,No,No,18,Yes,No,Fiber optic,No,No,No,Yes,No,No,Two year,No,Bank transfer (automatic),79.74,1420.12,No
8794-HIIQ,Male,0,No,No,56,Yes,No,DSL,No,Yes,Yes,Yes,Yes,Yes,Month-to-month,Yes,Mailed check,79.23,4500.48,No
8795-UPRA,Male,1,Yes,No,66,Yes,No,Fiber optic,No,Yes,Yes,No,Yes,No,Month-to-month,No,Electronic check,87.39,5791.34,Yes
8796-LPXJ,Female,0,No,No,10,Yes,Yes,DSL,Yes,No,Yes,Yes,No,No,Month-to-month,Yes,Bank transfer (automatic),73.82,734.04,Yes
8797-BEIF,Male,0,Yes,No,20,Yes,Yes,Fiber optic,No,No,No,Yes,Yes,Yes,Two year,Yes,Bank transfer (automatic),97.92,1998.88,Yes
8798-OTJV,Male,0,No,No,44,Yes,No,Fiber optic,No,Yes,No,No,Yes,No,One year,Yes,Electronic check,83.51,3671.89,Yes
8799-PMXS,Female,0,No,Yes,27,Yes,No,Fiber optic,No,Yes,Yes,Yes,Yes,No,Month-to-month,No,Bank transfer (automatic),93.57,2546.26,No
8800-WMEI,Male,1,No,No,1,Yes,Yes,DSL,Yes,No,No,No,No,Yes,Month-to-month,Yes,Credit card (automatic),65.69,64.50,Yes
8801-KYKQ,Male,0,No,No,2,Yes,Yes,Fiber optic,Yes,Yes,Yes,No,Yes,Yes,Month-to-month,No,Mailed check,105.95,209.31,Yes
8802-PFIW,Male,0,Yes,No,17,Yes,Yes,Fiber optic,No,Yes,Yes,Yes,No,Yes,Month-to-month,No,Credit card (automatic),104.36,1771.73,No
8803-YEPH,Male,0,No,Yes,70,Yes,Yes,Fiber optic,No,No,Yes,Yes,No,No,One year,Yes,Mailed check,91.42,6334.30,No
8804-OSYA,Male,0,Yes,No,44,Yes,No,Fiber optic,Yes,No,Yes,Yes,No,No,Month-to-month,Yes,Electronic check,88.44,3975.52,No
8805-JFJL,Male,1,No,No,19,No,No phone service,Fiber optic,No,No,Yes,Yes,Yes,Yes,Month-to-month,Yes,Electronic check,100.54,1878.85,Yes
8806-QSTM,Male,0,Yes,Yes,5,Yes,No,Fiber optic,No,No,No,Yes,No,No,Month-to-month,No,Electronic check,79.11,404.73,Yes
8807-ZACZ,Male,0,Yes,No,55,Yes,No,DSL,No,No,Yes,Yes,No,No,Two year,No,Bank transfer (automatic),58.56,3169.92,No
8808-DVAO,Male,0,Yes,No,28,No,No phone service,DSL,No,No,No,Yes,Yes,Yes,Month-to-month,Yes,Electronic check,68.25,1891.23,No
8809-ZXQE,Female,0,Yes,Yes,29,Yes,Yes,Fiber optic,No,No,Yes,No,Yes,Yes,Two year,No,Mailed check,94.33,2768.66,Yes
8810-QAIS,Male,0,Yes,No,41,Yes,Yes,No,No internet service,No internet service,No internet service,No internet service,No internet service,No internet service,Month-to-month,No,Credit card (automatic),22.45,905.95,Yes
8811-QBYH,Female,0,Yes,No,17,No,No phone service,DSL,Yes,Yes,No,No,Yes,Yes,Month-to-month,Yes,Electronic check,69.91,1185.65,Yes
8812-MNYD,Female,0,No,No,53,Yes,No,Fiber optic,Yes,No,No,Yes,Yes,Yes,Month-to-month,Yes,Electronic check,95.85,5014.68,Yes
8813-DHOI,Male,0,No,No,23,Yes,No,Fiber optic,No,Yes,No,No,No,No,Month-to-month,Yes,Bank transfer (automatic),77.9,1823.08,Yes
8814-DBAN,Female,0,Yes,No,51,Yes,No,Fiber optic,No,No,No,Yes,No,Yes,Month-to-month,Yes,Electronic check,77.65,3858.10,Yes
8815-NRVA,Male,0,No,No,38,No,No phone service,DSL,No,Yes,No,No,Yes,No,Two year,Yes,Electronic check,61.13,2266.29,No
8816-SLJG,Male,0,Yes,No,11,Yes,No,Fiber optic,Yes,No,No,No,Yes,No,Two year,No,Mailed check,79.95,885.30,No
8817-YIPU,Male,0,No,Yes,45,Yes,No,Fiber optic,Yes,Yes,No,No,Yes,Yes,One year,Yes,Credit card (automatic),96.51,4367.89,Yes
8818-TNDF,Male,0,Yes,No,6,Yes,Yes,DSL,Yes,Yes,Yes,Yes,Yes,No,Month-to-month,No,Mailed check,84.83,506.91,No
8819-JAOZ,Male,0,No,No,52,No,No phone service,No,No internet service,No internet service,No internet service,No internet service,No internet service,No internet service,Month-to-month,No,Electronic check,20.2,1042.16,No
8820-LFNC,Male,1,Yes,No,28,Yes,Yes,No,No internet service,No internet service,No internet service,No internet service,No internet service,No internet service,Month-to-month,Yes,Bank transfer (automatic),26.6,760.84,No
8821-ZJWY,Female,0,Yes,No,49,Yes,No,DSL,Yes,Yes,No,No,Yes,Yes,Two year,No,Mailed check,68.3,3351.75,No
8822-TMUB,Male,0,No,No,18,Yes,No,DSL,No,No,No,No,Yes,No,Two year,No,Electronic check,52.5,954.43,No
8823-TRWS,Female,0,No,No,30,Yes,Yes,Fiber optic,Yes,Yes,Yes,Yes,No,No,Month-to-month,Yes,Mailed check,101.87,3118.01,Yes
8824-SAZA,Female,0,No,No,23,Yes,Yes,No,No internet service,No internet service,No internet service,No internet service,No internet service,No internet service,Month-to-month,Yes,Bank transfer (automatic),23.15,538.76,No
8825-FHJM,Female,0,Yes,Yes,19,Yes,Yes,No,No internet service,No internet service,No internet service,No internet service,No internet service,No internet service,Two year,Yes,Credit card (automatic),27.02,519.65,No
8826-JYVP,Male,0,No,No,25,Yes,No,No,No internet service,No internet service,No internet service,No internet service,No internet service,No internet service,Month-to-month,No,Bank transfer (automatic),21.54,525.88,No
8827-LUDR,Female,0,No,No,4,Yes,Yes,Fiber optic,No,No,No,No,No,No,Month-to-month,No,Bank transfer (automatic),76.22,298.81,Yes
8828-FXOW,Female,1,Yes,No,29,Yes,Yes,No,No internet service,No internet service,No internet service,No internet service,No internet service,No internet service,Month-to-month,Yes,Credit card (automatic),21.9,617.56,No
8829-KAHI,Female,0,Yes,No,9,Yes,Yes,Fiber optic,Yes,No,No,No,No,No,Two year,Yes,Electronic check,85.13,761.54,No
8830-WGVA,Male,0,Yes,Yes,38,Yes,Yes,DSL,No,Yes,Yes,Yes,No,Yes,Month-to-month,Yes,Bank transfer (automatic),75.34,2811.30,No
8831-GECF,Female,0,Yes,Yes,7,Yes,No,Fiber optic,Yes,Yes,No,No,No,No,Month-to-month,No,Credit card (automatic),81.83,575.35,Yes
8832-HZJT,Female,1,Yes,Yes,1,Yes,No,Fiber optic,No,No,Yes,Yes,No,No,Two year,Yes,Mailed check,85.91,84.91,No
8833-VERH,Male,1,Yes,Yes,32,Yes,Yes,No,No internet service,No internet service,No internet service,No internet service,No internet service,No internet service,Two year,Yes,Electronic check,22.49,699.28,No
8834-ZIPR,Male,0,No,No,22,Yes,No,Fiber optic,Yes,No,Yes,Yes,No,No,Month-to-month,No,Credit card (automatic),93.02,2098.34,Yes
8835-ZRBD,Male,0,No,No,64,Yes,No,No,No internet service,No internet service,No internet service,No internet service,No internet service,No internet service,Two year,Yes,Mailed check,19.01,1189.26,No
8836-WMCD,Female,0,No,Yes,20,Yes,No,DSL,No,Yes,No,Yes,Yes,Yes,Month-to-month,Yes,Electronic check,77.94,1586.72,Yes
8837-QKOR,Male,0,No,No,29,Yes,Yes,DSL,No,No,Yes,Yes,No,No,Two year,Yes,Bank transfer (automatic),60.67,1749.11,No
8838-ZSPC,Male,0,Yes,Yes,18,Yes,Yes,Fiber optic,No,Yes,No,No,No,Yes,Two year,Yes,Mailed check,90.72,1587.89,No
8839-YSEN,Female,0,No,Yes,65,Yes,No,Fiber optic,Yes,Yes,Yes,No,Yes,Yes,One year,No,Mailed check,102.44,6531.65,No
8840-INVS,Male,0,No,No,57,No,No phone service,DSL,No,Yes,No,No,No,Yes,Month-to-month,No,Electronic check,56.42,3192.41,No
8841-ZPNB,Male,1,No,No,13,Yes,Yes,Fiber optic,No,No,Yes,No,No,Yes,Month-to-month,Yes,Electronic check,89.58,1174.86,Yes
8842-YHJO,Female,1,Yes,No,19,No,No phone service,No,No internet service,No internet service,No internet service,No internet service,No internet service,No internet service,One year,Yes,Electronic check,21.96,412.60,No
8843-ZXJL,Female,1,No,Yes,14,Yes,No,No,No internet service,No internet service,No internet service,No internet service,No internet service,No internet service,Month-to-month,No,Electronic check,18.25,259.54,No
8844-FOMV,Female,0,No,No,11,Yes,No,Fiber optic,No,No,No,No,No,Yes,Month-to-month,Yes,Mailed check,79.28,855.47,Yes
8845-WVKG,Female,0,No,Yes,18,Yes,No,Fiber optic,Yes,No,Yes,No,No,No,Two year,No,Credit card (automatic),85.34,1581.22,No
8846-LNPR,Male,0,No,No,62,Yes,No,No,No internet service,No internet service,No internet service,No internet service,No internet service,No internet service,Two year,No,Electronic check,19.97,1253.72,No
8847-EWWS,Female,0,No,No,34,No,No phone service,DSL,Yes,Yes,No,No,No,Yes,Month-to-month,No,Bank transfer (automatic),60.69,2083.04,Yes
8848-OQAJ,Female,0,No,No,28,Yes,Yes,Fiber optic,Yes,Yes,Yes,Yes,Yes,No,Month-to-month,No,Credit card (automatic),108.23,2965.96,Yes
8849-LMUX,Male,1,No,No,14,Yes,Yes,Fiber optic,No,Yes,No,No,Yes,Yes,Month-to-month,No,Mailed check,94.89,1324.22,Yes
8850-IUWM,Male,0,No,No,14,Yes,Yes,No,No internet service,No internet service,No internet service,No internet service,No internet service,No internet service,One year,No,Credit card (automatic),27.11,379.84,No
8851-HXYX,Male,0,No,No,40,Yes,Yes,DSL,No,No,No,No,No,No,One year,No,Bank transfer (automatic),50.71,2059.72,No
8852-WJKO,Male,0,Yes,Yes,55,No,No phone service,No,No internet service,No internet service,No internet service,No internet service,No internet service,No internet service,Month-to-month,Yes,Credit card (automatic),21.31,1188.86,No
8853-WLGQ,Male,0,No,No,41,Yes,Yes,Fiber optic,Yes,Yes,Yes,Yes,Yes,No,Two year,Yes,Electronic check,106.39,4466.25,No
8854-PKFV,Male,0,Yes,No,48,Yes,No,DSL,No,Yes,Yes,No,Yes,Yes,Month-to-month,No,Bank transfer (automatic),75.73,3694.53,No
8855-XTQK,Female,0,Yes,Yes,19,Yes,Yes,Fiber optic,No,No,Yes,No,No,No,Two year,Yes,Electronic check,83.03,1581.63,No
8856-PHRN,Male,0,Yes,Yes,69,Yes,Yes,DSL,Yes,No,Yes,No,No,No,One year,Yes,Credit card (automatic),68.21,4622.77,No
8857-OROL,Female,0,No,No,60,Yes,Yes,Fiber optic,No,No,No,Yes,No,No,One year,No,Mailed check,84.84,5067.12,No
8858-AJKU,Female,0,Yes,Yes,64,Yes,Yes,Fiber optic,No,Yes,Yes,No,No,Yes,Month-to-month,Yes,Electronic check,99.78,6524.46,Yes
8859-OMWP,Female,0,Yes,No,49,Yes,No,Fiber optic,Yes,No,Yes,No,Yes,No,Two year,Yes,Mailed check,88.05,4390.07,No
8860-DNRF,Female,0,Yes,No,50,Yes,Yes,Fiber optic,No,No,Yes,No,Yes,No,Month-to-month,Yes,Electronic check,86.16,4265.92,Yes
8861-OVGR,Male,0,No,No,6,Yes,No,No,No internet service,No internet service,No internet service,No internet service,No internet service,No internet service,Month-to-month,Yes,Electronic check,22.64,132.15,Yes
8862-OYYC,Female,0,No,No,12,No,No phone service,Fiber optic,No,No,No,Yes,Yes,Yes,Month-to-month,No,Mailed check,89.25,1098.40,No
8863-NSFC,Male,0,No,No,10,Yes,No,No,No internet service,No internet service,No internet service,No internet service,No internet service,No internet service,Month-to-month,Yes,Electronic check,20.06,195.11,No
8864-CPVW,Female,0,Yes,No,35,No,No phone service,No,No internet service,No internet service,No internet service,No internet service,No internet service,No internet service,Two year,Yes,Electronic check,20.79,724.85,No
8865-QPFH,Male,0,Yes,Yes,43,Yes,No,Fiber optic,Yes,No,No,Yes,Yes,No,One year,Yes,Mailed check,90.17,3884.85,No
8866-WVVW,Male,0,No,Yes,9,Yes,No,DSL,Yes,No,No,Yes,No,No,Month-to-month,Yes,Electronic check,52.94,473.77,Yes
8867-JBVI,Female,1,Yes,No,55,Yes,No,No,No internet service,No internet service,No internet service,No internet service,No internet service,No internet service,Two year,Yes,Bank transfer (automatic),19.68,1063.28,No
8868-TFNE,Male,0,No,No,40,Yes,Yes,No,No internet service,No internet service,No internet service,No internet service,No internet service,No internet service,Month-to-month,Yes,Electronic check,25.78,1042.84,Yes
8869-IIVP,Female,0,No,No,43,Yes,No,No,No internet service,No internet service,No internet service,No internet service,No internet service,No internet service,One year,Yes,Bank transfer (automatic),20.35,871.16,No
8870-NHWI,Male,1,No,Yes,67,Yes,No,DSL,Yes,Yes,Yes,No,Yes,Yes,One year,No,Mailed check,78.32,5400.52,No
8871-VZPB,Male,0,Yes,No,43,Yes,No,No,No internet service,No internet service,No internet service,No internet service,No internet service,No internet service,Two year,No,Mailed check,22.99,983.95,No
8872-XCRZ,Female,0,Yes,No,1,Yes,No,DSL,Yes,No,Yes,Yes,No,Yes,One year,Yes,Mailed check,69.96,71.77,No
8873-RPNE,Female,0,No,Yes,56,No,No phone service,Fiber optic,Yes,No,No,Yes,Yes,Yes,Month-to-month,No,Mailed check,92.18,5052.69,No
8874-WBET,Male,0,Yes,No,64,Yes,No,Fiber optic,Yes,Yes,No,No,No,Yes,Month-to-month,Yes,Mailed check,92.19,5891.36,Yes
8875-BLOC,Male,0,No,No,7,Yes,Yes,Fiber optic,Yes,No,No,Yes,No,Yes,Month-to-month,Yes,Mailed check,100.01,680.64,Yes
8876-JYBI,Male,0,No,No,39,Yes,No,DSL,No,Yes,No,Yes,Yes,Yes,Month-to-month,Yes,Mailed check,67.54,2699.24,Yes
8877-VIWU,Female,0,Yes,No,34,Yes,Yes,Fiber optic,Yes,No,Yes,No,Yes,No,Month-to-month,No,Mailed check,94.18,3154.89,No
8878-QBHJ,Female,0,Yes,No,11,Yes,No,DSL,Yes,No,No,No,Yes,No,Month-to-month,Yes,Electronic check,56.74,609.67,Yes
8879-XKNF,Male,0,Yes,No,20,Yes,No,Fiber optic,No,Yes,Yes,No,No,Yes,One year,Yes,Mailed check,88.12,1807.76,No
8880-JPFF,Male,0,Yes,Yes,62,Yes,Yes,DSL,No,No,Yes,No,No,Yes,Month-to-month,Yes,Mailed check,65.05,4112.45,No
8881-HBEU,Male,0,No,No,29,Yes,Yes,Fiber optic,Yes,No,Yes,No,No,No,Two year,Yes,Bank transfer (automatic),93.47,2748.98,No
8882-EPLL,Male,0,No,No,39,Yes,No,Fiber optic,Yes,Yes,Yes,Yes,No,No,One year,Yes,Mailed check,93.59,3580.33,No
8883-ATGY,Female,0,No,No,56,Yes,No,No,No internet service,No internet service,No internet service,No internet service,No internet service,No internet service,Month-to-month,Yes,Bank transfer (automatic),18.25,1018.13,No
8884-IDFR,Female,0,Yes,Yes,33,Yes,Yes,Fiber optic,Yes,No,No,No,Yes,Yes,One year,No,Bank transfer (automatic),98.02,3301.77,No
8885-EXJA,Male,0,Yes,No,65,Yes,Yes,Fiber optic,Yes,Yes,Yes,Yes,Yes,Yes,Month-to-month,No,Electronic check,115.35,7605.58,No
8886-HLIS,Female,0,No,No,36,Yes,Yes,No,No internet service,No internet service,No internet service,No internet service,No internet service,No internet service,Two year,Yes,Mailed check,27.25,957.22,No
8887-RFDF,Male,0,No,No,71,Yes,Yes,No,No internet service,No internet service,No internet service,No internet service,No internet service,No internet service,Month-to-month,No,Electronic check,26.61,1907.87,No
8888-XEBO,Male,0,No,Yes,11,Yes,Yes,Fiber optic,No,No,Yes,No,Yes,No,Month-to-month,Yes,Electronic check,92.17,1032.66,Yes
8889-PQLI,Male,0,No,No,64,Yes,Yes,Fiber optic,No,No,Yes,No,Yes,No,Month-to-month,Yes,Credit card (automatic),86.58,5388.72,Yes
8890-CUMD,Male,0,No,Yes,9,Yes,Yes,DSL,Yes,Yes,Yes,Yes,No,No,One year,Yes,Credit card (automatic),74.07,675.30,No
8891-QWZG,Male,0,Yes,No,59,Yes,Yes,Fiber optic,No,Yes,No,No,No,Yes,Month-to-month,Yes,Electronic check,90.55,5472.00,Yes
8892-RLML,Female,0,Yes,No,48,Yes,No,No,No internet service,No internet service,No internet service,No internet service,No internet service,No internet service,Month-to-month,Yes,Bank transfer (automatic),18.25,874.14,No
8893-XROC,Female,0,No,Yes,41,Yes,No,No,No internet service,No internet service,No internet service,No internet service,No internet service,No internet service,One year,No,Credit card (automatic),18.97,789.37,No
8894-NKBM,Male,0,Yes,No,64,Yes,No,DSL,No,No,No,No,No,Yes,Two year,Yes,Electronic check,48.77,3079.30,No
8895-XSLM,Female,1,No,No,47,Yes,No,DSL,No,Yes,No,No,Yes,No,Month-to-month,Yes,Mailed check,56.78,2686.83,Yes
8896-GTSH,Female,0,Yes,No,51,Yes,Yes,No,No internet service,No internet service,No internet service,No internet service,No internet service,No internet service,Month-to-month,Yes,Electronic check,25.74,1331.13,No
8897-BFUU,Female,0,Yes,No,55,Yes,Yes,No,No internet service,No internet service,No internet service,No internet service,No internet service,No internet service,Month-to-month,No,Mailed check,28.77,1594.64,No
8898-CILB,Female,0,Yes,No,61,Yes,No,Fiber optic,No,Yes,Yes,No,Yes,No,One year,Yes,Electronic check,87.74,5239.21,No
8899-PGYI,Male,0,No,No,17,Yes,Yes,DSL,Yes,Yes,No,No,Yes,Yes,Month-to-month,No,Electronic check,79.57,1369.42,No
8900-ASPB,Female,0,No,Yes,61,Yes,No,Fiber optic,No,No,No,No,Yes,No,One year,Yes,Electronic check,76.45,4726.95,No
8901-NPFS,Female,0,Yes,No,43,Yes,Yes,Fiber optic,No,Yes,Yes,No,Yes,No,Month-to-month,Yes,Credit card (automatic),97.1,4266.13,Yes
8902-FFPX,Female,1,Yes,No,3,Yes,Yes,Fiber optic,No,Yes,Yes,Yes,Yes,No,Month-to-month,Yes,Electronic check,97.25,299.15,Yes
8903-BBIH,Male,0,Yes,No,67,Yes,No,DSL,No,Yes,Yes,No,Yes,Yes,Month-to-month,Yes,Electronic check,68.85,4505.16,No
8904-HHUZ,Male,1,Yes,No,56,Yes,No,DSL,Yes,No,Yes,Yes,No,Yes,Month-to-month,No,Bank transfer (automatic),70.66,3982.16,No
8905-USKB,Male,0,No,No,65,Yes,Yes,Fiber optic,No,No,Yes,Yes,No,No,One year,No,Bank transfer (automatic),89.17,5749.72,No
8906-ZPOL,Male,1,Yes,Yes,56,Yes,Yes,DSL,Yes,Yes,No,Yes,No,Yes,One year,Yes,Electronic check,80.84,4514.55,No
8907-FTAE,Male,0,Yes,Yes,25,Yes,No,Fiber optic,Yes,No,Yes,No,No,No,One year,Yes,Mailed check,78.0,1942.81,No
8908-YTYE,Male,0,Yes,Yes,26,Yes,Yes,DSL,No,No,No,No,No,No,Month-to-month,Yes,Mailed check,52.27,1346.29,No
8909-BNXD,Female,0,No,Yes,20,Yes,No,Fiber optic,Yes,Yes,Yes,Yes,Yes,Yes,Month-to-month,Yes,Electronic check,110.92,2249.80,Yes
8910-YZVJ,Male,0,No,No,30,Yes,No,No,No internet service,No internet service,No internet service,No internet service,No internet service,No internet service,One year,Yes,Credit card (automatic),20.42,625.61,No
8911-IFDP,Female,0,No,No,3,Yes,No,Fiber optic,No,No,Yes,No,No,Yes,One year,Yes,Credit card (automatic),85.98,260.47,No
8912-CWYM,Male,0,No,Yes,54,Yes,No,DSL,Yes,No,Yes,No,No,No,One year,Yes,Electronic check,53.83,2838.57,No
8913-UVOC,Female,0,No,No,55,Yes,No,Fiber optic,Yes,Yes,Yes,Yes,Yes,No,Month-to-month,Yes,Electronic check,103.17,5543.20,Yes
8914-YDDN,Male,0,Yes,Yes,72,Yes,Yes,DSL,Yes,Yes,No,Yes,No,Yes,Month-to-month,Yes,Mailed check,79.66,5712.13,No
8915-OZTT,Female,0,No,No,40,Yes,No,Fiber optic,Yes,Yes,No,Yes,No,Yes,One year,Yes,Credit card (automatic),96.36,3747.87,No
8916-TSZL,Male,1,No,No,72,Yes,Yes,DSL,No,No,No,No,No,Yes,Month-to-month,Yes,Bank transfer (automatic),56.89,4177.84,Yes
8917-DNDJ,Male,0,Yes,No,16,Yes,Yes,No,No internet service,No internet service,No internet service,No internet service,No internet service,No internet service,Month-to-month,No,Bank transfer (automatic),30.14,475.67,No
8918-VNVL,Male,0,No,Yes,35,Yes,No,DSL,No,Yes,No,Yes,No,No,One year,Yes,Credit card (automatic),57.77,2027.11,No
8919-HSJX,Female,0,No,No,57,Yes,Yes,No,No internet service,No internet service,No internet service,No internet service,No internet service,No internet service,Month-to-month,No,Electronic check,27.16,1593.50,Yes
8920-OPGV,Male,0,No,No,57,Yes,No,Fiber optic,No,Yes,No,No,No,No,Month-to-month,No,Credit card (automatic),78.53,4425.83,Yes
8921-OASR,Female,0,Yes,No,56,Yes,Yes,Fiber optic,Yes,Yes,Yes,Yes,Yes,Yes,Month-to-month,Yes,Credit card (automatic),111.16,6312.56,No
8922-MOBL,Female,1,Yes,Yes,34,Yes,No,No,No internet service,No internet service,No internet service,No internet service,No internet service,No internet service,Two year,Yes,Bank transfer (automatic),19.56,681.00,No
8923-EYEA,Male,0,No,No,6,Yes,Yes,Fiber optic,Yes,No,Yes,Yes,No,No,Month-to-month,No,Mailed check,95.72,570.31,Yes
8924-QAOV,Male,0,Yes,No,63,No,No phone service,Fiber optic,No,No,No,Yes,No,No,One year,Yes,Credit card (automatic),81.33,5068.34,No
8925-QYSG,Male,0,Yes,No,28,Yes,No,No,No internet service,No internet service,No internet service,No internet service,No internet service,No internet service,Month-to-month,Yes,Electronic check,18.76,532.76,Yes
8926-KHRH,Male,0,Yes,No,47,No,No phone service,DSL,Yes,No,No,Yes,Yes,Yes,One year,Yes,Electronic check,64.94,2972.83,No
8927-UYKF,Male,0,No,No,10,Yes,No,DSL,Yes,Yes,No,No,No,Yes,Month-to-month,Yes,Electronic check,68.31,663.38,Yes
8928-AQGA,Male,0,No,No,68,No,No phone service,No,No internet service,No internet service,No internet service,No internet service,No internet service,No internet service,Two year,Yes,Mailed check,20.73,1414.75,No
8929-MYIM,Female,0,No,Yes,19,Yes,No,DSL,No,Yes,Yes,No,Yes,Yes,Month-to-month,Yes,Bank transfer (automatic),68.35,1260.94,No
8930-KZYW,Male,0,No,Yes,72,Yes,Yes,No,No internet service,No internet service,No internet service,No internet service,No internet service,No internet service,One year,Yes,Mailed check,27.46,1965.50,No
8931-WEAO,Male,0,Yes,No,52,Yes,Yes,DSL,No,No,No,Yes,No,Yes,Month-to-month,No,Mailed check,68.46,3655.63,No
8932-HBVI,Female,1,Yes,Yes,24,Yes,No,Fiber optic,Yes,Yes,No,No,Yes,Yes,One year,No,Mailed check,91.95,2156.52,No
8933-GTKJ,Female,0,Yes,No,27,Yes,Yes,Fiber optic,Yes,Yes,No,Yes,No,No,Month-to-month,No,Electronic check,98.85,2681.61,No
8934-HJHP,Male,0,Yes,No,71,Yes,Yes,Fiber optic,No,Yes,Yes,Yes,Yes,No,Month-to-month,No,Electronic check,100.87,6962.73,Yes
8935-EGXM,Male,0,No,No,43,Yes,No,No,No internet service,No internet service,No internet service,No internet service,No internet service,No internet service,Two year,Yes,Electronic check,21.66,913.04,No
8936-DAPW,Male,0,Yes,Yes,50,No,No phone service,DSL,No,No,No,No,No,Yes,Month-to-month,Yes,Credit card (automatic),47.7,2398.95,No
8937-RXIA,Female,0,Yes,No,45,No,No phone service,Fiber optic,Yes,Yes,No,No,Yes,No,Month-to-month,No,Electronic check,86.56,3899.03,Yes
8938-TLCV,Female,0,No,No,18,Yes,Yes,DSL,Yes,No,No,Yes,Yes,Yes,One year,No,Electronic check,79.91,1447.66,No
8939-DXDA,Male,0,No,No,10,No,No phone service,DSL,Yes,Yes,Yes,Yes,No,No,One year,No,Mailed check,74.73,737.65,No
8940-MOFD,Male,0,Yes,No,1,Yes,Yes,DSL,No,Yes,No,No,Yes,Yes,Month-to-month,No,Mailed check,68.32,67.68,Yes
8941-UXOS,Male,0,No,Yes,30,No,No phone service,Fiber optic,No,No,Yes,No,Yes,No,Month-to-month,Yes,Bank transfer (automatic),85.3,2616.30,No
8942-HUSU,Female,0,No,No,50,Yes,No,Fiber optic,No,Yes,No,Yes,No,No,Month-to-month,Yes,Mailed check,81.58,4020.91,No
8943-ZZNY,Male,0,No,Yes,22,Yes,Yes,DSL,No,No,Yes,Yes,Yes,Yes,Month-to-month,Yes,Mailed check,70.99,1575.45,Yes
8944-RIGX,Male,0,No,No,17,Yes,No,No,No internet service,No internet service,No internet service,No internet service,No internet service,No internet service,Month-to-month,Yes,Bank transfer (automatic),19.07,319.26,Yes
8945-SBLS,Male,0,Yes,Yes,28,Yes,No,Fiber optic,Yes,No,Yes,Yes,No,No,Month-to-month,Yes,Electronic check,89.08,2537.22,Yes
8946-VXUS,Male,0,Yes,Yes,17,Yes,Yes,No,No internet service,No internet service,No internet service,No internet service,No internet service,No internet service,Two year,No,Mailed check,29.23,504.54,No
8947-MJXM,Female,0,Yes,Yes,32,Yes,Yes,DSL,No,No,No,No,No,No,Two year,No,Mailed check,48.83,1599.85,No
8948-RXGS,Male,0,No,Yes,40,Yes,No,Fiber optic,Yes,No,No,No,No,No,One year,Yes,Mailed check,75.82,2979.53,No
8949-SIAH,Male,0,No,No,20,Yes,No,DSL,Yes,Yes,Yes,Yes,Yes,No,Month-to-month,Yes,Credit card (automatic),79.31,1586.75,No
8950-TCIM,Female,1,No,No,3,Yes,No,Fiber optic,Yes,Yes,No,No,Yes,No,Two year,Yes,Credit card (automatic),91.04,267.53,Yes
8951-CPAE,Female,0,No,Yes,8,Yes,No,No,No internet service,No internet service,No internet service,No internet service,No internet service,No internet service,One year,No,Bank transfer (automatic),21.85,174.33,No
8952-DWLC,Male,0,Yes,Yes,30,Yes,Yes,Fiber optic,Yes,Yes,Yes,Yes,Yes,No,Month-to-month,No,Bank transfer (automatic),108.07,3276.91,Yes
8953-XJOG,Male,0,Yes,No,13,Yes,No,Fiber optic,No,No,Yes,No,Yes,Yes,Month-to-month,No,Credit card (automatic),86.61,1105.57,No
8954-HPRL,Female,0,Yes,Yes,58,Yes,No,Fiber optic,Yes,Yes,No,Yes,Yes,Yes,One year,Yes,Mailed check,106.3,6165.25,No
8955-DMPO,Male,0,Yes,No,12,Yes,No,Fiber optic,No,No,No,No,No,Yes,Two year,Yes,Mailed check,76.11,939.47,No
8956-NWPY,Female,0,No,Yes,2,Yes,Yes,DSL,No,No,Yes,No,No,Yes,Month-to-month,Yes,Mailed check,68.39,134.17,Yes
8957-EPOA,Female,1,No,No,45,Yes,No,Fiber optic,No,No,No,No,Yes,Yes,Month-to-month,Yes,Credit card (automatic),85.77,3809.35,Yes
8958-YOUB,Female,0,Yes,No,45,No,No phone service,No,No internet service,No internet service,No internet service,No internet service,No internet service,No internet service,Two year,No,Bank transfer (automatic),18.25,809.53,No
8959-IJBS,Male,0,No,Yes,49,Yes,No,DSL,No,No,No,Yes,Yes,No,Month-to-month,No,Mailed check,52.37,2608.89,No
8960-PSEG,Female,0,Yes,No,12,No,No phone service,Fiber optic,Yes,Yes,No,No,No,Yes,Month-to-month,No,Mailed check,95.65,1176.45,Yes
8961-XOMG,Female,0,No,No,50,Yes,No,No,No internet service,No internet service,No internet service,No internet service,No internet service,No internet service,One year,No,Bank transfer (automatic),20.5,1043.01,No
8962-MWVR,Male,1,Yes,No,63,Yes,No,Fiber optic,No,No,No,Yes,Yes,Yes,Month-to-month,Yes,Electronic check,96.79,6117.69,Yes
8963-JVTQ,Female,1,No,No,44,Yes,No,Fiber optic,Yes,No,No,No,No,Yes,Month-to-month,Yes,Mailed check,84.03,3602.93,No
8964-HAMF,Female,1,Yes,No,29,Yes,Yes,DSL,No,No,No,No,Yes,Yes,Month-to-month,Yes,Electronic check,67.81,1948.95,Yes
8965-FWSD,Female,0,Yes,No,35,Yes,Yes,DSL,No,Yes,Yes,No,Yes,Yes,Month-to-month,No,Electronic check,85.33,2933.88,No
8966-ESGF,Male,0,No,No,59,Yes,Yes,Fiber optic,Yes,Yes,Yes,No,No,Yes,Month-to-month,No,Electronic check,105.4,6189.15,Yes
8967-PECA,Male,0,Yes,Yes,11,Yes,No,Fiber optic,No,Yes,Yes,No,Yes,No,One year,No,Electronic check,95.16,1039.85,Yes
8968-RLJB,Female,0,Yes,No,53,Yes,No,DSL,Yes,No,No,Yes,No,Yes,Two year,No,Mailed check,65.42,3532.52,No
8969-XRRX,Male,0,Yes,No,20,Yes,Yes,Fiber optic,Yes,Yes,No,No,No,No,One year,No,Electronic check,89.27,1806.73,No
8970-UYYX,Female,0,No,Yes,64,Yes,Yes,Fiber optic,No,No,Yes,Yes,Yes,Yes,Month-to-month,Yes,Electronic check,106.33,6903.85,Yes
8971-XOEZ,Female,0,Yes,Yes,11,Yes,Yes,DSL,No,Yes,Yes,Yes,No,Yes,Month-to-month,Yes,Mailed check,77.2,873.27,No
8972-TORE,Female,1,No,Yes,38,Yes,No,Fiber optic,No,No,Yes,Yes,No,Yes,Month-to-month,No,Electronic check,90.79,3467.32,Yes
8973-AOZO,Male,0,No,No,29,Yes,No,Fiber optic,No,No,Yes,No,No,Yes,One year,Yes,Mailed check,80.51,2369.96,Yes
8974-GPUN,Female,1,No,Yes,36,Yes,Yes,Fiber optic,No,Yes,No,No,Yes,No,Month-to-month,No,Mailed check,91.26,3208.44,Yes
8975-DSXU,Male,0,Yes,Yes,28,Yes,No,Fiber optic,No,Yes,No,No,Yes,No,Month-to-month,Yes,Credit card (automatic),82.71,2259.84,No
8976-SUJS,Female,0,No,Yes,3,Yes,No,Fiber optic,Yes,Yes,Yes,No,Yes,No,Month-to-month,No,Electronic check,98.14,289.76,Yes
8977-VLDA,Male,0,Yes,No,62,Yes,Yes,Fiber optic,Yes,No,Yes,No,No,Yes,One year,No,Electronic check,94.23,5899.67,Yes
8978-QNCV,Male,0,No,Yes,39,No,No phone service,Fiber optic,Yes,Yes,No,Yes,Yes,Yes,Month-to-month,No,Bank transfer (automatic),104.89,4052.96,Yes
8979-AVIG,Female,0,Yes,Yes,44,Yes,Yes,Fiber optic,Yes,Yes,Yes,No,No,No,Month-to-month,Yes,Credit card (automatic),92.41,4167.03,Yes
8980-VYOW,Female,0,No,No,38,Yes,Yes,Fiber optic,No,Yes,Yes,No,No,No,One year,Yes,Credit card (automatic),93.98,3486.90,No
8981-UURA,Female,0,No,No,39,Yes,Yes,DSL,Yes,Yes,No,No,No,Yes,One year,No,Mailed check,70.32,2733.40,Yes
8982-BEBI,Male,1,Yes,Yes,44,Yes,No,Fiber optic,Yes,Yes,No,No,Yes,Yes,Month-to-month,No,Electronic check,97.71,4251.27,Yes
8983-IJWP,Female,0,Yes,No,31,Yes,No,DSL,Yes,Yes,No,No,Yes,Yes,One year,Yes,Bank transfer (automatic),74.82,2298.66,No
8984-IUWZ,Female,0,Yes,No,10,Yes,No,DSL,Yes,Yes,Yes,No,No,No,One year,Yes,Credit card (automatic),62.89,637.82,No
8985-OPDK,Female,0,No,Yes,3,Yes,Yes,DSL,Yes,Yes,No,No,Yes,Yes,Month-to-month,Yes,Mailed check,77.06,231.50,No
8986-UDPD,Female,0,Yes,No,39,Yes,No,No,No internet service,No internet service,No internet service,No internet service,No internet service,No internet service,One year,No,Mailed check,18.5,706.97,No
8987-PASC,Male,0,No,No,14,Yes,Yes,Fiber optic,No,No,No,No,No,Yes,Month-to-month,Yes,Electronic check,83.05,1134.09,Yes
8988-HFVB,Male,0,No,No,33,Yes,No,No,No internet service,No internet service,No internet service,No internet service,No internet service,No internet service,One year,Yes,Mailed check,18.25,596.47,No
8989-CMPZ,Female,0,No,Yes,44,Yes,No,Fiber optic,Yes,No,Yes,No,Yes,Yes,Month-to-month,Yes,Electronic check,94.04,4104.05,No
8990-VLHU,Female,0,Yes,No,43,Yes,Yes,No,No internet service,No internet service,No internet service,No internet service,No internet service,No internet service,Month-to-month,Yes,Mailed check,23.43,1034.95,No
8991-ZXSD,Male,0,Yes,No,13,Yes,No,Fiber optic,Yes,Yes,No,No,Yes,Yes,One year,No,Credit card (automatic),98.69,1272.80,Yes
8992-IHNV,Male,0,Yes,No,48,Yes,Yes,Fiber optic,Yes,Yes,No,No,No,Yes,One year,No,Mailed check,96.65,4581.45,Yes
8993-CHRL,Female,1,No,No,68,Yes,No,DSL,Yes,No,Yes,Yes,Yes,Yes,Month-to-month,Yes,Electronic check,73.86,4892.74,Yes
8994-ODRS,Female,0,Yes,No,27,Yes,Yes,Fiber optic,No,No,Yes,No,Yes,No,Two year,Yes,Bank transfer (automatic),89.13,2409.42,No
8995-FGWR,Male,0,Yes,No,9,Yes,Yes,Fiber optic,Yes,Yes,No,No,Yes,No,Month-to-month,No,Mailed check,97.38,865.47,Yes
8996-QGXH,Female,0,Yes,Yes,37,Yes,No,DSL,Yes,No,No,Yes,No,No,Month-to-month,No,Electronic check,51.68,1931.71,No
8997-LXJR,Female,0,No,No,45,Yes,No,DSL,No,No,Yes,Yes,No,No,Month-to-month,Yes,Electronic check,54.23,2388.10,Yes
8998-NYBI,Male,0,No,No,29,Yes,Yes,Fiber optic,Yes,No,No,No,Yes,Yes,Month-to-month,No,Credit card (automatic),89.72,2646.33,Yes
8999-XOEB,Male,0,Yes,No,44,Yes,No,DSL,Yes,No,Yes,No,Yes,No,Two year,No,Mailed check,66.19,2932.67,No
9000-DSBG,Female,0,Yes,Yes,56,No,No phone service,Fiber optic,Yes,Yes,No,Yes,No,Yes,Month-to-month,Yes,Electronic check,94.05,5202.22,Yes
9001-VHMK,Male,0,Yes,Yes,42,Yes,Yes,Fiber optic,No,No,No,Yes,Yes,No,Month-to-month,No,Mailed check,82.32,3504.43,No
9002-JCAH,Male,0,Yes,Yes,58,Yes,Yes,No,No internet service,No internet service,No internet service,No internet service,No internet service,No internet service,Two year,Yes,Electronic check,22.95,1356.43,No
9003-DNYY,Male,1,No,No,11,Yes,No,Fiber optic,No,No,No,Yes,No,Yes,Month-to-month,Yes,Electronic check,80.31,898.47,Yes
9004-WEAO,Female,0,Yes,No,22,Yes,No,Fiber optic,No,Yes,No,No,Yes,No,One year,No,Credit card (automatic),84.11,1904.14,No
9005-ORFR,Male,0,No,No,40,Yes,No,Fiber optic,No,No,Yes,Yes,No,No,Month-to-month,No,Credit card (automatic),81.95,3320.88,Yes
9006-AAWZ,Male,1,No,No,19,No,No phone service,Fiber optic,Yes,No,Yes,Yes,No,No,Two year,Yes,Bank transfer (automatic),86.71,1634.25,No
9007-XWWG,Male,0,No,Yes,72,Yes,Yes,DSL,Yes,Yes,Yes,No,No,Yes,Month-to-month,No,Electronic check,77.85,5463.45,Yes
9008-KQIU,Female,0,Yes,No,49,Yes,Yes,Fiber optic,No,Yes,Yes,Yes,No,Yes,Two year,No,Electronic check,104.08,5155.01,No
9009-AUBR,Female,1,No,No,30,Yes,Yes,DSL,No,Yes,Yes,No,Yes,No,Month-to-month,No,Electronic check,73.87,2245.97,Yes
9010-CGNN,Male,0,Yes,Yes,56,Yes,No,Fiber optic,No,No,Yes,Yes,Yes,No,Month-to-month,No,Electronic check,88.74,4965.90,No
9011-UKPH,Male,0,Yes,No,71,Yes,No,DSL,No,No,No,Yes,No,Yes,Month-to-month,No,Credit card (automatic),60.15,4223.21,No
9012-NZZH,Male,1,No,No,1,No,No phone service,Fiber optic,Yes,No,No,No,Yes,No,Month-to-month,No,Electronic check,81.39,82.59,Yes
9013-IVCW,Female,0,Yes,No,41,Yes,No,No,No internet service,No internet service,No internet service,No internet service,No internet service,No internet service,Month-to-month,Yes,Bank transfer (automatic),21.98,889.75,No
9014-FCOT,Female,0,Yes,No,31,Yes,No,Fiber optic,No,Yes,Yes,No,No,No,Month-to-month,Yes,Electronic check,81.6,2468.24,Yes
9015-VXQO,Male,0,Yes,Yes,55,Yes,Yes,DSL,No,No,Yes,No,No,Yes,Month-to-month,No,Bank transfer (automatic),66.24,3592.89,Yes
9016-MLWY,Male,0,Yes,Yes,23,Yes,No,Fiber optic,Yes,Yes,Yes,Yes,Yes,Yes,Month-to-month,No,Credit card (automatic),113.94,2657.55,No
9017-HGSG,Female,0,No,Yes,24,Yes,Yes,Fiber optic,No,No,No,No,Yes,Yes,One year,Yes,Electronic check,86.63,2060.43,Yes
9018-MYAZ,Female,1,No,No,56,Yes,Yes,No,No internet service,No internet service,No internet service,No internet service,No internet service,No internet service,Two year,No,Mailed check,22.4,1234.16,No
9019-ADTQ,Male,0,No,No,65,No,No phone service,No,No internet service,No internet service,No internet service,No internet service,No internet service,No internet service,Month-to-month,Yes,Mailed check,22.04,1431.39,Yes
9020-JUEY,Male,0,Yes,No,11,Yes,Yes,DSL,Yes,No,Yes,No,No,Yes,Month-to-month,No,Electronic check,74.39,834.31,Yes
9021-REIO,Female,0,Yes,No,45,Yes,Yes,No,No internet service,No internet service,No internet service,No internet service,No internet service,No internet service,Two year,Yes,Electronic check,28.61,1282.94,No
9022-FOBZ,Female,0,Yes,No,57,Yes,Yes,DSL,Yes,No,Yes,No,No,No,One year,No,Credit card (automatic),60.44,3465.19,No
9023-QSXW,Female,0,No,No,12,Yes,Yes,DSL,No,Yes,No,Yes,No,No,Month-to-month,No,Mailed check,63.63,762.49,Yes
9024-LHZM,Male,1,No,No,48,Yes,No,DSL,No,Yes,No,No,Yes,Yes,Month-to-month,No,Mailed check,63.08,3039.80,Yes
9025-MJFN,Male,0,No,Yes,71,Yes,Yes,DSL,Yes,Yes,No,Yes,Yes,Yes,Month-to-month,Yes,Bank transfer (automatic),86.43,6210.18,No
9026-MFZE,Female,0,No,No,61,Yes,Yes,Fiber optic,No,Yes,Yes,No,Yes,No,Month-to-month,Yes,Electronic check,96.54,6024.75,Yes
9027-ZTBI,Female,0,No,No,14,Yes,Yes,DSL,No,No,Yes,Yes,Yes,No,One year,Yes,Bank transfer (automatic),73.72,1023.09,Yes
9028-HAVC,Female,0,Yes,No,72,Yes,Yes,DSL,Yes,No,Yes,Yes,Yes,Yes,Month-to-month,Yes,Electronic check,80.34,5933.80,No
9029-TSHS,Male,0,No,No,26,Yes,Yes,DSL,No,No,No,Yes,No,Yes,Month-to-month,Yes,Electronic check,65.18,1672.98,No
9030-LCUG,Female,0,No,No,35,Yes,No,No,No internet service,No internet service,No internet service,No internet service,No internet service,No internet service,Two year,No,Credit card (automatic),22.15,795.86,No
9031-FVVA,Male,0,No,No,21,Yes,No,Fiber optic,No,No,No,No,Yes,Yes,Month-to-month,Yes,Credit card (automatic),83.66,1728.20,Yes
9032-QHMN,Male,0,Yes,Yes,51,Yes,No,Fiber optic,No,No,No,No,No,Yes,Two year,Yes,Electronic check,76.12,3796.13,No
9033-MUPP,Female,1,No,No,10,Yes,Yes,No,No internet service,No internet service,No internet service,No internet service,No internet service,No internet service,Month-to-month,No,Mailed check,25.4,255.55,Yes
9034-CVYN,Female,0,Yes,Yes,52,Yes,Yes,Fiber optic,Yes,Yes,No,Yes,No,No,One year,No,Bank transfer (automatic),91.12,4840.46,No
9035-MHVT,Female,0,No,Yes,4,Yes,No,DSL,Yes,No,No,Yes,Yes,No,Month-to-month,Yes,Electronic check,63.46,260.23,No
9036-UQSJ,Female,0,No,Yes,61,Yes,No,No,No internet service,No internet service,No internet service,No internet service,No internet service,No internet service,Two year,No,Electronic check,20.94,1302.79,No
9037-KNOM,Male,0,No,No,24,Yes,Yes,Fiber optic,No,Yes,No,Yes,Yes,Yes,Month-to-month,Yes,Bank transfer (automatic),98.97,2334.00,Yes
9038-FUHR,Female,1,Yes,No,38,Yes,Yes,Fiber optic,Yes,Yes,Yes,Yes,Yes,No,Month-to-month,Yes,Bank transfer (automatic),107.88,4204.93,Yes
9039-MFAB,Male,0,Yes,No,17,No,No phone service,No,No internet service,No internet service,No internet service,No internet service,No internet service,No internet service,One year,Yes,Bank transfer (automatic),22.37,389.75,No
9040-AWTT,Male,0,No,No,8,Yes,No,DSL,Yes,No,Yes,Yes,No,Yes,Month-to-month,Yes,Electronic check,71.71,556.52,Yes
9041-XUMI,Female,0,No,Yes,2,Yes,Yes,DSL,No,No,No,Yes,Yes,Yes,Two year,No,Bank transfer (automatic),77.28,152.05,No
9042-IKTE,Female,1,No,No,71,Yes,No,No,No internet service,No internet service,No internet service,No internet service,No internet service,No internet service,Month-to-month,No,Electronic check,19.49,1355.15,No
9043-JOOT,Female,0,Yes,Yes,10,Yes,Yes,Fiber optic,Yes,Yes,No,Yes,No,No,Month-to-month,Yes,Bank transfer (automatic),95.73,977.30,Yes
9044-SXVJ,Male,0,No,No,5,Yes,Yes,Fiber optic,No,Yes,No,No,No,No,Month-to-month,No,Mailed check,85.24,427.91,No
9045-YZVR,Female,0,No,No,37,Yes,Yes,No,No internet service,No internet service,No internet service,No internet service,No internet service,No internet service,Month-to-month,No,Bank transfer (automatic),29.69,1068.93,No
9046-UELY,Male,0,Yes,No,70,Yes,No,No,No internet service,No internet service,No internet service,No internet service,No internet service,No internet service,Two year,Yes,Electronic check,18.25,1259.74,No
9047-CFEG,Female,1,Yes,No,6,No,No phone service,No,No internet service,No internet service,No internet service,No internet service,No internet service,No internet service,Two year,Yes,Mailed check,19.65,116.93,No
9048-UYXT,Female,0,No,No,19,Yes,No,DSL,Yes,No,Yes,No,No,No,Two year,Yes,Mailed check,61.56,1156.78,No
9049-TDPX,Female,0,Yes,Yes,41,Yes,No,No,No internet service,No internet service,No internet service,No internet service,No internet service,No internet service,Two year,Yes,Electronic check,21.24,890.27,No
9050-YOFY,Male,0,No,No,36,Yes,No,Fiber optic,No,Yes,Yes,No,No,Yes,Month-to-month,Yes,Electronic check,85.92,3087.56,Yes
9051-CVXW,Male,1,No,Yes,11,No,No phone service,Fiber optic,Yes,Yes,No,No,Yes,No,One year,Yes,Bank transfer (automatic),93.07,1007.55,No
9052-MFUC,Male,0,Yes,No,69,Yes,Yes,DSL,No,No,No,No,Yes,No,Month-to-month,Yes,Electronic check,59.28,4055.66,No
9053-DXAJ,Female,0,Yes,No,26,No,No phone service,Fiber optic,No,Yes,Yes,Yes,No,Yes,One year,Yes,Mailed check,92.35,2364.63,No
9054-PJAD,Female,1,No,No,49,No,No phone service,DSL,Yes,No,Yes,Yes,No,No,Two year,Yes,Electronic check,67.37,3339.79,No
9055-HKUS,Male,0,No,No,33,Yes,Yes,No,No internet service,No internet service,No internet service,No internet service,No internet service,No internet service,Month-to-month,Yes,Electronic check,24.88,808.79,Yes
9056-CVLM,Female,1,No,Yes,43,Yes,Yes,Fiber optic,No,Yes,Yes,No,Yes,No,Month-to-month,Yes,Electronic check,101.34,4228.13,Yes
9057-IANR,Female,0,No,No,66,Yes,Yes,Fiber optic,No,Yes,Yes,Yes,Yes,Yes,Month-to-month,Yes,Electronic check,106.48,7034.27,Yes
9058-NHMG,Male,0,No,No,24,Yes,No,DSL,Yes,No,No,No,No,Yes,Two year,Yes,Bank transfer (automatic),56.97,1366.23,No
9059-LEVD,Male,0,No,No,59,Yes,Yes,Fiber optic,Yes,No,No,Yes,No,No,Two year,Yes,Bank transfer (automatic),92.6,5440.78,No
9060-LRPW,Female,0,No,No,22,Yes,Yes,Fiber optic,Yes,Yes,No,No,No,No,Two year,Yes,Electronic check,95.37,2111.59,No
9061-MRZY,Female,0,No,Yes,23,No,No phone service,No,No internet service,No internet service,No internet service,No internet service,No internet service,No internet service,One year,Yes,Electronic check,20.24,465.25,No
9062-GXTA,Male,0,Yes,Yes,3,Yes,Yes,Fiber optic,No,No,Yes,Yes,Yes,No,Two year,Yes,Electronic check,99.32,302.07,Yes
9063-BHLK,Female,1,Yes,No,25,Yes,Yes,DSL,Yes,No,Yes,Yes,No,Yes,Two year,No,Credit card (automatic),79.13,1988.71,No
9064-HOWU,Female,0,No,No,43,Yes,No,Fiber optic,Yes,Yes,No,No,No,No,Month-to-month,No,Electronic check,83.75,3522.88,Yes
9065-PFKI,Female,0,Yes,Yes,47,Yes,No,DSL,Yes,No,Yes,Yes,Yes,Yes,Two year,No,Credit card (automatic),72.2,3381.19,No
9066-FXOW,Female,0,No,No,31,Yes,Yes,Fiber optic,No,No,No,No,Yes,No,One year,No,Mailed check,84.39,2619.09,Yes
9067-KYIS,Female,0,No,Yes,26,No,No phone service,Fiber optic,No,Yes,No,No,No,No,Month-to-month,No,Credit card (automatic),78.9,2080.18,No
9068-FYLA,Male,0,Yes,No,17,Yes,Yes,DSL,No,No,No,Yes,Yes,Yes,One year,Yes,Electronic check,67.25,1129.04,No
9069-IBVP,Male,0,Yes,No,66,Yes,No,DSL,No,No,Yes,No,Yes,Yes,Month-to-month,No,Credit card (automatic),64.14,4122.91,No
9070-IAJA,Male,0,No,No,28,Yes,No,Fiber optic,Yes,Yes,No,No,Yes,No,Month-to-month,Yes,Credit card (automatic),86.93,2400.83,No
9071-ALXG,Female,0,Yes,Yes,23,Yes,Yes,Fiber optic,No,No,No,No,Yes,Yes,Month-to-month,Yes,Electronic check,87.51,2051.04,Yes
9072-MVWW,Male,0,No,Yes,68,No,No phone service,DSL,Yes,Yes,Yes,Yes,Yes,No,One year,Yes,Credit card (automatic),80.94,5601.70,No
9073-TZUY,Male,0,No,No,46,No,No phone service,Fiber optic,No,Yes,No,No,Yes,Yes,One year,Yes,Mailed check,88.5,3967.40,No
9074-RKSC,Female,1,No,No,62,Yes,No,Fiber optic,No,Yes,Yes,Yes,Yes,No,Month-to-month,No,Electronic check,94.93,5730.48,Yes
9075-NJKK,Male,0,No,Yes,28,Yes,No,DSL,No,No,No,Yes,No,Yes,Two year,Yes,Mailed check,58.34,1615.21,No
9076-UISY,Male,0,No,No,31,Yes,Yes,DSL,No,Yes,No,Yes,No,Yes,Month-to-month,Yes,Electronic check,73.9,2272.87,Yes
9077-YHSV,Male,0,Yes,Yes,53,Yes,Yes,DSL,No,No,Yes,No,No,No,Two year,No,Bank transfer (automatic),54.08,2880.72,No
9078-AZMZ,Male,0,Yes,No,71,Yes,Yes,Fiber optic,No,No,No,Yes,No,No,One year,No,Bank transfer (automatic),85.73,6255.44,No
9079-DFCV,Male,0,Yes,No,57,No,No phone service,DSL,No,Yes,No,No,Yes,Yes,Two year,Yes,Electronic check,64.38,3750.56,No
9080-SWBC,Female,1,No,Yes,34,Yes,Yes,No,No internet service,No internet service,No internet service,No internet service,No internet service,No internet service,One year,Yes,Electronic check,25.84,900.69,Yes
9081-ZOQP,Male,1,Yes,No,44,Yes,No,Fiber optic,Yes,No,No,Yes,Yes,Yes,Month-to-month,No,Electronic check,92.0,3946.01,Yes
9082-BXJF,Male,0,Yes,No,26,Yes,No,Fiber optic,Yes,Yes,Yes,No,No,Yes,Month-to-month,Yes,Bank transfer (automatic),94.19,2471.70,No
9083-FSJB,Female,0,Yes,No,33,Yes,Yes,No,No internet service,No internet service,No internet service,No internet service,No internet service,No internet service,One year,Yes,Electronic check,26.71,887.31,No
9084-ZPFJ,Male,0,Yes,No,28,Yes,Yes,DSL,Yes,Yes,No,Yes,Yes,Yes,Month-to-month,Yes,Mailed check,79.15,2276.97,No
9085-DSFT,Female,0,Yes,No,8,Yes,Yes,Fiber optic,Yes,Yes,No,No,No,No,Month-to-month,Yes,Mailed check,90.07,738.58,Yes
9086-PVMF,Female,0,No,No,63,Yes,Yes,DSL,Yes,No,No,Yes,No,No,Two year,Yes,Credit card (automatic),64.36,4170.28,No
9087-KOEG,Female,0,Yes,Yes,10,Yes,No,DSL,No,No,No,No,No,Yes,Two year,No,Bank transfer (automatic),53.4,529.93,No
9088-TAEK,Male,0,No,No,20,Yes,No,No,No internet service,No internet service,No internet service,No internet service,No internet service,No internet service,Month-to-month,Yes,Credit card (automatic),18.25,374.34,No
9089-ZWQT,Male,0,Yes,Yes,19,Yes,Yes,DSL,No,Yes,Yes,Yes,No,Yes,Month-to-month,Yes,Bank transfer (automatic),72.81,1351.23,No
9090-QMSY,Female,0,Yes,Yes,16,Yes,No,No,No internet service,No internet service,No internet service,No internet service,No internet service,No internet service,Two year,Yes,Mailed check,20.07,322.94,No
9091-PZIC,Male,0,Yes,No,36,Yes,No,No,No internet service,No internet service,No internet service,No internet service,No internet service,No internet service,Month-to-month,Yes,Credit card (automatic),20.73,742.09,Yes
9092-PVLL,Female,0,No,Yes,70,Yes,No,Fiber optic,No,Yes,Yes,No,Yes,No,Month-to-month,No,Mailed check,93.5,6623.02,Yes
9093-LYRQ,Male,0,No,No,24,Yes,Yes,Fiber optic,No,Yes,Yes,Yes,Yes,Yes,Month-to-month,No,Electronic check,107.98,2657.58,Yes
9094-DCCO,Male,0,Yes,No,53,Yes,No,No,No internet service,No internet service,No internet service,No internet service,No internet service,No internet service,Month-to-month,Yes,Bank transfer (automatic),20.38,1055.92,No
9095-SPUT,Female,0,No,Yes,53,Yes,Yes,DSL,Yes,No,Yes,Yes,Yes,No,One year,No,Electronic check,84.24,4503.58,No
9096-IVJU,Female,0,Yes,No,55,Yes,Yes,Fiber optic,Yes,No,No,No,Yes,No,Two year,Yes,Mailed check,90.09,5078.54,No
9097-ABZU,Female,0,No,No,45,Yes,Yes,DSL,No,No,Yes,No,No,Yes,One year,Yes,Electronic check,66.07,2940.36,No
9098-ANHI,Female,0,No,No,54,Yes,No,DSL,No,Yes,No,No,Yes,Yes,Month-to-month,Yes,Electronic check,65.95,3564.89,Yes
9099-MOTH,Male,0,Yes,No,55,Yes,Yes,DSL,No,No,Yes,Yes,No,Yes,Two year,Yes,Electronic check,73.25,4001.91,No
9100-YYPS,Female,0,Yes,No,50,Yes,No,DSL,Yes,No,Yes,Yes,Yes,Yes,One year,No,Bank transfer (automatic),72.23,3574.40,No
9101-TKVG,Female,0,Yes,No,41,Yes,Yes,DSL,No,Yes,No,No,Yes,Yes,Month-to-month,No,Mailed check,69.92,2884.70,Yes
9102-XODI,Male,0,No,No,7,Yes,No,Fiber optic,Yes,Yes,No,No,No,Yes,Month-to-month,No,Mailed check,88.87,639.50,Yes
9103-VFAE,Male,0,Yes,Yes,37,Yes,Yes,Fiber optic,Yes,No,No,No,Yes,No,Month-to-month,Yes,Bank transfer (automatic),92.32,3350.32,No
9104-IBQQ,Female,0,No,No,55,Yes,Yes,No,No internet service,No internet service,No internet service,No internet service,No internet service,No internet service,Two year,No,Electronic check,28.51,1524.15,No
9105-EAAV,Male,0,Yes,Yes,25,Yes,Yes,Fiber optic,Yes,Yes,No,No,Yes,Yes,One year,Yes,Bank transfer (automatic),101.65,2535.80,Yes
9106-KBKT,Female,0,No,Yes,18,Yes,No,No,No internet service,No internet service,No internet service,No internet service,No internet service,No internet service,Two year,Yes,Mailed check,22.25,407.05,No
9107-ORFP,Male,0,Yes,Yes,43,Yes,Yes,No,No internet service,No internet service,No internet service,No internet service,No internet service,No internet service,Two year,Yes,Electronic check,26.14,1149.97,No
9108-OFZC,Male,0,No,No,10,Yes,Yes,No,No internet service,No internet service,No internet service,No internet service,No internet service,No internet service,Two year,No,Mailed check,25.11,258.45,No
9109-EAJZ,Male,0,Yes,No,52,Yes,No,DSL,Yes,Yes,No,Yes,Yes,No,Two year,No,Electronic check,74.44,3968.54,No
9110-SZOJ,Male,0,Yes,No,71,Yes,Yes,DSL,No,No,Yes,Yes,No,No,One year,No,Bank transfer (automatic),63.29,4367.98,No
9111-GFRI,Female,0,Yes,No,35,No,No phone service,Fiber optic,Yes,No,Yes,No,No,Yes,Two year,No,Electronic check,86.21,2958.91,No
9112-DXHS,Female,0,No,No,3,Yes,No,DSL,No,No,Yes,Yes,No,No,Month-to-month,No,Electronic check,56.17,171.69,No
9113-PVOD,Female,0,Yes,No,20,Yes,Yes,No,No internet service,No internet service,No internet service,No internet service,No internet service,No internet service,Month-to-month,No,Electronic check,23.36,453.67,No
9114-COIE,Female,0,No,No,3,Yes,Yes,Fiber optic,Yes,Yes,Yes,Yes,Yes,No,Two year,Yes,Mailed check,112.21,338.71,No
9115-CWLM,Male,0,No,No,34,Yes,Yes,No,No internet service,No internet service,No internet service,No internet service,No internet service,No internet service,Month-to-month,No,Bank transfer (automatic),24.91,846.48,No
9116-ABTD,Female,0,Yes,Yes,23,Yes,Yes,Fiber optic,Yes,Yes,Yes,No,No,Yes,Month-to-month,Yes,Mailed check,106.13,2404.60,Yes
9117-YMKI,Female,0,Yes,No,56,No,No phone service,No,No internet service,No internet service,No internet service,No internet service,No internet service,No internet service,Two year,Yes,Mailed check,19.87,1107.59,No
9118-WSJZ,Female,0,Yes,No,61,Yes,Yes,DSL,No,Yes,Yes,No,No,No,Two year,No,Mailed check,69.41,4307.06,No
9119-VTRP,Female,0,Yes,No,32,Yes,No,Fiber optic,Yes,Yes,Yes,Yes,Yes,No,Month-to-month,Yes,Credit card (automatic),97.92,3112.10,Yes
9120-MPFQ,Female,0,Yes,Yes,71,Yes,Yes,No,No internet service,No internet service,No internet service,No internet service,No internet service,No internet service,Month-to-month,No,Credit card (automatic),27.21,1901.82,No
9121-CBFC,Female,0,No,No,33,Yes,No,Fiber optic,Yes,Yes,No,No,Yes,Yes,One year,No,Credit card (automatic),95.35,3091.21,No
9122-DRML,Female,0,Yes,No,9,Yes,Yes,Fiber optic,Yes,Yes,No,Yes,Yes,Yes,One year,No,Credit card (automatic),110.85,985.17,Yes
9123-XTFL,Female,0,Yes,Yes,66,No,No phone service,Fiber optic,No,Yes,No,No,Yes,Yes,Two year,Yes,Mailed check,88.91,5770.56,No
9124-CTBS,Female,0,No,No,29,Yes,No,No,No internet service,No internet service,No internet service,No internet service,No internet service,No internet service,Two year,No,Bank transfer (automatic),22.27,628.87,No
9125-JIWT,Male,0,Yes,No,64,Yes,No,Fiber optic,No,No,No,Yes,No,Yes,Month-to-month,No,Mailed check,81.65,5283.94,Yes
9126-BUKY,Male,0,No,No,53,Yes,No,No,No internet service,No internet service,No internet service,No internet service,No internet service,No internet service,One year,No,Credit card (automatic),18.25,962.65,No
9127-XCKE,Female,0,No,No,68,Yes,Yes,Fiber optic,Yes,No,No,No,No,Yes,One year,Yes,Bank transfer (automatic),91.18,6344.45,No
9128-CXCS,Male,1,Yes,No,47,Yes,No,Fiber optic,Yes,Yes,Yes,Yes,No,No,Month-to-month,No,Mailed check,100.01,4716.97,No
9129-EZUA,Male,0,No,No,43,Yes,Yes,Fiber optic,Yes,Yes,No,Yes,No,No,Two year,Yes,Bank transfer (automatic),94.52,4026.13,No
9130-CHUC,Female,0,No,No,17,Yes,Yes,Fiber optic,No,No,Yes,No,Yes,Yes,Month-to-month,Yes,Credit card (automatic),95.06,1662.02,Yes
9131-EZCX,Female,0,No,Yes,21,Yes,Yes,Fiber optic,Yes,No,No,No,Yes,Yes,Month-to-month,No,Electronic check,94.1,2010.74,Yes
9132-LBVO,Female,0,No,No,24,No,No phone service,DSL,Yes,No,No,Yes,Yes,Yes,Month-to-month,Yes,Credit card (automatic),64.14,1517.95,No
9133-HBER,Male,0,No,No,23,Yes,No,Fiber optic,Yes,No,Yes,No,Yes,No,Month-to-month,Yes,Mailed check,94.81,2152.07,Yes
9134-PFYE,Male,1,No,Yes,43,Yes,No,Fiber optic,No,No,No,No,Yes,Yes,One year,No,Mailed check,87.4,3870.69,No
9135-UQYO,Female,0,No,Yes,63,No,No phone service,DSL,No,No,No,No,No,No,Two year,No,Electronic check,47.26,2898.57,No
9136-SFHI,Female,0,No,Yes,3,Yes,Yes,Fiber optic,Yes,No,Yes,Yes,No,Yes,Month-to-month,No,Mailed check,102.16,311.84,Yes
9137-LKGF,Male,0,No,No,45,Yes,Yes,Fiber optic,Yes,Yes,No,Yes,Yes,No,One year,Yes,Mailed check,106.73,4697.11,No
9138-CCFB,Female,0,No,No,55,Yes,Yes,Fiber optic,No,Yes,No,No,No,No,Two year,No,Electronic check,82.2,4623.36,No
9139-SXKX,Male,0,Yes,No,32,Yes,Yes,No,No internet service,No internet service,No internet service,No internet service,No internet service,No internet service,One year,Yes,Electronic check,24.41,787.84,No
9140-WODN,Female,0,No,Yes,20,Yes,No,Fiber optic,No,Yes,No,Yes,No,No,Two year,Yes,Electronic check,81.95,1621.94,Yes
9141-OVTY,Female,0,Yes,No,32,Yes,No,No,No internet service,No internet service,No internet service,No internet service,No internet service,No internet service,One year,Yes,Electronic check,19.98,623.52,No
9142-ODGI,Female,0,Yes,Yes,60,Yes,Yes,Fiber optic,No,No,Yes,No,Yes,Yes,Two year,Yes,Bank transfer (automatic),95.95,5680.82,No
9143-OZGJ,Female,0,Yes,No,66,Yes,Yes,Fiber optic,No,Yes,Yes,No,Yes,Yes,One year,No,Electronic check,100.85,6533.78,No
9144-CNPD,Male,0,Yes,Yes,50,Yes,Yes,Fiber optic,No,No,Yes,No,Yes,No,Month-to-month,Yes,Credit card (automatic),90.0,4384.44,Yes
9145-NLLT,Male,1,No,No,35,Yes,Yes,DSL,Yes,No,No,No,Yes,Yes,Month-to-month,No,Mailed check,63.55,2253.21,No
9146-THYD,Male,0,Yes,No,47,Yes,Yes,No,No internet service,No internet service,No internet service,No internet service,No internet service,No internet service,Month-to-month,Yes,Mailed check,24.94,1193.13,No
9147-IAAK,Female,0,No,No,49,Yes,No,Fiber optic,No,No,No,No,Yes,Yes,Two year,Yes,Credit card (automatic),83.75,4000.10,No
9148-KKAK,Female,0,No,Yes,56,Yes,No,DSL,No,No,No,No,Yes,Yes,Month-to-month,No,Electronic check,58.95,3224.38,No
9149-NBZK,Female,1,Yes,Yes,11,Yes,Yes,Fiber optic,No,No,Yes,No,Yes,Yes,Month-to-month,Yes,Bank transfer (automatic),90.45,976.64,Yes
9150-SRUF,Male,0,Yes,No,6,Yes,Yes,DSL,No,Yes,No,Yes,Yes,No,Month-to-month,Yes,Mailed check,68.51,412.55,Yes
9151-JQWQ,Male,0,No,No,25,Yes,No,DSL,No,No,No,Yes,Yes,Yes,Month-to-month,Yes,Bank transfer (automatic),62.73,1546.18,Yes
9152-VIAO,Female,0,No,No,19,No,No phone service,DSL,Yes,Yes,No,Yes,Yes,Yes,Month-to-month,Yes,Credit card (automatic),79.67,1515.32,Yes
9153-EAWY,Female,1,Yes,No,45,Yes,No,No,No internet service,No internet service,No internet service,No internet service,No internet service,No internet service,Two year,No,Electronic check,19.09,884.20,No
9154-RFDZ,Female,0,Yes,No,38,Yes,No,DSL,No,No,No,No,Yes,Yes,Two year,Yes,Bank transfer (automatic),60.32,2267.24,No
9155-XOCG,Male,0,Yes,No,67,Yes,Yes,Fiber optic,Yes,No,No,Yes,Yes,Yes,One year,Yes,Bank transfer (automatic),97.15,6368.68,No
9156-TUIU,Male,0,Yes,No,56,Yes,No,Fiber optic,No,No,Yes,No,Yes,No,Month-to-month,Yes,Mailed check,81.07,4404.98,Yes
9157-ODXZ,Female,0,Yes,No,11,Yes,Yes,No,No internet service,No internet service,No internet service,No internet service,No internet service,No internet service,Two year,No,Electronic check,24.35,266.43,No
9158-GFFR,Female,1,No,No,62,Yes,Yes,No,No internet service,No internet service,No internet service,No internet service,No internet service,No internet service,Month-to-month,No,Electronic check,27.51,1705.24,No
9159-QZUJ,Male,0,Yes,No,56,Yes,Yes,No,No internet service,No internet service,No internet service,No internet service,No internet service,No internet service,Month-to-month,Yes,Mailed check,25.34,1391.02,No
9160-UCVJ,Female,0,Yes,No,28,Yes,Yes,Fiber optic,Yes,No,No,Yes,No,Yes,Month-to-month,Yes,Bank transfer (automatic),98.54,2751.30,Yes
9161-EVNK,Male,0,No,Yes,5,Yes,No,Fiber optic,No,No,No,No,Yes,No,Month-to-month,Yes,Mailed check,79.9,407.66,Yes
9162-VQJZ,Male,0,No,Yes,58,Yes,No,No,No internet service,No internet service,No internet service,No internet service,No internet service,No internet service,Month-to-month,No,Electronic check,20.25,1166.35,No
9163-QDJP,Female,0,Yes,Yes,14,Yes,Yes,DSL,No,Yes,Yes,No,No,No,Month-to-month,Yes,Electronic check,69.02,972.32,Yes
9164-XDLW,Female,0,No,No,16,No,No phone service,DSL,No,Yes,No,Yes,No,No,Month-to-month,Yes,Mailed check,56.3,906.65,Yes
9165-TQOG,Female,0,No,No,34,Yes,No,No,No internet service,No internet service,No internet service,No internet service,No internet service,No internet service,Two year,No,Electronic check,19.49,659.24,No
9166-SHKO,Male,0,Yes,Yes,6,Yes,Yes,DSL,Yes,Yes,Yes,Yes,No,No,Two year,No,Electronic check,69.26,410.24,Yes
9167-VBIT,Female,1,Yes,Yes,29,Yes,Yes,Fiber optic,Yes,Yes,No,Yes,No,No,Two year,Yes,Bank transfer (automatic),90.99,2665.33,Yes
9168-SEDY,Female,0,No,No,18,Yes,Yes,DSL,No,Yes,No,No,Yes,Yes,Two year,Yes,Mailed check,75.22,1339.76,No
9169-UOPJ,Female,0,No,Yes,4,Yes,No,DSL,Yes,No,Yes,No,No,Yes,One year,Yes,Bank transfer (automatic),61.51,251.25,No
9170-FHQG,Male,0,No,Yes,66,Yes,No,No,No internet service,No internet service,No internet service,No internet service,No internet service,No internet service,One year,Yes,Mailed check,18.78,1249.00,No
9171-UODE,Female,1,Yes,Yes,19,Yes,Yes,DSL,No,Yes,Yes,Yes,No,Yes,Two year,No,Electronic check,78.23,1443.57,No
9172-JDLU,Female,0,No,No,40,Yes,No,Fiber optic,Yes,No,No,Yes,Yes,Yes,Month-to-month,No,Electronic check,91.8,3575.98,Yes
9173-CCMX,Female,0,Yes,No,59,Yes,Yes,DSL,Yes,No,No,No,Yes,No,One year,No,Electronic check,65.47,3815.73,No
9174-HDTA,Male,0,No,Yes,35,Yes,No,Fiber optic,No,No,No,Yes,No,Yes,Month-to-month,Yes,Credit card (automatic),80.17,2790.49,Yes
9175-UHCP,Female,1,No,Yes,22,Yes,No,Fiber optic,No,Yes,Yes,Yes,Yes,Yes,Month-to-month,No,Credit card (automatic),101.56,2195.27,Yes
9176-GYGA,Male,1,Yes,Yes,54,Yes,No,Fiber optic,No,Yes,Yes,Yes,Yes,No,One year,Yes,Electronic check,99.62,5518.35,No
9177-CQEI,Male,0,Yes,No,50,Yes,Yes,Fiber optic,Yes,Yes,Yes,No,No,Yes,Two year,Yes,Credit card (automatic),106.26,5187.12,No
9178-CAFZ,Female,0,No,No,1,Yes,Yes,Fiber optic,No,No,No,No,Yes,Yes,Two year,Yes,Electronic check,94.49,94.80,No
9179-XLYT,Male,0,No,No,59,Yes,No,DSL,Yes,No,No,No,Yes,No,Month-to-month,Yes,Bank transfer (automatic),56.75,3390.39,No
9180-LKOD,Female,0,Yes,No,9,Yes,No,Fiber optic,Yes,Yes,Yes,Yes,No,No,Month-to-month,Yes,Mailed check,89.99,805.89,No
9181-UWRG,Male,0,No,No,54,Yes,Yes,No,No internet service,No internet service,No internet service,No internet service,No internet service,No internet service,Two year,Yes,Bank transfer (automatic),26.72,1458.35,No
9182-TNLD,Female,0,Yes,Yes,8,Yes,No,No,No internet service,No internet service,No internet service,No internet service,No internet service,No internet service,One year,Yes,Credit card (automatic),20.03,162.97,No
9183-EDHZ,Female,0,Yes,No,5,Yes,Yes,DSL,Yes,Yes,Yes,No,Yes,No,Month-to-month,Yes,Credit card (automatic),74.7,365.37,No
9184-DJEY,Female,1,Yes,No,9,Yes,Yes,No,No internet service,No internet service,No internet service,No internet service,No internet service,No internet service,Month-to-month,Yes,Credit card (automatic),26.92,239.41,Yes
9185-JDNL,Male,1,No,Yes,54,Yes,Yes,No,No internet service,No internet service,No internet service,No internet service,No internet service,No internet service,Two year,No,Electronic check,27.11,1453.82,No
9186-FGMJ,Male,0,Yes,No,33,Yes,Yes,No,No internet service,No internet service,No internet service,No internet service,No internet service,No internet service,Two year,Yes,Bank transfer (automatic),25.18,836.31,No
9187-YOZU,Male,0,No,Yes,44,Yes,No,No,No internet service,No internet service,No internet service,No internet service,No internet service,No internet service,Two year,Yes,Mailed check,21.85,967.33,No
9188-NITQ,Male,0,Yes,No,21,Yes,Yes,No,No internet service,No internet service,No internet service,No internet service,No internet service,No internet service,Month-to-month,No,Electronic check,27.26,556.53,Yes
9189-DGHP,Female,0,No,Yes,9,Yes,No,DSL,No,Yes,No,Yes,No,Yes,Month-to-month,Yes,Electronic check,62.74,576.78,No
9190-DLWA,Male,1,No,No,57,Yes,Yes,Fiber optic,No,No,Yes,No,Yes,Yes,Month-to-month,Yes,Mailed check,97.54,5432.18,No
9191-HCWJ,Male,0,Yes,Yes,60,Yes,No,No,No internet service,No internet service,No internet service,No internet service,No internet service,No internet service,Month-to-month,Yes,Mailed check,22.39,1360.84,No
9192-CVFU,Male,0,Yes,No,61,Yes,No,Fiber optic,No,No,Yes,No,No,No,Month-to-month,No,Bank transfer (automatic),78.13,4659.91,Yes
9193-IVSX,Male,0,Yes,No,5,Yes,No,Fiber optic,Yes,No,No,Yes,No,Yes,Month-to-month,Yes,Mailed check,94.13,463.29,Yes
9194-ZFVC,Female,0,Yes,No,67,Yes,Yes,Fiber optic,Yes,No,No,Yes,No,Yes,Month-to-month,No,Credit card (automatic),94.69,6534.26,No
9195-APBS,Female,1,No,No,40,Yes,No,DSL,Yes,No,Yes,No,No,Yes,Month-to-month,Yes,Electronic check,59.45,2371.07,Yes
9196-DSBV,Male,0,No,Yes,15,Yes,No,No,No internet service,No internet service,No internet service,No internet service,No internet service,No internet service,Month-to-month,No,Credit card (automatic),20.75,313.88,Yes
9197-VMIX,Female,0,Yes,No,15,Yes,No,Fiber optic,Yes,Yes,Yes,No,Yes,No,Two year,No,Bank transfer (automatic),98.13,1488.58,No
9198-EPNX,Female,0,No,Yes,37,Yes,Yes,Fiber optic,No,No,Yes,No,Yes,Yes,One year,No,Mailed check,93.74,3365.31,Yes
9199-VTFU,Male,0,Yes,No,44,Yes,No,DSL,No,No,No,Yes,Yes,Yes,Month-to-month,No,Bank transfer (automatic),66.32,3002.12,Yes
9200-FJJT,Male,0,Yes,Yes,4,Yes,Yes,No,No internet service,No internet service,No internet service,No internet service,No internet service,No internet service,Month-to-month,No,Mailed check,25.92,101.24,No
9201-RNTD,Male,1,Yes,No,36,No,No phone service,DSL,Yes,No,Yes,Yes,No,Yes,Month-to-month,Yes,Electronic check,78.18,2856.66,Yes
9202-IQSX,Male,0,Yes,No,18,No,No phone service,No,No internet service,No internet service,No internet service,No internet service,No internet service,No internet service,Two year,Yes,Credit card (automatic),21.48,390.81,No
9203-XMQU,Male,1,No,No,67,No,No phone service,DSL,Yes,Yes,No,Yes,No,No,Month-to-month,No,Mailed check,64.29,4260.92,No
9204-DEYY,Male,0,Yes,No,45,Yes,Yes,No,No internet service,No internet service,No internet service,No internet service,No internet service,No internet service,Month-to-month,Yes,Credit card (automatic),29.09,1347.91,No
9205-INLR,Female,0,No,Yes,27,Yes,No,Fiber optic,No,No,Yes,No,No,No,Month-to-month,Yes,Bank transfer (automatic),74.08,1960.46,Yes
9206-HJJT,Male,1,Yes,No,31,Yes,No,No,No internet service,No internet service,No internet service,No internet service,No internet service,No internet service,Two year,Yes,Bank transfer (automatic),18.29,572.94,No
9207-TORL,Female,0,No,Yes,61,Yes,Yes,Fiber optic,No,Yes,No,No,Yes,Yes,Month-to-month,No,Electronic check,96.46,5718.62,Yes
9208-YCJV,Male,0,Yes,Yes,50,Yes,Yes,DSL,Yes,No,No,Yes,No,Yes,Month-to-month,No,Credit card (automatic),67.33,3344.72,Yes
9209-SBXQ,Male,1,Yes,No,28,Yes,Yes,DSL,No,Yes,Yes,No,Yes,No,One year,No,Mailed check,70.44,2008.72,No
9210-XYIN,Female,0,Yes,No,61,No,No phone service,Fiber optic,Yes,Yes,Yes,No,No,Yes,Two year,Yes,Credit card (automatic),95.11,5922.03,No
9211-PDEE,Female,1,Yes,No,45,Yes,Yes,Fiber optic,No,Yes,Yes,No,No,No,One year,No,Mailed check,90.21,4151.03,No
9212-MONG,Female,0,Yes,No,5,Yes,No,Fiber optic,Yes,Yes,Yes,No,Yes,Yes,Month-to-month,Yes,Bank transfer (automatic),99.6,491.61,Yes
9213-TFPZ,Male,1,Yes,Yes,46,Yes,Yes,DSL,No,No,No,No,Yes,Yes,One year,No,Electronic check,69.29,3112.96,Yes
9214-YOXU,Male,0,No,Yes,68,Yes,Yes,No,No internet service,No internet service,No internet service,No internet service,No internet service,No internet service,Month-to-month,Yes,Bank transfer (automatic),26.26,1736.26,No
9215-TOOQ,Male,0,Yes,No,63,Yes,No,Fiber optic,Yes,No,Yes,Yes,No,Yes,Month-to-month,No,Credit card (automatic),96.23,5998.64,Yes
9216-EBPX,Male,1,No,Yes,4,Yes,Yes,Fiber optic,No,Yes,Yes,Yes,No,No,Month-to-month,No,Electronic check,100.44,396.87,Yes
9217-IZMW,Female,0,No,No,64,Yes,Yes,Fiber optic,No,No,No,No,Yes,Yes,Month-to-month,Yes,Electronic check,91.09,5742.50,No
9218-IMGK,Male,0,No,No,71,Yes,No,Fiber optic,Yes,Yes,Yes,Yes,Yes,Yes,Month-to-month,Yes,Bank transfer (automatic),109.22,7525.79,Yes
9219-VHSL,Male,0,No,Yes,12,Yes,Yes,Fiber optic,Yes,Yes,No,No,No,No,Month-to-month,Yes,Mailed check,96.31,1157.53,Yes
9220-AIQR,Female,0,Yes,No,46,Yes,Yes,DSL,Yes,No,No,Yes,No,Yes,One year,Yes,Electronic check,75.08,3360.17,No
9221-OZSE,Male,1,No,No,55,Yes,Yes,No,No internet service,No internet service,No internet service,No internet service,No internet service,No internet service,Month-to-month,No,Credit card (automatic),27.48,1502.78,No
9222-TMCU,Male,0,No,No,4,Yes,Yes,Fiber optic,No,No,Yes,Yes,No,Yes,Month-to-month,No,Electronic check,96.35,375.36,No
9223-DNNO,Male,0,No,No,60,Yes,Yes,Fiber optic,Yes,Yes,Yes,No,No,No,Month-to-month,No,Credit card (automatic),98.58,5757.45,No
9224-FXQT,Male,0,Yes,No,29,Yes,No,Fiber optic,Yes,Yes,Yes,Yes,Yes,No,One year,No,Electronic check,104.52,3110.35,No
9225-BBNB,Female,1,No,No,22,Yes,No,Fiber optic,Yes,No,No,Yes,No,No,One year,Yes,Bank transfer (automatic),82.54,1839.05,Yes
9226-REQL,Female,1,Yes,No,19,Yes,Yes,Fiber optic,No,No,No,Yes,No,Yes,One year,Yes,Mailed check,89.48,1710.62,No
9227-VHOF,Female,1,No,No,37,Yes,No,Fiber optic,No,No,Yes,Yes,No,Yes,Month-to-month,Yes,Bank transfer (automatic),87.33,3232.89,Yes
9228-JVEN,Male,0,Yes,No,58,Yes,No,No,No internet service,No internet service,No internet service,No internet service,No internet service,No internet service,One year,No,Bank transfer (automatic),19.86,1186.08,No
9229-JZOU,Female,0,Yes,No,60,Yes,Yes,DSL,Yes,Yes,Yes,Yes,Yes,No,Month-to-month,No,Electronic check,86.45,5318.58,Yes
9230-SZSK,Female,0,No,No,17,Yes,Yes,No,No internet service,No internet service,No internet service,No internet service,No internet service,No internet service,Month-to-month,No,Mailed check,25.52,431.75,Yes
9231-ZBDU,Male,0,No,No,60,Yes,Yes,No,No internet service,No internet service,No internet service,No internet service,No internet service,No internet service,Month-to-month,Yes,Bank transfer (automatic),24.34,1435.17,No
9232-YLKF,Female,0,Yes,Yes,60,Yes,No,No,No internet service,No internet service,No internet service,No internet service,No internet service,No internet service,One year,No,Electronic check,21.63,1315.80,Yes
9233-NMKX,Male,0,No,No,5,Yes,No,DSL,No,No,Yes,Yes,Yes,No,One year,Yes,Mailed check,64.89,331.49,No
9234-UIOP,Female,0,No,No,23,Yes,No,Fiber optic,No,Yes,Yes,Yes,No,No,Two year,Yes,Electronic check,87.62,1970.63,No
9235-WJRX,Female,0,No,No,2,Yes,Yes,No,No internet service,No internet service,No internet service,No internet service,No internet service,No internet service,Two year,No,Mailed check,26.88,52.23,No
9236-ISSM,Male,0,No,No,72,Yes,No,Fiber optic,No,No,No,No,No,Yes,Month-to-month,No,Electronic check,78.76,5531.70,Yes
9237-LQMA,Male,0,Yes,No,35,Yes,No,DSL,No,Yes,No,No,Yes,No,Month-to-month,No,Bank transfer (automatic),57.25,2019.43,No
9238-SELS,Male,0,Yes,No,20,Yes,No,No,No internet service,No internet service,No internet service,No internet service,No internet service,No internet service,Month-to-month,Yes,Credit card (automatic),21.76,435.32,No
9239-SAGG,Female,1,No,No,65,Yes,No,No,No internet service,No internet service,No internet service,No internet service,No internet service,No internet service,Two year,Yes,Electronic check,21.39,1428.72,No
9240-EFVS,Male,0,Yes,No,50,Yes,Yes,Fiber optic,Yes,Yes,Yes,Yes,Yes,Yes,One year,No,Mailed check,115.82,5942.33,No
9241-PBJQ,Female,1,No,No,68,Yes,Yes,Fiber optic,Yes,No,Yes,Yes,Yes,No,Month-to-month,No,Mailed check,97.91,6622.49,Yes
9242-NOCJ,Male,0,No,No,58,Yes,Yes,Fiber optic,Yes,Yes,Yes,No,No,No,One year,No,Electronic check,96.9,5475.80,No
9243-CGMC,Male,0,No,No,69,Yes,Yes,Fiber optic,No,No,Yes,No,No,No,Month-to-month,Yes,Bank transfer (automatic),82.98,5664.43,Yes
9244-GUDR,Female,0,Yes,No,16,Yes,No,Fiber optic,Yes,Yes,Yes,No,No,No,One year,Yes,Electronic check,88.92,1443.64,Yes
9245-OMWC,Female,0,No,No,15,Yes,No,No,No internet service,No internet service,No internet service,No internet service,No internet service,No internet service,Two year,Yes,Bank transfer (automatic),21.12,311.84,No
9246-CKOB,Female,0,No,Yes,6,Yes,No,DSL,Yes,No,No,No,No,No,One year,No,Credit card (automatic),54.0,314.71,No
9247-ONLA,Male,0,Yes,Yes,25,Yes,Yes,DSL,Yes,No,No,Yes,No,No,Two year,No,Bank transfer (automatic),63.01,1546.67,No
9248-XQGO,Male,0,Yes,No,40,Yes,No,No,No internet service,No internet service,No internet service,No internet service,No internet service,No internet service,Month-to-month,Yes,Mailed check,22.16,897.70,No
9249-BUVT,Male,1,Yes,No,41,Yes,No,DSL,No,Yes,Yes,Yes,Yes,Yes,Two year,No,Mailed check,78.76,3265.84,No
9250-OXLY,Female,0,Yes,No,49,Yes,No,DSL,Yes,No,Yes,No,No,No,Month-to-month,No,Credit card (automatic),54.58,2668.27,No
9251-JYAT,Female,0,No,Yes,53,Yes,No,No,No internet service,No internet service,No internet service,No internet service,No internet service,No internet service,One year,No,Bank transfer (automatic),18.25,963.36,No
9252-ZMYT,Male,0,No,Yes,59,Yes,Yes,No,No internet service,No internet service,No internet service,No internet service,No internet service,No internet service,Month-to-month,No,Mailed check,26.29,1531.60,No
9253-WEWI,Female,0,Yes,No,38,No,No phone service,No,No internet service,No internet service,No internet service,No internet service,No internet service,No internet service,One year,Yes,Mailed check,22.47,847.88,No
9254-ANZK,Male,0,No,No,20,Yes,No,DSL,Yes,No,Yes,No,No,No,Month-to-month,Yes,Bank transfer (automatic),54.28,1077.06,No
9255-OBDL,Female,0,Yes,No,32,Yes,Yes,Fiber optic,Yes,No,Yes,Yes,Yes,No,One year,Yes,Electronic check,102.96,3225.12,No
9256-MKIO,Female,0,Yes,No,63,No,No phone service,DSL,Yes,No,Yes,Yes,Yes,Yes,Month-to-month,Yes,Bank transfer (automatic),73.6,4602.56,No
9257-IGHZ,Female,0,Yes,No,59,Yes,No,DSL,No,No,No,Yes,No,No,One year,No,Mailed check,54.49,3178.38,No
9258-CHGB,Male,1,No,No,66,Yes,Yes,DSL,No,Yes,Yes,Yes,Yes,Yes,Month-to-month,Yes,Electronic check,83.54,5567.84,Yes
9259-CPDA,Female,1,No,Yes,39,Yes,No,Fiber optic,Yes,No,No,Yes,Yes,No,Month-to-month,Yes,Credit card (automatic),88.95,3414.72,Yes
9260-IUDU,Male,0,No,No,57,Yes,Yes,Fiber optic,No,Yes,Yes,No,No,No,One year,No,Bank transfer (automatic),90.12,5136.21,Yes
9261-YGOJ,Female,1,No,No,30,No,No phone service,DSL,Yes,No,No,No,No,No,Month-to-month,No,Bank transfer (automatic),50.87,1551.81,No
9262-TNAM,Male,0,Yes,No,1,No,No phone service,No,No internet service,No internet service,No internet service,No internet service,No internet service,No internet service,Month-to-month,Yes,Bank transfer (automatic),22.44,21.87,Yes
9263-XMOJ,Female,0,No,No,54,Yes,No,No,No internet service,No internet service,No internet service,No internet service,No internet service,No internet service,Month-to-month,Yes,Credit card (automatic),18.25,970.78,No
9264-TDFD,Male,1,Yes,No,7,No,No phone service,DSL,Yes,Yes,No,No,Yes,No,Month-to-month,Yes,Mailed check,61.56,437.03,Yes
9265-OLTQ,Male,0,Yes,Yes,46,Yes,Yes,No,No internet service,No internet service,No internet service,No internet service,No internet service,No internet service,Month-to-month,Yes,Bank transfer (automatic),31.44,1458.24,No
9266-LPKE,Female,0,No,Yes,72,Yes,No,Fiber optic,Yes,Yes,Yes,No,Yes,Yes,Month-to-month,Yes,Mailed check,98.5,6885.51,Yes
9267-KYAC,Female,0,Yes,No,2,Yes,Yes,Fiber optic,Yes,Yes,No,No,Yes,Yes,Two year,Yes,Credit card (automatic),104.81,207.99,No
9268-CSVQ,Male,0,Yes,No,53,Yes,Yes,Fiber optic,No,Yes,Yes,No,Yes,No,Month-to-month,No,Credit card (automatic),99.32,5254.76,No
9269-BXSZ,Female,0,Yes,No,63,Yes,Yes,Fiber optic,No,No,Yes,No,Yes,Yes,One year,No,Credit card (automatic),94.23,5898.87,No
9270-OALK,Male,0,Yes,Yes,46,Yes,No,DSL,No,No,Yes,Yes,No,No,Month-to-month,No,Bank transfer (automatic),61.62,2853.42,No
9271-YBPU,Male,0,No,No,50,No,No phone service,Fiber optic,Yes,No,Yes,No,No,No,Month-to-month,Yes,Mailed check,85.7,4248.20,No
9272-ANVL,Male,0,Yes,Yes,65,Yes,No,DSL,Yes,Yes,No,Yes,No,No,One year,Yes,Credit card (automatic),60.68,3849.97,No
9273-UHUO,Male,0,No,No,56,Yes,Yes,DSL,Yes,Yes,Yes,No,Yes,No,Two year,Yes,Bank transfer (automatic),82.07,4469.03,No
9274-IAIP,Male,0,No,Yes,3,Yes,No,Fiber optic,No,Yes,No,Yes,Yes,No,Month-to-month,No,Bank transfer (automatic),87.02,264.80,Yes
9275-MCQT,Male,1,No,No,56,Yes,No,DSL,Yes,No,No,Yes,No,Yes,Month-to-month,No,Bank transfer (automatic),68.17,3705.00,No
9276-EYXC,Male,0,Yes,No,55,Yes,No,Fiber optic,No,No,No,Yes,No,No,One year,No,Mailed check,75.06,4204.81,No
9277-HELM,Male,0,No,Yes,17,Yes,Yes,Fiber optic,Yes,No,Yes,No,No,No,One year,Yes,Bank transfer (automatic),89.41,1500.44,No
9278-QFVE,Male,0,Yes,No,48,Yes,No,DSL,No,No,Yes,Yes,Yes,Yes,One year,Yes,Credit card (automatic),72.95,3577.14,No
9279-RBPM,Female,0,Yes,No,61,Yes,Yes,No,No internet service,No internet service,No internet service,No internet service,No internet service,No internet service,Two year,Yes,Bank transfer (automatic),25.5,1542.87,No
9280-PALY,Female,0,No,Yes,62,Yes,Yes,Fiber optic,Yes,Yes,No,Yes,No,Yes,Month-to-month,No,Bank transfer (automatic),100.22,6214.31,No
9281-SNZG,Male,0,Yes,Yes,63,Yes,No,Fiber optic,Yes,No,No,No,Yes,No,One year,No,Bank transfer (automatic),83.86,5192.75,No
9282-KNMJ,Male,0,No,No,57,Yes,No,DSL,No,No,Yes,No,No,Yes,Two year,Yes,Bank transfer (automatic),55.02,3158.91,No
9283-TATA,Female,0,Yes,No,9,Yes,No,DSL,Yes,Yes,Yes,Yes,Yes,Yes,Month-to-month,No,Bank transfer (automatic),90.84,831.84,Yes
9284-XGAJ,Female,0,No,No,35,Yes,No,No,No internet service,No internet service,No internet service,No internet service,No internet service,No internet service,Two year,Yes,Credit card (automatic),22.68,784.68,No
9285-MYAS,Female,0,No,No,17,Yes,Yes,No,No internet service,No internet service,No internet service,No internet service,No internet service,No internet service,One year,Yes,Bank transfer (automatic),26.64,464.82,No
9286-OFCW,Female,0,No,No,6,Yes,No,Fiber optic,Yes,Yes,Yes,No,Yes,Yes,Month-to-month,Yes,Electronic check,100.51,587.53,Yes
9287-FZLP,Female,0,Yes,No,19,Yes,Yes,DSL,No,Yes,No,No,No,No,Month-to-month,No,Electronic check,57.91,1077.36,Yes
9288-KEPJ,Female,0,Yes,No,66,No,No phone service,Fiber optic,No,Yes,Yes,Yes,No,No,Two year,No,Electronic check,86.78,5688.37,No
9289-TOXO,Male,0,No,No,44,Yes,Yes,DSL,Yes,Yes,No,No,No,No,Month-to-month,Yes,Bank transfer (automatic),64.48,2806.75,No
9290-ZNPS,Male,0,No,Yes,55,Yes,Yes,No,No internet service,No internet service,No internet service,No internet service,No internet service,No internet service,Month-to-month,No,Electronic check,28.18,1574.37,No
9291-ZDCK,Male,0,Yes,Yes,37,Yes,No,DSL,No,No,Yes,No,Yes,No,Two year,Yes,Credit card (automatic),62.69,2267.85,No
9292-NVGE,Male,0,Yes,No,26,Yes,No,DSL,No,Yes,No,No,No,No,Month-to-month,No,Electronic check,54.17,1413.48,Yes
9293-VYIJ,Female,0,No,No,35,Yes,No,DSL,No,Yes,Yes,Yes,Yes,No,Month-to-month,Yes,Credit card (automatic),65.59,2260.31,No
9294-FLBQ,Female,0,No,No,71,Yes,No,DSL,Yes,No,Yes,No,No,Yes,Month-to-month,Yes,Credit card (automatic),70.49,5004.97,No
9295-MWYD,Female,0,No,Yes,21,Yes,No,No,No internet service,No internet service,No internet service,No internet service,No internet service,No internet service,Two year,No,Credit card (automatic),22.02,458.59,No
9296-VJWZ,Male,0,No,No,23,Yes,Yes,Fiber optic,Yes,No,No,Yes,No,Yes,Month-to-month,Yes,Electronic check,95.88,2209.04,Yes
9297-MJRH,Male,0,Yes,No,61,Yes,No,DSL,Yes,Yes,No,Yes,No,Yes,Two year,No,Mailed check,64.84,3874.58,No
9298-WTWI,Male,0,Yes,No,27,Yes,No,DSL,No,Yes,No,Yes,Yes,No,Two year,No,Credit card (automatic),63.93,1740.94,No
9299-CZFR,Female,1,No,Yes,66,Yes,Yes,DSL,Yes,Yes,No,No,Yes,No,Month-to-month,No,Credit card (automatic),71.57,4798.32,No
9300-WEYP,Male,0,No,No,71,Yes,No,Fiber optic,No,Yes,Yes,Yes,Yes,No,One year,Yes,Mailed check,91.36,6421.40,No
9301-XUBH,Male,0,Yes,No,5,Yes,Yes,Fiber optic,No,No,Yes,No,Yes,Yes,Month-to-month,No,Electronic check,97.75,496.12,Yes
9302-QOQY,Female,0,No,Yes,49,Yes,No,DSL,Yes,Yes,Yes,No,No,No,One year,Yes,Mailed check,63.26,3058.46,No
9303-SLHF,Female,0,Yes,No,7,Yes,Yes,Fiber optic,No,No,No,No,Yes,Yes,Month-to-month,Yes,Mailed check,92.35,655.78,Yes
9304-WWIL,Female,0,Yes,Yes,64,No,No phone service,Fiber optic,No,No,No,No,Yes,No,Month-to-month,Yes,Credit card (automatic),77.05,4963.07,No
9305-GHUB,Male,0,No,No,9,Yes,Yes,No,No internet service,No internet service,No internet service,No internet service,No internet service,No internet service,Month-to-month,No,Credit card (automatic),26.91,242.01,Yes
9306-QCKH,Male,0,Yes,Yes,64,Yes,No,Fiber optic,No,No,No,No,Yes,Yes,Month-to-month,Yes,Mailed check,81.55,5125.71,No
9307-PFSC,Male,0,Yes,No,56,Yes,No,DSL,Yes,Yes,No,No,Yes,Yes,Month-to-month,Yes,Credit card (automatic),68.68,3806.72,Yes
9308-EXFI,Male,0,No,Yes,39,Yes,No,DSL,No,Yes,Yes,Yes,Yes,No,One year,No,Bank transfer (automatic),72.22,2740.33,No
9309-XCHX,Female,0,Yes,No,15,Yes,Yes,No,No internet service,No internet service,No internet service,No internet service,No internet service,No internet service,Month-to-month,No,Mailed check,30.01,452.54,No
9310-ZPNX,Male,0,Yes,Yes,20,No,No phone service,DSL,Yes,No,No,Yes,Yes,Yes,Month-to-month,Yes,Electronic check,72.95,1442.99,No
9311-QIZP,Male,0,No,No,32,Yes,No,Fiber optic,No,No,Yes,Yes,No,No,One year,Yes,Mailed check,85.04,2668.86,No
9312-UBZN,Female,0,Yes,Yes,62,Yes,Yes,Fiber optic,No,Yes,No,Yes,No,Yes,One year,No,Mailed check,96.32,5840.70,No
9313-QEKE,Male,0,No,No,65,Yes,No,Fiber optic,No,Yes,No,No,Yes,No,Two year,No,Electronic check,82.85,5493.86,No
9314-MDQD,Male,1,Yes,No,37,Yes,Yes,Fiber optic,Yes,No,Yes,No,No,Yes,Month-to-month,No,Credit card (automatic),96.14,3647.91,Yes
9315-XCGF,Male,0,Yes,No,17,Yes,No,Fiber optic,Yes,Yes,No,Yes,Yes,No,One year,Yes,Electronic check,98.66,1683.25,No
9316-KBRK,Male,0,No,Yes,41,Yes,No,DSL,Yes,Yes,Yes,No,No,No,Month-to-month,Yes,Credit card (automatic),64.87,2651.71,Yes
9317-CGOK,Male,0,Yes,No,60,Yes,No,Fiber optic,Yes,No,No,No,No,Yes,One year,No,Electronic check,83.42,5149.65,No
9318-KGAA,Female,0,No,No,39,Yes,No,No,No internet service,No internet service,No internet service,No internet service,No internet service,No internet service,Two year,No,Electronic check,22.79,880.25,No
9319-SPMP,Female,0,No,No,65,Yes,Yes,DSL,No,Yes,Yes,Yes,No,No,Month-to-month,No,Bank transfer (automatic),70.65,4720.52,No
9320-ZKGY,Male,0,No,No,1,Yes,No,DSL,No,No,Yes,Yes,Yes,Yes,Month-to-month,Yes,Credit card (automatic),73.16,74.48,No
9321-JPRT,Male,0,Yes,No,37,Yes,No,No,No internet service,No internet service,No internet service,No internet service,No internet service,No internet service,Month-to-month,Yes,Electronic check,20.82,753.23,No
9322-KWRW,Male,0,Yes,No,4,Yes,Yes,DSL,No,No,Yes,No,No,No,Month-to-month,Yes,Electronic check,55.38,223.57,Yes
9323-KKRI,Female,1,No,No,45,Yes,Yes,Fiber optic,Yes,Yes,No,No,No,No,Month-to-month,Yes,Bank transfer (automatic),88.09,4071.18,Yes
9324-FINX,Female,1,Yes,Yes,45,Yes,Yes,DSL,Yes,No,Yes,Yes,Yes,Yes,Two year,No,Credit card (automatic),87.69,3889.20,No
9325-EBAS,Female,0,No,Yes,23,Yes,Yes,Fiber optic,No,Yes,No,Yes,No,No,Two year,No,Mailed check,90.05,2054.26,Yes
9326-MSWD,Male,0,No,No,58,Yes,No,Fiber optic,No,Yes,Yes,No,Yes,No,Month-to-month,Yes,Bank transfer (automatic),87.03,5013.15,Yes
9327-OHSK,Male,0,Yes,No,69,Yes,Yes,Fiber optic,No,Yes,No,No,Yes,No,Month-to-month,No,Mailed check,88.11,5955.53,No
9328-QQAU,Male,1,Yes,No,33,Yes,Yes,Fiber optic,Yes,Yes,No,No,Yes,No,Month-to-month,Yes,Electronic check,96.77,3256.00,Yes
9329-OHCB,Male,1,No,Yes,32,Yes,Yes,DSL,Yes,Yes,Yes,No,Yes,Yes,Month-to-month,Yes,Electronic check,74.56,2417.94,Yes
9330-AVEL,Male,0,No,No,14,Yes,Yes,Fiber optic,Yes,No,No,No,No,Yes,Two year,Yes,Bank transfer (automatic),91.3,1267.36,No
9331-TCWH,Female,0,Yes,No,3,Yes,Yes,Fiber optic,Yes,No,No,No,Yes,Yes,One year,No,Credit card (automatic),93.27,281.21,Yes
9332-QJNC,Male,0,No,No,30,Yes,No,Fiber optic,No,No,Yes,No,Yes,Yes,Month-to-month,No,Electronic check,90.44,2758.30,Yes
9333-INMX,Female,0,No,No,32,Yes,Yes,Fiber optic,Yes,No,Yes,Yes,No,Yes,Two year,Yes,Bank transfer (automatic),102.72,3240.56,No
9334-ZCTO,Female,0,Yes,Yes,56,Yes,No,No,No internet service,No internet service,No internet service,No internet service,No internet service,No internet service,Two year,Yes,Bank transfer (automatic),22.63,1275.30,No
9335-ZDEH,Female,0,Yes,No,63,Yes,Yes,DSL,Yes,No,Yes,Yes,No,Yes,Month-to-month,Yes,Electronic check,84.92,5444.08,No
9336-NUGG,Male,0,No,Yes,8,Yes,Yes,DSL,Yes,No,Yes,Yes,No,No,One year,Yes,Mailed check,70.87,583.73,No
9337-AVRL,Female,0,No,No,11,Yes,No,No,No internet service,No internet service,No internet service,No internet service,No internet service,No internet service,Month-to-month,Yes,Credit card (automatic),19.62,221.03,Yes
9338-KCQZ,Male,0,No,No,41,Yes,Yes,Fiber optic,No,Yes,No,No,Yes,No,Two year,No,Electronic check,82.89,3408.35,No
9339-BAFT,Male,0,Yes,Yes,28,Yes,No,DSL,No,No,Yes,Yes,No,No,Month-to-month,No,Electronic check,53.65,1461.22,No
9340-WNEM,Male,0,No,No,51,No,No phone service,No,No internet service,No internet service,No internet service,No internet service,No internet service,No internet service,Two year,Yes,Electronic check,18.66,970.78,No
9341-IECX,Male,0,No,No,24,Yes,No,Fiber optic,No,No,Yes,Yes,Yes,No,Month-to-month,No,Bank transfer (automatic),86.47,2133.11,Yes
9342-GHVD,Female,0,No,No,30,Yes,Yes,Fiber optic,Yes,No,Yes,Yes,Yes,No,One year,Yes,Mailed check,100.24,2920.32,No
9343-WTJV,Female,0,Yes,No,32,Yes,Yes,Fiber optic,No,Yes,Yes,Yes,Yes,No,Month-to-month,Yes,Credit card (automatic),98.34,3133.26,Yes
9344-JPTT,Female,0,Yes,No,44,Yes,Yes,Fiber optic,No,Yes,Yes,No,No,Yes,Month-to-month,No,Bank transfer (automatic),100.31,4329.01,No
9345-TYEQ,Male,0,No,No,6,Yes,No,Fiber optic,No,No,No,No,Yes,Yes,One year,Yes,Electronic check,83.47,509.38,Yes
9346-IEWT,Male,0,Yes,No,64,Yes,Yes,DSL,Yes,Yes,No,Yes,Yes,No,Month-to-month,Yes,Electronic check,75.53,4751.93,No
9347-CWLH,Female,0,Yes,No,25,No,No phone service,Fiber optic,No,Yes,Yes,Yes,Yes,No,Month-to-month,Yes,Credit card (automatic),95.33,2378.51,Yes
9348-NIXD,Male,0,No,Yes,16,No,No phone service,Fiber optic,Yes,Yes,Yes,No,Yes,No,Two year,No,Bank transfer (automatic),95.38,1535.51,No
9349-HEML,Female,0,Yes,Yes,47,No,No phone service,Fiber optic,No,Yes,No,Yes,Yes,No,Month-to-month,Yes,Bank transfer (automatic),90.56,4379.36,Yes
9350-FSBW,Female,0,No,Yes,10,Yes,Yes,Fiber optic,Yes,Yes,Yes,No,No,No,Month-to-month,Yes,Mailed check,92.85,950.48,Yes
9351-THTA,Female,0,No,No,43,Yes,No,DSL,No,No,Yes,Yes,No,No,Month-to-month,No,Electronic check,56.96,2442.39,Yes
9352-TWMX,Female,0,No,No,5,Yes,No,Fiber optic,No,No,No,Yes,Yes,Yes,Two year,Yes,Bank transfer (automatic),87.1,437.68,No
9353-GAFW,Male,0,Yes,Yes,19,Yes,No,DSL,No,Yes,Yes,No,No,No,Month-to-month,No,Electronic check,55.08,1020.26,Yes
9354-WLFC,Male,0,No,No,53,Yes,Yes,No,No internet service,No internet service,No internet service,No internet service,No internet service,No internet service,Month-to-month,Yes,Bank transfer (automatic),31.55,1625.99,No
9355-KRBG,Male,0,No,No,27,Yes,No,Fiber optic,Yes,No,Yes,Yes,No,Yes,Month-to-month,Yes,Credit card (automatic),95.07,2506.77,No
9356-KDYR,Male,0,No,Yes,65,No,No phone service,Fiber optic,Yes,No,No,Yes,Yes,Yes,Month-to-month,No,Credit card (automatic),95.77,6318.08,No
9357-GDPO,Male,0,Yes,No,26,Yes,Yes,Fiber optic,No,No,No,No,Yes,Yes,Month-to-month,Yes,Electronic check,87.17,2318.70,Yes
9358-JHVN,Female,0,Yes,No,50,Yes,Yes,DSL,No,No,Yes,Yes,Yes,Yes,Month-to-month,Yes,Mailed check,82.72,4165.65,No
9359-HMEX,Male,0,No,Yes,3,Yes,No,Fiber optic,No,No,No,Yes,No,No,Month-to-month,Yes,Bank transfer (automatic),75.42,224.83,Yes
9360-RYEP,Female,0,Yes,No,71,Yes,Yes,DSL,No,No,Yes,Yes,No,Yes,Month-to-month,Yes,Mailed check,69.27,4902.38,Yes
9361-QDYF,Female,1,No,Yes,45,Yes,No,Fiber optic,Yes,No,No,No,No,No,Month-to-month,No,Bank transfer (automatic),75.05,3473.78,Yes
9362-POFS,Female,0,Yes,No,51,Yes,No,DSL,Yes,No,Yes,No,No,Yes,Month-to-month,Yes,Mailed check,67.08,3434.45,No
9363-OCHQ,Male,0,Yes,No,24,Yes,No,Fiber optic,No,No,No,No,Yes,Yes,One year,No,Electronic check,84.09,2039.37,No
9364-JEUZ,Female,0,No,No,21,Yes,Yes,DSL,No,Yes,No,No,No,Yes,One year,Yes,Electronic check,63.13,1311.76,No
9365-CBNL,Male,0,No,No,32,Yes,Yes,DSL,Yes,Yes,No,No,Yes,No,Two year,No,Bank transfer (automatic),67.96,2121.13,No
9366-MDGZ,Male,1,No,Yes,19,Yes,No,Fiber optic,No,Yes,No,Yes,No,No,Month-to-month,No,Credit card (automatic),83.71,1627.74,Yes
9367-DQDL,Male,0,Yes,No,2,Yes,No,Fiber optic,Yes,No,Yes,Yes,No,No,One year,Yes,Electronic check,90.09,179.52,Yes
9368-YFFD,Male,1,No,No,49,Yes,No,DSL,No,No,Yes,No,No,Yes,Month-to-month,No,Mailed check,60.24,2881.75,No
9369-XTED,Male,0,No,No,52,No,No phone service,Fiber optic,No,Yes,No,No,No,No,One year,No,Electronic check,72.05,3683.57,No
9370-AEAR,Male,0,Yes,No,49,Yes,Yes,No,No internet service,No internet service,No internet service,No internet service,No internet service,No internet service,Two year,No,Credit card (automatic),27.53,1310.32,No
9371-QWOH,Female,1,Yes,No,40,Yes,No,Fiber optic,Yes,Yes,No,Yes,No,Yes,Two year,Yes,Electronic check,96.37,3748.43,No
9372-WPJS,Male,0,Yes,Yes,38,Yes,No,Fiber optic,No,Yes,No,Yes,No,Yes,One year,No,Mailed check,90.11,3387.21,No
9373-CSEN,Male,0,No,No,71,Yes,No,DSL,No,No,No,No,Yes,No,Month-to-month,Yes,Bank transfer (automatic),53.32,3817.29,No
9374-MCFO,Female,0,Yes,No,38,Yes,Yes,DSL,Yes,No,Yes,No,Yes,No,Month-to-month,Yes,Electronic check,80.78,2977.57,No
9375-PFCC,Female,1,No,No,51,Yes,No,DSL,Yes,No,No,No,No,Yes,Month-to-month,Yes,Electronic check,63.37,3216.82,No
9376-QXMK,Female,0,Yes,No,30,Yes,Yes,No,No internet service,No internet service,No internet service,No internet service,No internet service,No internet service,Month-to-month,No,Credit card (automatic),31.34,939.98,No
9377-UDEY,Male,0,No,No,3,Yes,Yes,DSL,Yes,No,No,No,No,No,One year,Yes,Bank transfer (automatic),61.42,188.75,No
9378-MDKZ,Female,0,No,No,26,Yes,Yes,DSL,Yes,Yes,No,No,Yes,No,Month-to-month,Yes,Mailed check,75.98,1942.49,No
9379-UCKD,Female,0,No,No,52,Yes,Yes,DSL,No,No,Yes,Yes,Yes,No,Month-to-month,No,Bank transfer (automatic),70.72,3630.59,No
9380-PXLD,Male,0,Yes,No,46,Yes,No,No,No internet service,No internet service,No internet service,No internet service,No internet service,No internet service,One year,Yes,Bank transfer (automatic),20.9,973.06,No
9381-BVOG,Male,0,Yes,No,50,Yes,No,Fiber optic,No,Yes,No,Yes,No,No,One year,No,Electronic check,81.78,4140.82,No
9382-XYPC,Female,0,No,No,54,Yes,No,No,No internet service,No internet service,No internet service,No internet service,No internet service,No internet service,Month-to-month,No,Credit card (automatic),18.25,984.64,Yes
9383-VVBZ,Male,1,Yes,Yes,16,Yes,Yes,Fiber optic,Yes,No,Yes,Yes,Yes,Yes,One year,No,Mailed check,110.45,1721.36,No
9384-REOO,Male,0,No,No,59,No,No phone service,No,No internet service,No internet service,No internet service,No internet service,No internet service,No internet service,Month-to-month,Yes,Mailed check,19.76,1173.46,No
9385-CSEB,Female,0,Yes,Yes,52,Yes,Yes,No,No internet service,No internet service,No internet service,No internet service,No internet service,No internet service,Two year,Yes,Electronic check,24.23,1288.11,No
9386-SRKU,Female,0,Yes,No,23,Yes,No,Fiber optic,No,No,Yes,No,No,No,Two year,Yes,Mailed check,77.3,1725.10,Yes
9387-OHZF,Female,0,Yes,No,37,No,No phone service,No,No internet service,No internet service,No internet service,No internet service,No internet service,No internet service,One year,No,Bank transfer (automatic),20.94,795.83,No
9388-LYBS,Female,1,No,No,62,Yes,No,No,No internet service,No internet service,No internet service,No internet service,No internet service,No internet service,Two year,Yes,Mailed check,18.25,1122.84,No
9389-YNFT,Female,0,No,No,13,Yes,No,DSL,Yes,Yes,Yes,Yes,Yes,Yes,Month-to-month,Yes,Bank transfer (automatic),74.4,968.69,Yes
9390-YNEY,Male,0,Yes,No,22,Yes,Yes,Fiber optic,No,No,No,Yes,Yes,No,Month-to-month,Yes,Mailed check,85.25,1819.60,Yes
9391-IZKK,Male,0,Yes,Yes,14,Yes,Yes,Fiber optic,Yes,Yes,No,Yes,No,No,Two year,Yes,Bank transfer (automatic),98.17,1388.18,Yes
9392-RFYE,Female,0,Yes,No,22,Yes,No,No,No internet service,No internet service,No internet service,No internet service,No internet service,No internet service,One year,No,Electronic check,18.25,411.32,No
9393-RHPS,Male,0,No,No,15,Yes,Yes,Fiber optic,Yes,Yes,Yes,Yes,Yes,No,Month-to-month,Yes,Credit card (automatic),107.81,1585.45,No
9394-JAXF,Male,0,No,Yes,59,Yes,Yes,Fiber optic,Yes,Yes,Yes,Yes,No,No,Month-to-month,Yes,Bank transfer (automatic),104.05,6006.14,No
9395-ZSYY,Female,0,Yes,Yes,72,Yes,No,DSL,No,Yes,No,Yes,Yes,Yes,Month-to-month,Yes,Electronic check,70.31,5019.86,No
9396-BZJB,Female,1,No,No,70,Yes,No,No,No internet service,No internet service,No internet service,No internet service,No internet service,No internet service,Month-to-month,No,Electronic check,19.91,1432.79,Yes
9397-QQQY,Male,0,No,No,26,Yes,No,DSL,Yes,No,Yes,No,No,No,Month-to-month,No,Electronic check,64.55,1715.57,No
9398-QFFQ,Male,0,No,No,68,Yes,Yes,Fiber optic,No,No,Yes,Yes,No,Yes,Month-to-month,Yes,Electronic check,93.72,6265.79,Yes
9399-QWJE,Female,0,No,No,6,Yes,Yes,DSL,No,Yes,Yes,No,Yes,Yes,One year,No,Bank transfer (automatic),78.96,479.93,No
9400-SCRE,Male,0,No,No,8,Yes,Yes,Fiber optic,No,No,No,No,Yes,Yes,One year,Yes,Electronic check,92.71,723.28,No
9401-PEIW,Female,0,No,Yes,24,No,No phone service,No,No internet service,No internet service,No internet service,No internet service,No internet service,No internet service,One year,No,Electronic check,20.56,481.89,No
9402-LDLD,Female,0,Yes,No,21,Yes,Yes,DSL,Yes,No,Yes,No,Yes,No,Month-to-month,Yes,Mailed check,69.79,1454.57,Yes
9403-SJMJ,Female,0,Yes,No,67,Yes,Yes,No,No internet service,No internet service,No internet service,No internet service,No internet service,No internet service,Two year,Yes,Electronic check,28.12,1924.21,No
9404-LHOG,Male,0,Yes,No,55,Yes,Yes,No,No internet service,No internet service,No internet service,No internet service,No internet service,No internet service,Month-to-month,Yes,Electronic check,26.81,1441.95,No
9405-AQRM,Female,0,Yes,No,55,Yes,Yes,DSL,Yes,Yes,Yes,Yes,No,No,Month-to-month,Yes,Bank transfer (automatic),76.44,4117.43,Yes
9406-DKAX,Male,1,Yes,Yes,59,Yes,No,Fiber optic,No,Yes,No,No,No,No,One year,No,Credit card (automatic),74.29,4465.21,No
9407-YRSD,Female,0,No,Yes,53,No,No phone service,DSL,Yes,No,Yes,No,No,Yes,Month-to-month,No,Mailed check,67.17,3457.47,No
9408-OKDN,Male,1,No,No,37,Yes,Yes,DSL,No,Yes,No,Yes,Yes,Yes,One year,Yes,Bank transfer (automatic),71.28,2683.23,No
9409-TLDW,Male,0,Yes,No,5,Yes,Yes,No,No internet service,No internet service,No internet service,No internet service,No internet service,No internet service,Month-to-month,Yes,Credit card (automatic),23.38,118.20,Yes
9410-PCIE,Female,0,Yes,No,2,Yes,Yes,DSL,Yes,Yes,Yes,No,Yes,Yes,Two year,No,Electronic check,86.18,172.93,No
9411-TWTQ,Male,0,No,No,71,Yes,No,Fiber optic,No,Yes,Yes,No,No,Yes,Month-to-month,Yes,Credit card (automatic),85.14,6040.64,No
9412-OBDP,Female,0,No,No,37,Yes,No,DSL,No,Yes,No,No,Yes,Yes,Month-to-month,No,Credit card (automatic),66.38,2443.45,Yes
9413-NZUS,Female,0,Yes,No,69,Yes,No,DSL,No,Yes,No,Yes,Yes,No,One year,No,Bank transfer (automatic),59.13,4120.02,No
9414-XEZI,Male,0,No,Yes,3,Yes,No,Fiber optic,Yes,No,Yes,Yes,Yes,No,Two year,Yes,Mailed check,99.88,292.55,No
9415-GNZB,Male,0,Yes,Yes,46,Yes,No,Fiber optic,No,Yes,No,Yes,Yes,Yes,Month-to-month,No,Mailed check,94.11,4275.48,Yes
9416-CESJ,Female,0,Yes,No,21,No,No phone service,No,No internet service,No internet service,No internet service,No internet service,No internet service,No internet service,Month-to-month,No,Electronic check,20.98,438.55,No
9417-JSDE,Male,0,No,No,27,Yes,No,DSL,Yes,Yes,No,No,No,Yes,One year,No,Bank transfer (automatic),64.38,1763.44,No
9418-JLDN,Male,0,No,No,48,Yes,No,Fiber optic,No,No,No,No,Yes,No,One year,Yes,Bank transfer (automatic),79.8,3738.32,Yes
9419-LNTX,Male,0,Yes,Yes,36,Yes,Yes,Fiber optic,No,No,Yes,Yes,Yes,No,One year,Yes,Bank transfer (automatic),91.78,3394.65,No
9420-YSOW,Male,0,No,No,10,Yes,Yes,Fiber optic,Yes,Yes,No,No,Yes,Yes,Month-to-month,Yes,Credit card (automatic),98.31,1011.65,Yes
9421-AZKX,Female,0,No,Yes,72,No,No phone service,Fiber optic,Yes,No,No,Yes,Yes,Yes,Month-to-month,Yes,Electronic check,92.58,6633.91,No
9422-BWVO,Male,0,Yes,Yes,52,Yes,Yes,DSL,No,Yes,Yes,No,No,No,Two year,Yes,Mailed check,61.5,3219.05,No
9423-CEPE,Female,0,No,No,26,Yes,Yes,Fiber optic,No,No,No,Yes,Yes,Yes,Month-to-month,Yes,Electronic check,95.93,2497.18,Yes
9424-MONM,Male,0,Yes,No,45,Yes,Yes,Fiber optic,Yes,Yes,No,Yes,No,No,Month-to-month,Yes,Bank transfer (automatic),92.29,4148.68,No
9425-KMRC,Female,0,Yes,Yes,11,Yes,No,No,No internet service,No internet service,No internet service,No internet service,No internet service,No internet service,One year,No,Electronic check,18.25,196.93,No
9426-CRNU,Male,0,Yes,No,31,Yes,Yes,DSL,Yes,Yes,Yes,Yes,No,No,Month-to-month,No,Electronic check,79.44,2422.04,Yes
9427-YPJR,Male,0,Yes,No,31,Yes,No,DSL,No,No,No,Yes,Yes,Yes,Month-to-month,Yes,Electronic check,61.22,1891.34,Yes
9428-WMVP,Female,0,Yes,No,27,Yes,Yes,Fiber optic,Yes,Yes,No,No,Yes,No,Month-to-month,Yes,Mailed check,95.82,2588.04,Yes
9429-RDMC,Male,0,No,No,35,No,No phone service,Fiber optic,No,No,Yes,Yes,Yes,Yes,Month-to-month,Yes,Credit card (automatic),88.93,3158.49,Yes
9430-GIEM,Male,0,Yes,Yes,66,Yes,No,DSL,Yes,No,No,Yes,No,No,Two year,No,Electronic check,60.04,3890.81,No
9431-RGNT,Female,0,No,No,1,Yes,Yes,DSL,Yes,Yes,Yes,Yes,No,No,Two year,Yes,Credit card (automatic),74.04,75.75,No
9432-RRJL,Male,0,Yes,No,40,Yes,Yes,DSL,Yes,Yes,Yes,Yes,Yes,Yes,Two year,Yes,Bank transfer (automatic),85.38,3360.44,No
9433-XGUH,Male,0,No,Yes,68,No,No phone service,DSL,Yes,No,No,Yes,No,No,Month-to-month,Yes,Credit card (automatic),58.5,3874.66,No
9434-MDKB,Male,0,No,No,65,Yes,No,DSL,Yes,No,Yes,Yes,Yes,Yes,Two year,No,Credit card (automatic),75.83,4862.00,No
9435-OBYA,Female,0,Yes,Yes,65,No,No phone service,No,No internet service,No internet service,No internet service,No internet service,No internet service,No internet service,Two year,No,Mailed check,21.28,1418.30,No
9436-OTJC,Female,0,No,No,30,Yes,No,No,No internet service,No internet service,No internet service,No internet service,No internet service,No internet service,Month-to-month,Yes,Mailed check,18.25,545.32,No
9437-POHH,Female,0,No,No,41,Yes,Yes,Fiber optic,No,No,No,Yes,No,Yes,Month-to-month,Yes,Electronic check,88.09,3588.74,Yes
9438-JALW,Female,0,Yes,No,43,Yes,Yes,DSL,Yes,Yes,Yes,No,Yes,Yes,Two year,No,Mailed check,84.24,3528.34,No
9439-PYST,Male,0,Yes,Yes,61,Yes,Yes,DSL,No,Yes,No,Yes,No,No,Two year,No,Mailed check,65.89,3905.67,No
9440-MUJW,Male,0,No,Yes,69,Yes,No,No,No internet service,No internet service,No internet service,No internet service,No internet service,No internet service,Two year,Yes,Bank transfer (automatic),18.95,1283.88,No
9441-PCMN,Male,0,No,No,19,No,No phone service,No,No internet service,No internet service,No internet service,No internet service,No internet service,No internet service,Two year,Yes,Bank transfer (automatic),20.97,395.83,No
9442-TLPW,Male,0,Yes,Yes,9,Yes,Yes,DSL,No,Yes,Yes,No,No,No,Month-to-month,Yes,Electronic check,64.24,592.33,Yes
9443-OCCI,Male,0,No,No,20,Yes,Yes,DSL,Yes,No,No,No,Yes,Yes,One year,Yes,Electronic check,62.95,1253.01,No
9444-CWLZ,Female,0,Yes,No,19,Yes,No,DSL,Yes,Yes,No,No,No,Yes,Month-to-month,No,Bank transfer (automatic),67.14,1243.56,Yes
9445-KFZE,Female,0,Yes,Yes,22,Yes,No,Fiber optic,No,Yes,No,Yes,No,No,Month-to-month,Yes,Mailed check,85.8,1939.44,Yes
9446-FHES,Female,0,No,No,67,Yes,Yes,DSL,Yes,Yes,Yes,No,Yes,Yes,Month-to-month,Yes,Electronic check,84.31,5674.15,No
9447-UOVD,Female,0,No,Yes,16,Yes,Yes,Fiber optic,Yes,No,No,No,Yes,Yes,Month-to-month,Yes,Credit card (automatic),100.38,1630.28,No
9448-OHTG,Female,0,Yes,No,31,No,No phone service,DSL,No,No,No,Yes,Yes,Yes,Month-to-month,Yes,Mailed check,62.61,1921.52,No
9449-ENUE,Male,0,Yes,No,26,Yes,No,DSL,No,Yes,No,No,No,No,One year,Yes,Electronic check,50.5,1288.94,No
9450-NSGA,Female,0,Yes,No,20,Yes,No,Fiber optic,Yes,Yes,No,No,Yes,Yes,Month-to-month,Yes,Electronic check,95.58,1876.15,Yes
9451-ICCH,Female,1,No,No,15,Yes,Yes,Fiber optic,Yes,Yes,Yes,No,Yes,No,Two year,Yes,Electronic check,97.06,1420.23,No
9452-SJUG,Male,1,Yes,No,72,Yes,No,DSL,No,Yes,No,No,No,Yes,Month-to-month,Yes,Electronic check,58.76,4324.60,No
9453-BQOF,Male,0,Yes,Yes,46,Yes,Yes,Fiber optic,Yes,Yes,Yes,No,Yes,No,One year,No,Bank transfer (automatic),108.21,4915.54,No
9454-ABPE,Female,0,Yes,Yes,8,Yes,Yes,DSL,Yes,No,Yes,No,Yes,Yes,Two year,No,Bank transfer (automatic),72.3,568.16,No
9455-LJII,Male,0,No,Yes,48,Yes,No,DSL,No,Yes,No,Yes,No,Yes,Two year,No,Credit card (automatic),63.74,3125.49,No
9456-CFYH,Female,0,Yes,No,45,No,No phone service,DSL,Yes,No,Yes,No,No,Yes,Month-to-month,Yes,Electronic check,65.04,2902.42,No
9457-NBFI,Female,0,No,No,26,No,No phone service,DSL,Yes,Yes,Yes,Yes,Yes,No,Month-to-month,Yes,Electronic check,70.69,1814.62,Yes
9458-MXHR,Male,0,Yes,No,57,Yes,Yes,DSL,Yes,No,Yes,No,No,Yes,Month-to-month,No,Bank transfer (automatic),72.39,4153.94,No
9459-OEQR,Male,0,Yes,No,58,No,No phone service,Fiber optic,Yes,Yes,No,No,Yes,No,One year,No,Mailed check,94.83,5436.97,No
9460-TWEP,Male,0,Yes,No,57,Yes,No,No,No internet service,No internet service,No internet service,No internet service,No internet service,No internet service,Month-to-month,Yes,Mailed check,19.85,1140.06,No
9461-LKZA,Male,0,Yes,Yes,47,Yes,No,DSL,No,Yes,Yes,No,Yes,Yes,Month-to-month,No,Electronic check,73.54,3505.55,Yes
9462-ENQQ,Male,0,Yes,Yes,32,No,No phone service,DSL,Yes,No,Yes,No,No,Yes,Month-to-month,No,Electronic check,60.26,1958.71,Yes
9463-LSFJ,Female,0,Yes,No,15,No,No phone service,Fiber optic,No,Yes,Yes,No,Yes,Yes,Month-to-month,Yes,Bank transfer (automatic),98.09,1428.75,Yes
9464-VLVB,Male,0,Yes,No,4,Yes,No,Fiber optic,No,No,No,Yes,No,No,Two year,No,Bank transfer (automatic),76.17,300.29,No
9465-LQYV,Male,0,Yes,No,67,Yes,No,No,No internet service,No internet service,No internet service,No internet service,No internet service,No internet service,Month-to-month,No,Electronic check,19.11,1303.91,No
9466-PCKX,Male,1,Yes,Yes,61,Yes,Yes,DSL,Yes,Yes,Yes,No,Yes,No,Two year,No,Credit card (automatic),80.96,5028.09,No
9467-MEKM,Female,0,Yes,No,15,Yes,No,Fiber optic,No,Yes,Yes,No,No,Yes,Month-to-month,No,Bank transfer (automatic),89.73,1384.71,No
9468-CTSG,Male,0,Yes,Yes,58,Yes,No,Fiber optic,Yes,No,No,No,Yes,Yes,Two year,Yes,Electronic check,89.19,5122.42,No
9469-QZTZ,Male,0,Yes,No,4,Yes,No,No,No internet service,No internet service,No internet service,No internet service,No internet service,No internet service,Two year,Yes,Bank transfer (automatic),18.73,76.53,No
9470-AUAW,Female,1,No,Yes,18,Yes,No,DSL,Yes,No,Yes,Yes,Yes,No,One year,Yes,Electronic check,74.25,1299.32,No
9471-XGUZ,Male,1,No,Yes,11,Yes,Yes,DSL,Yes,No,Yes,No,Yes,No,Month-to-month,Yes,Credit card (automatic),74.21,827.53,Yes
9472-GFZK,Male,0,No,No,25,Yes,Yes,DSL,No,Yes,Yes,Yes,No,No,Month-to-month,Yes,Electronic check,70.99,1772.26,Yes
9473-NEMN,Male,0,Yes,No,24,Yes,Yes,Fiber optic,Yes,Yes,No,Yes,Yes,Yes,Two year,Yes,Credit card (automatic),108.16,2662.77,No
9474-WZBR,Male,0,No,No,37,Yes,Yes,Fiber optic,Yes,Yes,Yes,Yes,No,No,Month-to-month,No,Bank transfer (automatic),103.53,3857.88,No
9475-PSRO,Male,0,No,Yes,34,Yes,Yes,Fiber optic,Yes,No,Yes,No,No,No,Month-to-month,Yes,Electronic check,88.26,3065.06,Yes
9476-YGTA,Female,1,Yes,No,9,Yes,No,DSL,Yes,Yes,Yes,No,No,No,Month-to-month,Yes,Credit card (automatic),59.91,554.69,No
9477-RQMG,Male,0,Yes,No,11,Yes,Yes,DSL,Yes,Yes,Yes,No,Yes,No,Two year,No,Credit card (automatic),78.59,884.91,No
9478-KCDU,Male,0,No,No,60,Yes,Yes,Fiber optic,No,No,Yes,No,Yes,No,Two year,Yes,Bank transfer (automatic),89.59,5344.18,No
9479-BTQN,Male,0,No,Yes,40,No,No phone service,DSL,Yes,Yes,Yes,Yes,Yes,No,Month-to-month,Yes,Mailed check,83.58,3272.68,Yes
9480-MTVQ,Female,0,No,No,67,Yes,Yes,No,No internet service,No internet service,No internet service,No internet service,No internet service,No internet service,Month-to-month,Yes,Bank transfer (automatic),27.43,1794.88,No
9481-VRUJ,Female,0,No,No,10,Yes,Yes,No,No internet service,No internet service,No internet service,No internet service,No internet service,No internet service,Two year,Yes,Bank transfer (automatic),30.4,307.96,No
9482-UQLR,Male,0,No,No,23,Yes,No,DSL,Yes,Yes,Yes,Yes,Yes,Yes,One year,Yes,Electronic check,91.91,2091.54,No
9483-XDFX,Male,0,No,No,12,Yes,Yes,Fiber optic,Yes,No,No,Yes,Yes,No,One year,Yes,Mailed check,98.17,1165.30,No
9484-KQLJ,Male,0,Yes,No,67,Yes,No,DSL,No,Yes,Yes,Yes,No,No,Two year,Yes,Credit card (automatic),65.16,4334.36,No
9485-MKNI,Male,1,Yes,Yes,12,Yes,Yes,No,No internet service,No internet service,No internet service,No internet service,No internet service,No internet service,Two year,Yes,Bank transfer (automatic),29.41,356.38,No
9486-DUHI,Male,0,No,Yes,58,Yes,Yes,Fiber optic,Yes,Yes,Yes,Yes,Yes,Yes,One year,Yes,Electronic check,117.78,6935.52,No
9487-ARZB,Male,1,Yes,Yes,14,Yes,No,DSL,Yes,Yes,Yes,No,No,No,Month-to-month,No,Credit card (automatic),67.08,934.32,No
9488-LNVM,Female,0,Yes,No,53,Yes,No,Fiber optic,Yes,Yes,No,No,No,Yes,Two year,Yes,Electronic check,86.47,4501.93,No
9489-YEEO,Male,0,Yes,Yes,33,Yes,No,DSL,Yes,No,Yes,Yes,Yes,Yes,Two year,No,Bank transfer (automatic),75.45,2432.76,No
9490-GWVI,Male,0,Yes,Yes,70,Yes,Yes,DSL,Yes,No,Yes,No,Yes,No,Month-to-month,No,Mailed check,73.06,5125.46,No
9491-TFQR,Male,0,Yes,No,6,Yes,No,DSL,No,Yes,Yes,No,Yes,Yes,Month-to-month,Yes,Electronic check,73.54,448.48,Yes
9492-UZWZ,Female,0,No,Yes,24,Yes,Yes,Fiber optic,No,Yes,Yes,Yes,Yes,No,One year,No,Mailed check,96.79,2256.88,No
9493-ROKD,Female,0,Yes,No,53,Yes,Yes,DSL,No,No,No,No,No,No,Two year,Yes,Electronic check,52.47,2793.17,No
9494-BPLW,Male,0,No,No,66,No,No phone service,No,No internet service,No internet service,No internet service,No internet service,No internet service,No internet service,Month-to-month,Yes,Credit card (automatic),18.25,1214.09,No
9495-NMUC,Male,0,Yes,No,39,Yes,No,Fiber optic,No,Yes,Yes,No,Yes,No,Month-to-month,Yes,Credit card (automatic),90.52,3605.80,Yes
9496-AVZX,Female,0,No,No,8,Yes,No,No,No internet service,No internet service,No internet service,No internet service,No internet service,No internet service,Month-to-month,No,Electronic check,21.23,167.14,Yes
9497-WYQK,Female,1,No,No,46,Yes,No,DSL,No,No,No,Yes,No,Yes,Two year,No,Credit card (automatic),55.51,2504.12,No
9498-UCPY,Male,1,No,No,35,Yes,No,No,No internet service,No internet service,No internet service,No internet service,No internet service,No internet service,Month-to-month,No,Credit card (automatic),20.65,702.56,Yes
9499-OWAD,Female,1,Yes,No,56,No,No phone service,Fiber optic,Yes,No,Yes,No,No,No,Month-to-month,Yes,Electronic check,79.88,4560.87,Yes
9500-IVFD,Female,0,Yes,No,40,Yes,Yes,Fiber optic,No,No,No,Yes,Yes,Yes,Month-to-month,Yes,Electronic check,91.84,3633.80,Yes
9501-BJER,Male,1,No,Yes,65,Yes,No,No,No internet service,No internet service,No internet service,No internet service,No internet service,No internet service,Month-to-month,Yes,Mailed check,18.25,1173.81,No
9502-LUZD,Female,1,No,No,9,Yes,No,Fiber optic,No,No,No,No,No,No,Month-to-month,No,Mailed check,67.86,627.82,Yes
9503-UZIZ,Male,1,Yes,No,45,Yes,No,Fiber optic,Yes,Yes,Yes,Yes,No,Yes,Month-to-month,Yes,Mailed check,103.66,4802.17,Yes
9504-ACTC,Male,0,No,No,54,Yes,Yes,No,No internet service,No internet service,No internet service,No internet service,No internet service,No internet service,One year,No,Mailed check,21.82,1172.22,No
9505-VTCF,Male,0,No,No,30,Yes,No,DSL,Yes,No,Yes,Yes,No,Yes,One year,No,Bank transfer (automatic),67.6,2011.28,No
9506-XWSW,Male,1,Yes,No,35,No,No phone service,DSL,No,Yes,Yes,Yes,Yes,No,Month-to-month,No,Bank transfer (automatic),68.2,2335.49,Yes
9507-YSTV,Female,0,No,No,51,Yes,Yes,No,No internet service,No internet service,No internet service,No internet service,No internet service,No internet service,One year,Yes,Mailed check,27.03,1382.66,No
9508-BNEK,Male,0,Yes,No,33,Yes,Yes,No,No internet service,No internet service,No internet service,No internet service,No internet service,No internet service,One year,Yes,Mailed check,25.2,824.95,No
9509-CNJN,Male,0,Yes,Yes,29,Yes,No,Fiber optic,No,Yes,No,Yes,No,Yes,Month-to-month,No,Credit card (automatic),83.57,2362.02,Yes
9510-WCER,Male,0,No,No,42,Yes,No,Fiber optic,Yes,Yes,Yes,Yes,Yes,Yes,Month-to-month,Yes,Electronic check,111.96,4751.31,No
9511-RLSE,Female,0,No,Yes,58,Yes,Yes,No,No internet service,No internet service,No internet service,No internet service,No internet service,No internet service,One year,Yes,Electronic check,26.48,1505.10,No
9512-YFYA,Female,1,No,No,10,Yes,Yes,Fiber optic,No,Yes,Yes,No,Yes,No,One year,Yes,Electronic check,97.05,970.82,No
9513-ZVXR,Female,1,No,No,63,No,No phone service,DSL,Yes,Yes,No,Yes,Yes,No,Month-to-month,Yes,Credit card (automatic),66.95,4209.30,No
9514-YFAE,Male,1,No,No,15,Yes,No,Fiber optic,Yes,No,Yes,No,Yes,Yes,One year,Yes,Electronic check,96.59,1436.11,No
9515-PRAC,Female,0,Yes,No,8,Yes,Yes,Fiber optic,No,Yes,Yes,No,No,No,Two year,Yes,Bank transfer (automatic),90.84,707.98,No
9516-IOXH,Female,0,Yes,No,14,Yes,Yes,DSL,No,Yes,Yes,Yes,Yes,Yes,Month-to-month,No,Mailed check,83.01,1196.96,Yes
9517-VGZV,Female,0,Yes,No,6,Yes,Yes,No,No internet service,No internet service,No internet service,No internet service,No internet service,No internet service,Month-to-month,No,Mailed check,26.39,160.10,No
9518-WZFG,Male,0,No,Yes,69,Yes,No,Fiber optic,No,Yes,No,Yes,Yes,Yes,Month-to-month,No,Bank transfer (automatic),89.06,5987.68,No
9519-JYQX,Female,0,No,No,22,Yes,No,No,No internet service,No internet service,No internet service,No internet service,No internet service,No internet service,Month-to-month,No,Electronic check,18.45,414.93,No
9520-EYWD,Male,0,No,Yes,56,Yes,No,Fiber optic,Yes,Yes,Yes,Yes,Yes,Yes,Two year,No,Bank transfer (automatic),113.58,6213.84,No
9521-BZBH,Male,1,Yes,Yes,14,Yes,No,DSL,Yes,No,No,No,Yes,No,One year,Yes,Bank transfer (automatic),55.52,768.12,No
9522-XBUN,Male,0,Yes,No,39,No,No phone service,Fiber optic,No,No,No,No,No,No,Two year,No,Credit card (automatic),70.28,2814.93,No
9523-JALB,Male,0,No,No,31,Yes,Yes,Fiber optic,Yes,No,No,No,No,Yes,Month-to-month,Yes,Credit card (automatic),94.12,2945.74,Yes
9524-ITXF,Male,0,No,No,48,Yes,No,Fiber optic,Yes,Yes,No,Yes,Yes,No,Month-to-month,No,Electronic check,93.05,4360.69,Yes
9525-ZXFU,Male,0,Yes,Yes,72,No,No phone service,DSL,Yes,Yes,Yes,No,Yes,Yes,Month-to-month,No,Electronic check,81.34,5850.28,No
9526-NMXX,Male,0,No,No,47,Yes,No,No,No internet service,No internet service,No internet service,No internet service,No internet service,No internet service,Two year,Yes,Electronic check,18.52,880.04,No
9527-TZMN,Female,0,No,Yes,51,Yes,No,DSL,Yes,No,No,Yes,No,No,One year,No,Credit card (automatic),59.12,3035.81,No
9528-PAVE,Male,0,No,Yes,19,Yes,No,Fiber optic,Yes,Yes,No,No,Yes,Yes,Two year,No,Bank transfer (automatic),94.51,1787.35,No
9529-VEAA,Female,0,Yes,Yes,9,Yes,Yes,Fiber optic,Yes,Yes,No,No,No,No,One year,Yes,Credit card (automatic),85.14,767.92,No
9530-DIRO,Female,1,No,No,7,Yes,Yes,No,No internet service,No internet service,No internet service,No internet service,No internet service,No internet service,Month-to-month,Yes,Credit card (automatic),25.86,179.33,Yes
9531-SPIM,Female,0,Yes,No,22,Yes,No,DSL,No,Yes,No,No,No,No,One year,Yes,Credit card (automatic),49.5,1076.52,No
9532-GZSO,Female,0,Yes,Yes,40,Yes,Yes,DSL,Yes,No,No,Yes,No,No,Two year,No,Electronic check,64.41,2531.81,No
9533-YHYK,Male,0,No,Yes,5,Yes,No,No,No internet service,No internet service,No internet service,No internet service,No internet service,No internet service,Month-to-month,No,Mailed check,22.71,112.09,No
9534-AGJH,Female,0,Yes,No,19,Yes,Yes,No,No internet service,No internet service,No internet service,No internet service,No internet service,No internet service,Month-to-month,No,Electronic check,26.29,505.36,No
9535-DHJB,Female,0,Yes,No,46,Yes,No,DSL,Yes,Yes,No,Yes,No,Yes,One year,No,Mailed check,72.53,3423.24,No
9536-RLZF,Male,0,Yes,Yes,63,Yes,No,No,No internet service,No internet service,No internet service,No internet service,No internet service,No internet service,One year,No,Mailed check,21.67,1368.16,No
9537-HXKS,Male,1,Yes,No,72,Yes,No,No,No internet service,No internet service,No internet service,No internet service,No internet service,No internet service,Month-to-month,No,Credit card (automatic),18.76,1315.87,No
9538-XVOM,Female,0,No,No,17,Yes,Yes,DSL,No,Yes,Yes,Yes,No,No,Month-to-month,Yes,Bank transfer (automatic),67.54,1153.93,Yes
9539-FAWE,Male,0,Yes,No,8,Yes,Yes,Fiber optic,No,No,Yes,No,No,Yes,Month-to-month,Yes,Bank transfer (automatic),91.7,754.49,Yes
9540-ZHWK,Male,0,No,Yes,42,Yes,Yes,DSL,Yes,No,No,Yes,No,No,Month-to-month,No,Bank transfer (automatic),65.95,2834.65,Yes
9541-DJHW,Female,0,No,No,68,Yes,No,No,No internet service,No internet service,No internet service,No internet service,No internet service,No internet service,Two year,No,Mailed check,20.73,1440.19,No
9542-OIYC,Female,0,Yes,No,31,Yes,No,DSL,Yes,No,No,Yes,Yes,No,Month-to-month,Yes,Mailed check,66.39,2095.18,Yes
9543-CIKD,Male,1,No,No,66,Yes,Yes,Fiber optic,No,Yes,Yes,Yes,No,Yes,Month-to-month,Yes,Credit card (automatic),104.45,6797.61,No
9544-SXGP,Female,0,Yes,No,54,Yes,No,No,No internet service,No internet service,No internet service,No internet service,No internet service,No internet service,Month-to-month,No,Mailed check,18.25,1014.82,No
9545-ZBTA,Male,0,Yes,No,65,Yes,Yes,DSL,No,No,Yes,No,No,No,Two year,Yes,Mailed check,62.6,4106.75,No
9546-PWGW,Female,0,Yes,No,69,Yes,Yes,Fiber optic,Yes,No,No,No,Yes,Yes,Two year,No,Electronic check,97.55,6779.13,No
9547-HORJ,Female,0,Yes,No,8,Yes,Yes,DSL,No,No,No,Yes,Yes,No,One year,Yes,Bank transfer (automatic),67.99,542.91,Yes
9548-YYTH,Male,1,Yes,Yes,30,Yes,No,DSL,Yes,Yes,No,No,No,No,Month-to-month,Yes,Mailed check,59.19,1761.87,Yes
9549-DODB,Male,0,Yes,No,4,Yes,No,No,No internet service,No internet service,No internet service,No internet service,No internet service,No internet service,Two year,Yes,Credit card (automatic),21.84,85.80,No
9550-KXAZ,Female,0,No,No,4,Yes,Yes,No,No internet service,No internet service,No internet service,No internet service,No internet service,No internet service,Month-to-month,Yes,Electronic check,25.28,101.59,Yes
9551-EPDW,Male,0,No,No,35,Yes,No,Fiber optic,Yes,Yes,No,No,No,Yes,Month-to-month,Yes,Electronic check,90.3,3082.18,Yes
9552-WKER,Male,0,No,No,48,Yes,No,No,No internet service,No internet service,No internet service,No internet service,No internet service,No internet service,Month-to-month,No,Electronic check,21.47,1051.48,No
9553-MHXK,Male,0,No,Yes,64,Yes,No,DSL,Yes,No,No,No,No,Yes,Month-to-month,Yes,Mailed check,61.66,3969.44,Yes
9554-OEDP,Female,0,No,No,10,Yes,Yes,Fiber optic,Yes,No,No,No,No,Yes,Month-to-month,No,Bank transfer (automatic),91.13,889.77,Yes
9555-ZDBZ,Male,0,Yes,No,3,Yes,No,No,No internet service,No internet service,No internet service,No internet service,No internet service,No internet service,Month-to-month,Yes,Bank transfer (automatic),22.97,69.15,No
9556-QAZC,Female,0,No,No,8,Yes,Yes,No,No internet service,No internet service,No internet service,No internet service,No internet service,No internet service,Month-to-month,Yes,Electronic check,22.99,187.18,Yes
9557-OHJD,Female,1,Yes,No,67,Yes,Yes,Fiber optic,Yes,Yes,No,Yes,No,Yes,Month-to-month,No,Electronic check,104.44,6821.28,No
9558-QZXL,Male,0,No,Yes,48,Yes,Yes,DSL,Yes,Yes,No,Yes,No,No,One year,No,Electronic check,71.71,3526.51,No
9559-LRUZ,Female,0,No,Yes,35,Yes,No,Fiber optic,No,Yes,No,Yes,No,Yes,One year,No,Bank transfer (automatic),87.42,3083.81,No
9560-GXCB,Female,0,Yes,No,8,Yes,No,DSL,Yes,Yes,Yes,Yes,No,No,Two year,Yes,Credit card (automatic),69.17,557.43,No
9561-SMXA,Male,0,No,No,27,Yes,Yes,Fiber optic,Yes,Yes,Yes,Yes,No,No,Two year,No,Credit card (automatic),98.93,2659.82,No
9562-BHAQ,Female,0,No,No,10,Yes,Yes,DSL,No,Yes,No,No,No,No,Month-to-month,No,Electronic check,59.9,606.47,Yes
9563-FDPU,Male,0,No,No,3,Yes,Yes,Fiber optic,No,No,Yes,Yes,Yes,Yes,Two year,No,Electronic check,105.45,309.55,Yes
9564-OTDG,Male,0,Yes,No,32,No,No phone service,DSL,Yes,Yes,No,No,Yes,Yes,Month-to-month,Yes,Mailed check,71.77,2337.30,No
9565-UGYV,Male,0,No,No,37,No,No phone service,Fiber optic,No,Yes,Yes,Yes,Yes,No,One year,No,Bank transfer (automatic),95.29,3576.63,No
9566-KQQM,Female,0,No,No,33,Yes,Yes,No,No internet service,No internet service,No internet service,No internet service,No internet service,No internet service,One year,Yes,Bank transfer (automatic),31.67,1026.57,No
9567-LFFB,Female,0,Yes,No,63,Yes,No,Fiber optic,No,No,No,Yes,No,No,Month-to-month,No,Credit card (automatic),78.59,5059.05,Yes
9568-HWJZ,Male,0,No,No,66,Yes,No,No,No internet service,No internet service,No internet service,No internet service,No internet service,No internet service,Two year,Yes,Electronic check,18.25,1224.17,No
9569-ZCWY,Female,0,Yes,No,9,Yes,No,Fiber optic,Yes,Yes,Yes,No,No,No,Two year,Yes,Credit card (automatic),87.82,770.45,No
9570-DLRT,Female,0,No,No,20,Yes,Yes,DSL,Yes,Yes,Yes,No,Yes,Yes,Month-to-month,Yes,Bank transfer (automatic),80.43,1574.28,No
9571-QSJN,Female,0,Yes,No,37,Yes,No,No,No internet service,No internet service,No internet service,No internet service,No internet service,No internet service,One year,Yes,Electronic check,20.22,745.30,No
9572-HBXL,Female,1,Yes,Yes,29,Yes,Yes,DSL,Yes,Yes,No,Yes,No,Yes,Month-to-month,Yes,Credit card (automatic),75.05,2148.72,No
9573-OBXN,Male,0,Yes,No,32,Yes,Yes,DSL,Yes,Yes,No,No,No,Yes,Month-to-month,Yes,Electronic check,72.97,2273.58,Yes
9574-JOUL,Female,0,No,No,51,Yes,No,Fiber optic,Yes,No,Yes,Yes,Yes,No,Month-to-month,Yes,Electronic check,95.77,5007.88,Yes
9575-PKOG,Male,0,No,No,13,Yes,Yes,DSL,No,No,No,No,No,Yes,Two year,No,Mailed check,54.66,712.65,No
9576-UPFQ,Male,0,Yes,Yes,60,Yes,Yes,No,No internet service,No internet service,No internet service,No internet service,No internet service,No internet service,Month-to-month,Yes,Mailed check,30.46,1842.24,No
9577-PUCW,Male,0,Yes,No,20,Yes,No,Fiber optic,Yes,Yes,No,No,No,No,Two year,Yes,Mailed check,79.31,1592.15,No
9578-ATVZ,Female,0,No,Yes,26,Yes,No,DSL,Yes,No,Yes,Yes,No,No,Two year,Yes,Bank transfer (automatic),65.08,1647.31,No
9579-AUGZ,Female,0,Yes,No,16,Yes,No,Fiber optic,No,No,Yes,No,No,No,Two year,Yes,Electronic check,76.79,1238.97,Yes
9580-UVSC,Male,1,Yes,No,46,Yes,No,DSL,Yes,Yes,No,Yes,Yes,Yes,One year,Yes,Credit card (automatic),74.91,3391.14,No
9581-TCVB,Male,0,No,No,51,Yes,Yes,Fiber optic,No,No,No,No,Yes,Yes,Two year,Yes,Mailed check,95.34,4824.65,No
9582-WCEQ,Male,0,Yes,No,45,Yes,No,DSL,No,No,No,No,Yes,No,Month-to-month,No,Electronic check,47.68,2179.34,Yes
9583-XUVF,Female,1,No,No,36,No,No phone service,No,No internet service,No internet service,No internet service,No internet service,No internet service,No internet service,One year,Yes,Credit card (automatic),18.94,693.28,No
9584-CZDA,Male,1,Yes,No,22,No,No phone service,DSL,No,No,Yes,Yes,No,No,One year,Yes,Credit card (automatic),57.85,1296.17,No
9585-RJZB,Female,0,No,No,50,Yes,No,DSL,Yes,Yes,No,Yes,No,No,Month-to-month,Yes,Electronic check,63.42,3122.41,No
9586-YVCK,Male,0,No,No,9,Yes,Yes,Fiber optic,Yes,Yes,Yes,Yes,Yes,Yes,One year,No,Mailed check,118.75,1063.28,Yes
9587-PQDU,Male,0,Yes,No,23,Yes,No,Fiber optic,Yes,Yes,No,No,No,Yes,One year,Yes,Electronic check,87.59,2036.53,No
9588-KDUU,Female,0,No,No,50,No,No phone service,Fiber optic,No,Yes,No,No,Yes,Yes,Month-to-month,No,Mailed check,90.04,4560.69,No
9589-PZEP,Male,0,No,Yes,50,Yes,No,Fiber optic,No,Yes,Yes,Yes,Yes,Yes,Two year,Yes,Electronic check,98.97,5044.47,No
9590-JCUZ,Male,0,No,No,20,Yes,No,DSL,No,Yes,Yes,No,No,Yes,Month-to-month,No,Mailed check,61.78,1256.77,No
9591-GHLH,Male,1,Yes,No,25,Yes,Yes,Fiber optic,Yes,No,Yes,Yes,Yes,Yes,One year,Yes,Electronic check,110.86,2732.54,Yes
9592-PSWY,Female,0,Yes,Yes,23,Yes,Yes,No,No internet service,No internet service,No internet service,No internet service,No internet service,No internet service,Two year,Yes,Mailed check,29.62,698.69,No
9593-FJCI,Male,0,No,Yes,64,Yes,No,DSL,No,Yes,Yes,No,Yes,No,Two year,No,Electronic check,64.67,4030.73,No
9594-QQBD,Male,0,Yes,No,42,Yes,No,Fiber optic,No,Yes,No,Yes,Yes,No,One year,No,Mailed check,86.95,3634.80,No
9595-UYUP,Male,0,Yes,No,9,Yes,Yes,DSL,Yes,No,Yes,Yes,No,No,Two year,Yes,Electronic check,74.0,653.46,No
9596-UFLW,Female,1,Yes,No,12,Yes,No,No,No internet service,No internet service,No internet service,No internet service,No internet service,No internet service,One year,Yes,Electronic check,21.25,252.78,No
9597-ZKRU,Female,0,No,No,5,Yes,Yes,DSL,Yes,No,Yes,Yes,No,No,Month-to-month,Yes,Mailed check,66.38,335.96,Yes
9598-DMIC,Female,0,Yes,No,18,Yes,No,DSL,No,No,No,Yes,No,Yes,One year,Yes,Bank transfer (automatic),62.49,1106.18,No
9599-JUAL,Male,0,Yes,No,17,Yes,No,Fiber optic,No,Yes,Yes,Yes,No,Yes,Month-to-month,Yes,Mailed check,96.76,1682.06,Yes
9600-VGHG,Female,0,No,Yes,33,Yes,Yes,Fiber optic,Yes,Yes,Yes,No,Yes,Yes,One year,No,Bank transfer (automatic),103.2,3332.51,Yes
9601-RHOK,Male,0,Yes,No,54,Yes,Yes,DSL,Yes,No,Yes,No,No,Yes,Month-to-month,Yes,Credit card (automatic),68.93,3764.25,No
9602-XNSJ,Female,0,Yes,No,64,No,No phone service,No,No internet service,No internet service,No internet service,No internet service,No internet service,No internet service,Month-to-month,Yes,Credit card (automatic),18.25,1174.11,Yes
9603-QEYR,Female,0,Yes,No,41,Yes,Yes,DSL,No,Yes,No,No,No,Yes,Month-to-month,Yes,Electronic check,68.53,2745.14,No
9604-SQEQ,Female,0,Yes,Yes,56,Yes,Yes,No,No internet service,No internet service,No internet service,No internet service,No internet service,No internet service,Month-to-month,No,Credit card (automatic),27.03,1511.38,No
9605-SWBA,Female,0,No,No,48,No,No phone service,No,No internet service,No internet service,No internet service,No internet service,No internet service,No internet service,One year,Yes,Credit card (automatic),21.77,1075.22,No
9606-YNUX,Female,0,Yes,No,23,Yes,Yes,Fiber optic,No,Yes,Yes,No,No,No,Month-to-month,Yes,Electronic check,94.3,2123.92,Yes
9607-ERKR,Male,0,No,No,45,No,No phone service,Fiber optic,No,No,No,No,Yes,No,Two year,Yes,Credit card (automatic),80.19,3587.73,No
9608-TSXZ,Female,0,Yes,No,22,Yes,Yes,Fiber optic,Yes,Yes,No,Yes,Yes,No,Month-to-month,No,Credit card (automatic),103.76,2314.50,No
9609-QWPG,Female,0,Yes,No,23,Yes,No,No,No internet service,No internet service,No internet service,No internet service,No internet service,No internet service,Month-to-month,No,Bank transfer (automatic),22.88,526.77,No
9610-GUME,Female,0,Yes,No,72,Yes,No,DSL,Yes,Yes,Yes,No,No,No,Month-to-month,Yes,Bank transfer (automatic),67.58,4753.41,No
9611-QJLL,Female,0,No,No,66,Yes,No,No,No internet service,No internet service,No internet service,No internet service,No internet service,No internet service,One year,Yes,Credit card (automatic),18.56,1214.14,No
9612-BRYE,Male,0,Yes,Yes,48,Yes,No,Fiber optic,No,Yes,Yes,No,No,Yes,Month-to-month,Yes,Electronic check,90.75,4361.63,Yes
9613-UZGS,Female,0,Yes,No,43,Yes,Yes,Fiber optic,No,No,Yes,No,Yes,Yes,Two year,Yes,Bank transfer (automatic),94.21,3959.54,No
9614-HITX,Male,1,No,No,50,No,No phone service,Fiber optic,Yes,Yes,No,Yes,No,No,Month-to-month,Yes,Credit card (automatic),85.75,4265.06,No
9615-GMTN,Female,0,Yes,No,55,Yes,Yes,Fiber optic,No,Yes,No,Yes,No,No,Month-to-month,No,Mailed check,88.5,4896.20,No
9616-REIZ,Female,0,No,No,4,Yes,Yes,DSL,No,Yes,Yes,No,Yes,No,One year,Yes,Electronic check,70.11,273.19,Yes
9617-SIEK,Male,0,Yes,No,26,Yes,No,Fiber optic,Yes,No,No,Yes,No,Yes,Month-to-month,Yes,Mailed check,84.73,2145.68,Yes
9618-CPNF,Female,0,Yes,No,8,Yes,No,Fiber optic,No,No,Yes,No,No,No,One year,Yes,Credit card (automatic),80.07,644.20,No
9619-IVZU,Female,0,No,No,39,Yes,Yes,Fiber optic,No,Yes,Yes,Yes,Yes,No,Month-to-month,Yes,Bank transfer (automatic),102.99,3948.62,Yes
9620-MCZB,Female,0,Yes,Yes,22,Yes,Yes,DSL,No,No,No,No,Yes,No,Two year,No,Mailed check,53.79,1171.91,No
9621-NPQP,Male,0,Yes,No,24,Yes,Yes,No,No internet service,No internet service,No internet service,No internet service,No internet service,No internet service,Month-to-month,No,Electronic check,26.57,627.74,No
9622-OXUO,Male,0,Yes,Yes,61,Yes,No,No,No internet service,No internet service,No internet service,No internet service,No internet service,No internet service,One year,Yes,Bank transfer (automatic),18.32,1146.63,No
9623-TZOX,Female,0,Yes,No,15,Yes,Yes,No,No internet service,No internet service,No internet service,No internet service,No internet service,No internet service,Month-to-month,No,Electronic check,30.02,445.21,No
9624-INNB,Female,0,No,No,66,Yes,Yes,No,No internet service,No internet service,No internet service,No internet service,No internet service,No internet service,Two year,No,Credit card (automatic),30.28,1999.78,No
9625-GTXW,Female,0,Yes,No,31,No,No phone service,Fiber optic,No,No,Yes,No,Yes,Yes,Month-to-month,No,Mailed check,91.69,2802.86,Yes
9626-HAQD,Female,1,No,Yes,14,Yes,Yes,No,No internet service,No internet service,No internet service,No internet service,No internet service,No internet service,Month-to-month,Yes,Bank transfer (automatic),24.32,340.78,No
9627-WPUB,Male,0,Yes,No,11,Yes,No,Fiber optic,Yes,Yes,Yes,No,Yes,Yes,Month-to-month,Yes,Credit card (automatic),103.42,1168.58,Yes
9628-MSOH,Female,0,Yes,No,52,Yes,Yes,DSL,No,Yes,Yes,Yes,No,No,Month-to-month,No,Bank transfer (automatic),75.32,3822.05,No
9629-WRBC,Male,0,Yes,No,65,Yes,No,DSL,No,No,No,No,Yes,No,Month-to-month,Yes,Mailed check,49.83,3270.24,No
9630-ITGB,Female,0,No,No,63,Yes,Yes,DSL,Yes,Yes,No,Yes,Yes,Yes,Month-to-month,Yes,Mailed check,89.07,5562.88,No
9631-TOUO,Female,0,No,No,13,No,No phone service,DSL,No,No,Yes,Yes,No,No,Month-to-month,Yes,Credit card (automatic),51.01,660.15,No
9632-TGNK,Female,0,No,No,64,Yes,No,Fiber optic,No,Yes,Yes,No,No,Yes,One year,No,Credit card (automatic),90.81,5860.26,Yes
9633-NIAZ,Female,0,Yes,Yes,17,Yes,No,No,No internet service,No internet service,No internet service,No internet service,No internet service,No internet service,Month-to-month,No,Mailed check,20.74,352.47,No
9634-QZCO,Male,0,Yes,Yes,34,Yes,No,DSL,No,Yes,Yes,Yes,Yes,No,Month-to-month,No,Mailed check,70.96,2475.48,No
9635-QGDI,Male,0,No,No,1,Yes,Yes,No,No internet service,No internet service,No internet service,No internet service,No internet service,No internet service,One year,Yes,Bank transfer (automatic),26.69,27.27,No
9636-LRIM,Male,0,Yes,No,19,Yes,No,No,No internet service,No internet service,No internet service,No internet service,No internet service,No internet service,Month-to-month,No,Electronic check,18.25,336.48,No
9637-LLKU,Female,1,No,Yes,24,No,No phone service,No,No internet service,No internet service,No internet service,No internet service,No internet service,No internet service,Two year,No,Mailed check,18.81,443.18,No
9638-JOWW,Male,0,Yes,Yes,69,No,No phone service,No,No internet service,No internet service,No internet service,No internet service,No internet service,No internet service,Month-to-month,No,Electronic check,20.6,1386.23,No
9639-SIFO,Female,0,Yes,No,21,Yes,Yes,No,No internet service,No internet service,No internet service,No internet service,No internet service,No internet service,Month-to-month,No,Credit card (automatic),21.68,443.79,No
9640-SUWO,Male,0,Yes,Yes,20,Yes,Yes,DSL,No,No,No,No,No,Yes,One year,Yes,Electronic check,61.12,1191.99,No
9641-FEIV,Male,0,Yes,No,20,Yes,Yes,Fiber optic,Yes,No,Yes,Yes,Yes,No,Month-to-month,No,Mailed check,103.67,2082.44,Yes
9642-LEAE,Male,1,No,No,19,Yes,No,DSL,No,Yes,No,Yes,Yes,No,Two year,Yes,Credit card (automatic),60.17,1141.36,No
9643-LRZJ,Male,0,No,No,39,Yes,No,DSL,Yes,No,No,Yes,Yes,No,Month-to-month,Yes,Electronic check,61.57,2430.27,Yes
9644-EFOT,Male,0,No,No,15,Yes,Yes,Fiber optic,Yes,No,Yes,Yes,Yes,No,Month-to-month,Yes,Credit card (automatic),105.34,1573.20,Yes
9645-UOPM,Male,0,No,Yes,21,Yes,Yes,Fiber optic,Yes,No,Yes,No,No,Yes,Month-to-month,No,Electronic check,91.9,1951.00,Yes
9646-VFIG,Female,0,Yes,Yes,39,No,No phone service,No,No internet service,No internet service,No internet service,No internet service,No internet service,No internet service,Month-to-month,Yes,Electronic check,20.1,794.87,No
9647-DXBC,Female,0,No,Yes,55,Yes,No,DSL,Yes,No,Yes,No,No,No,Month-to-month,Yes,Electronic check,61.46,3301.08,No
9648-WNTQ,Female,1,Yes,No,8,Yes,No,No,No internet service,No internet service,No internet service,No internet service,No internet service,No internet service,One year,No,Credit card (automatic),18.25,150.23,No
9649-JLUC,Male,0,No,No,26,Yes,Yes,DSL,Yes,No,No,No,Yes,No,One year,Yes,Bank transfer (automatic),67.33,1762.36,No
9650-AUZX,Female,0,Yes,Yes,42,Yes,Yes,Fiber optic,No,Yes,Yes,No,No,Yes,Month-to-month,Yes,Credit card (automatic),97.56,4186.79,Yes
9651-LWKC,Female,0,No,No,67,Yes,No,DSL,Yes,Yes,Yes,No,No,No,Month-to-month,No,Electronic check,68.78,4623.84,Yes
9652-CKHF,Female,0,No,No,68,Yes,No,No,No internet service,No internet service,No internet service,No internet service,No internet service,No internet service,Month-to-month,No,Electronic check,20.98,1457.56,No
9653-DYQO,Male,1,No,Yes,63,Yes,Yes,Fiber optic,Yes,Yes,Yes,No,No,Yes,Month-to-month,Yes,Mailed check,96.82,5926.04,Yes
9654-PUKR,Female,0,No,Yes,37,Yes,Yes,DSL,Yes,Yes,Yes,No,Yes,Yes,Month-to-month,Yes,Electronic check,83.0,3095.18,Yes
9655-QVWJ,Female,0,No,No,8,Yes,No,No,No internet service,No internet service,No internet service,No internet service,No internet service,No internet service,Two year,No,Mailed check,22.35,177.47,No
9656-DVIT,Male,0,No,No,70,No,No phone service,DSL,No,Yes,No,Yes,No,Yes,Month-to-month,Yes,Credit card (automatic),72.93,5073.99,Yes
9657-GRDE,Male,0,No,No,45,Yes,Yes,No,No internet service,No internet service,No internet service,No internet service,No internet service,No internet service,Month-to-month,No,Bank transfer (automatic),22.23,1008.60,No
9658-WTDY,Female,0,Yes,Yes,66,Yes,Yes,DSL,No,Yes,Yes,No,No,No,Month-to-month,No,Mailed check,66.73,4502.71,No
9659-XDYW,Male,0,No,No,67,Yes,Yes,DSL,No,No,Yes,No,No,No,Two year,Yes,Electronic check,56.59,3893.38,No
9660-IAOI,Male,0,Yes,Yes,58,Yes,Yes,DSL,Yes,No,Yes,Yes,No,Yes,One year,Yes,Mailed check,76.72,4567.79,No
9661-BEUE,Female,0,No,No,31,No,No phone service,Fiber optic,No,Yes,No,Yes,No,No,Month-to-month,Yes,Mailed check,79.91,2449.22,No
9662-BGFP,Male,0,No,No,44,Yes,Yes,No,No internet service,No internet service,No internet service,No internet service,No internet service,No internet service,One year,Yes,Mailed check,29.29,1283.68,No
9663-HZVL,Male,0,Yes,No,50,Yes,Yes,Fiber optic,Yes,No,Yes,No,Yes,Yes,Two year,No,Mailed check,101.12,4957.26,No
9664-FTCW,Male,0,No,Yes,64,Yes,No,DSL,No,No,No,Yes,Yes,No,Month-to-month,No,Credit card (automatic),59.89,3776.91,No
9665-ZXXT,Female,0,Yes,Yes,17,Yes,Yes,Fiber optic,No,Yes,No,No,No,No,Month-to-month,No,Electronic check,83.87,1437.51,Yes
9666-SALT,Male,0,No,No,40,Yes,Yes,Fiber optic,Yes,Yes,No,No,Yes,No,Month-to-month,No,Mailed check,97.09,3896.46,Yes
9667-EIUQ,Female,0,No,Yes,43,Yes,No,Fiber optic,Yes,Yes,No,Yes,Yes,No,Month-to-month,Yes,Electronic check,96.83,4249.87,Yes
9668-XSWC,Male,1,No,No,15,Yes,No,Fiber optic,Yes,Yes,No,Yes,No,No,Month-to-month,No,Mailed check,93.6,1402.47,Yes
9669-BVZD,Female,0,No,Yes,29,Yes,No,Fiber optic,No,No,No,Yes,No,No,Month-to-month,Yes,Electronic check,79.58,2245.66,No
9670-FAJL,Female,0,Yes,Yes,67,Yes,Yes,Fiber optic,No,No,No,No,No,No,Month-to-month,Yes,Mailed check,77.03,5197.58,Yes
9671-YCFS,Female,0,Yes,No,2,Yes,No,Fiber optic,No,No,No,Yes,No,Yes,Two year,Yes,Mailed check,85.71,167.66,No
9672-OSHE,Female,0,No,Yes,37,Yes,Yes,DSL,No,No,No,No,No,Yes,Two year,Yes,Bank transfer (automatic),59.57,2210.03,No
9673-MSQQ,Male,0,Yes,No,44,Yes,Yes,No,No internet service,No internet service,No internet service,No internet service,No internet service,No internet service,Month-to-month,No,Credit card (automatic),29.94,1346.63,Yes
9674-GTOR,Female,0,Yes,No,66,Yes,No,No,No internet service,No internet service,No internet service,No internet service,No internet service,No internet service,Two year,No,Mailed check,21.15,1395.07,No
9675-WZSO,Female,0,Yes,Yes,21,Yes,No,No,No internet service,No internet service,No internet service,No internet service,No internet service,No internet service,Month-to-month,No,Bank transfer (automatic),21.98,449.33,No
9676-KQPP,Female,0,Yes,No,29,Yes,Yes,No,No internet service,No internet service,No internet service,No internet service,No internet service,No internet service,Month-to-month,Yes,Mailed check,28.46,828.97,No
9677-SAFO,Female,1,No,No,6,Yes,Yes,Fiber optic,No,No,Yes,No,No,No,One year,Yes,Electronic check,83.4,486.25,Yes
9678-KLZF,Female,0,Yes,No,25,Yes,Yes,No,No internet service,No internet service,No internet service,No internet service,No internet service,No internet service,Month-to-month,Yes,Electronic check,25.23,623.88,No
9679-LORY,Male,0,Yes,No,72,Yes,Yes,Fiber optic,No,No,No,Yes,Yes,Yes,Month-to-month,No,Mailed check,96.21,6754.36,Yes
9680-ZYIT,Male,0,No,No,56,Yes,Yes,Fiber optic,No,Yes,No,Yes,No,No,Month-to-month,Yes,Bank transfer (automatic),89.75,5038.73,No
9681-NDGL,Male,0,No,No,31,Yes,Yes,No,No internet service,No internet service,No internet service,No internet service,No internet service,No internet service,Month-to-month,No,Bank transfer (automatic),27.52,878.22,Yes
9682-WOAD,Male,0,Yes,No,46,Yes,No,No,No internet service,No internet service,No internet service,No internet service,No internet service,No internet service,Month-to-month,Yes,Electronic check,20.27,917.90,No
9683-PHFT,Female,0,No,No,70,Yes,No,Fiber optic,No,Yes,Yes,Yes,No,No,Month-to-month,Yes,Bank transfer (automatic),88.14,6172.28,Yes
9684-RVKB,Female,0,Yes,No,32,Yes,Yes,No,No internet service,No internet service,No internet service,No internet service,No internet service,No internet service,Month-to-month,Yes,Electronic check,24.22,772.08,No
9685-QSJY,Male,0,No,Yes,22,Yes,No,Fiber optic,No,No,No,No,No,No,Month-to-month,No,Electronic check,70.34,1571.87,Yes
9686-QYFW,Male,0,Yes,Yes,64,Yes,Yes,Fiber optic,Yes,Yes,No,Yes,Yes,Yes,Two year,No,Electronic check,103.87,6549.97,No
9687-XZIR,Female,1,Yes,Yes,62,Yes,Yes,No,No internet service,No internet service,No internet service,No internet service,No internet service,No internet service,Month-to-month,Yes,Bank transfer (automatic),26.28,1640.21,No
9688-HOTN,Female,0,Yes,Yes,38,Yes,No,Fiber optic,No,Yes,No,Yes,No,Yes,Month-to-month,Yes,Electronic check,88.88,3407.49,Yes
9689-MECK,Female,0,No,No,1,Yes,Yes,No,No internet service,No internet service,No internet service,No internet service,No internet service,No internet service,One year,No,Credit card (automatic),22.3,21.96,No
9690-WREW,Female,0,Yes,No,1,Yes,No,No,No internet service,No internet service,No internet service,No internet service,No internet service,No internet service,Month-to-month,No,Electronic check,18.25,18.00,Yes
9691-WWIH,Female,0,Yes,Yes,9,Yes,No,DSL,No,No,Yes,Yes,No,No,Two year,Yes,Credit card (automatic),55.12,507.80,No
9692-QJWF,Female,0,No,No,50,Yes,Yes,No,No internet service,No internet service,No internet service,No internet service,No internet service,No internet service,Month-to-month,No,Electronic check,25.97,1299.45,No
9693-LSVJ,Male,0,Yes,No,13,Yes,Yes,DSL,No,Yes,Yes,No,Yes,No,Month-to-month,Yes,Credit card (automatic),76.08,1012.14,No
9694-HPOF,Female,0,No,No,5,Yes,No,No,No internet service,No internet service,No internet service,No internet service,No internet service,No internet service,Month-to-month,Yes,Electronic check,19.74,99.73,Yes
9695-RRBU,Male,0,Yes,No,50,Yes,Yes,Fiber optic,Yes,Yes,Yes,Yes,Yes,Yes,Two year,No,Electronic check,118.75,5764.45,No
9696-FYVI,Male,0,Yes,No,35,Yes,Yes,Fiber optic,Yes,Yes,Yes,No,Yes,Yes,Month-to-month,No,Electronic check,108.67,3706.49,Yes
9697-GXMU,Male,0,Yes,No,39,Yes,No,No,No internet service,No internet service,No internet service,No internet service,No internet service,No internet service,Two year,Yes,Mailed check,18.25,701.39,No
9698-ZQOM,Male,0,Yes,Yes,14,Yes,Yes,Fiber optic,Yes,Yes,No,No,Yes,No,Month-to-month,No,Bank transfer (automatic),92.36,1301.91,No
9699-VZPB,Male,0,Yes,Yes,16,Yes,Yes,DSL,Yes,No,Yes,No,No,No,Month-to-month,Yes,Credit card (automatic),66.82,1046.33,Yes
9700-AVSY,Female,0,No,No,18,Yes,Yes,Fiber optic,Yes,No,Yes,No,No,No,Month-to-month,Yes,Mailed check,95.03,1671.35,Yes
9701-JQBO,Female,0,No,Yes,47,Yes,No,Fiber optic,No,No,No,No,Yes,Yes,Two year,No,Electronic check,87.72,4034.62,No
9702-XNUL,Male,0,Yes,Yes,71,Yes,Yes,Fiber optic,Yes,Yes,No,No,Yes,No,Month-to-month,No,Electronic check,96.43,6988.95,Yes
9703-RYXH,Female,0,Yes,Yes,66,No,No phone service,DSL,No,Yes,Yes,Yes,Yes,Yes,One year,Yes,Credit card (automatic),78.99,5098.22,No
9704-ABKS,Male,0,No,No,9,Yes,Yes,Fiber optic,No,No,No,No,Yes,Yes,Two year,No,Electronic check,85.22,762.87,Yes
9705-XRCT,Male,0,Yes,No,49,Yes,No,No,No internet service,No internet service,No internet service,No internet service,No internet service,No internet service,Two year,Yes,Mailed check,18.63,913.72,No
9706-KQBQ,Female,0,No,No,55,Yes,Yes,Fiber optic,Yes,No,No,Yes,No,Yes,Two year,Yes,Electronic check,97.57,5310.05,No
9707-JUTS,Male,0,No,No,3,Yes,Yes,No,No internet service,No internet service,No internet service,No internet service,No internet service,No internet service,Two year,No,Mailed check,27.51,82.27,No
9708-WVZD,Female,1,Yes,No,46,Yes,Yes,Fiber optic,No,No,Yes,No,Yes,Yes,Month-to-month,Yes,Electronic check,98.94,4668.70,Yes
9709-DFVW,Female,0,No,No,33,Yes,Yes,No,No internet service,No internet service,No internet service,No internet service,No internet service,No internet service,Month-to-month,Yes,Bank transfer (automatic),30.61,1017.83,No
9710-OOZZ,Male,0,No,No,15,Yes,Yes,No,No internet service,No internet service,No internet service,No internet service,No internet service,No internet service,Month-to-month,No,Electronic check,26.95,415.44,No
9711-OJGJ,Male,0,No,Yes,57,Yes,No,Fiber optic,Yes,No,No,No,No,Yes,Month-to-month,Yes,Credit card (automatic),87.12,4920.36,Yes
9712-YNWO,Female,0,No,Yes,68,Yes,Yes,Fiber optic,No,Yes,Yes,Yes,Yes,No,Two year,Yes,Bank transfer (automatic),108.81,7373.19,No
9713-VOWW,Female,0,Yes,No,44,Yes,Yes,No,No internet service,No internet service,No internet service,No internet service,No internet service,No internet service,Month-to-month,Yes,Electronic check,26.01,1158.18,No
9714-WGJL,Female,0,No,No,15,Yes,Yes,No,No internet service,No internet service,No internet service,No internet service,No internet service,No internet service,Month-to-month,Yes,Electronic check,28.25,426.35,No
9715-PEFT,Male,0,Yes,No,31,Yes,Yes,Fiber optic,Yes,Yes,Yes,No,Yes,No,Two year,No,Electronic check,99.35,3130.28,No
9716-EEVC,Male,1,Yes,No,38,Yes,Yes,No,No internet service,No internet service,No internet service,No internet service,No internet service,No internet service,Month-to-month,Yes,Mailed check,25.73,997.77,Yes
9717-LLVL,Female,0,No,No,65,Yes,No,No,No internet service,No internet service,No internet service,No internet service,No internet service,No internet service,Month-to-month,Yes,Credit card (automatic),19.25,1243.38,No
9718-YKBJ,Female,0,Yes,Yes,57,Yes,No,DSL,No,No,No,Yes,Yes,Yes,Month-to-month,No,Mailed check,63.54,3538.95,No
9719-ADWB,Male,0,No,No,49,Yes,No,Fiber optic,No,No,Yes,Yes,Yes,No,Two year,Yes,Mailed check,85.95,4229.75,No
9720-CTUW,Female,0,No,No,55,Yes,Yes,Fiber optic,Yes,Yes,No,Yes,No,No,Month-to-month,Yes,Credit card (automatic),91.19,4946.14,No
9721-DFNF,Female,0,No,No,50,Yes,No,DSL,Yes,Yes,Yes,Yes,Yes,No,Month-to-month,No,Mailed check,72.05,3542.49,No
9722-GRWI,Male,0,No,Yes,24,Yes,Yes,No,No internet service,No internet service,No internet service,No internet service,No internet service,No internet service,Month-to-month,No,Electronic check,29.91,701.30,No
9723-SJHE,Male,0,No,Yes,10,Yes,Yes,DSL,No,No,Yes,Yes,Yes,No,Month-to-month,No,Electronic check,74.34,740.03,Yes
9724-CRAZ,Female,1,No,No,61,Yes,Yes,Fiber optic,No,Yes,Yes,Yes,No,Yes,One year,No,Credit card (automatic),107.04,6338.05,No
9725-LBNT,Female,1,No,Yes,40,Yes,Yes,Fiber optic,Yes,No,Yes,Yes,No,Yes,Month-to-month,Yes,Mailed check,102.51,4017.96,Yes
9726-XAFO,Male,0,No,Yes,70,Yes,No,Fiber optic,No,No,Yes,Yes,No,Yes,One year,No,Bank transfer (automatic),84.3,5884.57,No
9727-KDIS,Male,0,No,No,50,Yes,Yes,DSL,Yes,No,Yes,No,No,No,Month-to-month,Yes,Bank transfer (automatic),67.36,3420.50,No
9728-RXIQ,Female,0,Yes,No,35,Yes,No,Fiber optic,No,No,Yes,Yes,No,No,Month-to-month,No,Electronic check,82.17,2848.71,No
9729-LWDR,Male,0,Yes,Yes,47,Yes,No,DSL,Yes,Yes,Yes,Yes,Yes,No,Month-to-month,No,Electronic check,74.93,3478.63,No
9730-EGNW,Female,0,Yes,No,47,Yes,No,DSL,Yes,Yes,Yes,No,Yes,Yes,Month-to-month,No,Electronic check,73.25,3382.38,No
9731-XKNH,Female,0,Yes,Yes,71,No,No phone service,No,No internet service,No internet service,No internet service,No internet service,No internet service,No internet service,Month-to-month,Yes,Electronic check,18.25,1312.12,No
9732-SNZV,Female,1,Yes,No,27,Yes,Yes,DSL,Yes,Yes,No,Yes,Yes,Yes,Two year,No,Bank transfer (automatic),84.56,2227.71,No
9733-TZDI,Male,1,No,No,28,Yes,No,DSL,No,No,Yes,Yes,No,No,Month-to-month,Yes,Credit card (automatic),55.65,1573.03,No
9734-DNOZ,Male,0,No,No,26,Yes,No,DSL,No,Yes,Yes,No,No,No,One year,Yes,Bank transfer (automatic),55.41,1415.06,No
9735-ANIA,Male,0,No,Yes,8,No,No phone service,Fiber optic,No,Yes,Yes,Yes,No,Yes,Two year,No,Credit card (automatic),94.76,751.60,No
9736-XRNT,Female,0,No,No,34,No,No phone service,DSL,No,No,Yes,No,No,No,One year,No,Credit card (automatic),50.21,1675.02,No
9737-IVPW,Male,0,No,No,33,Yes,Yes,Fiber optic,Yes,No,No,No,No,No,Two year,Yes,Credit card (automatic),89.22,2871.51,No
9738-VNFT,Male,1,No,No,15,Yes,No,Fiber optic,Yes,No,No,No,Yes,Yes,Month-to-month,Yes,Bank transfer (automatic),88.79,1317.03,No
9739-DGMA,Male,0,No,No,59,No,No phone service,DSL,Yes,No,Yes,No,Yes,Yes,Month-to-month,No,Mailed check,66.57,3898.23,No
9740-IDAX,Male,0,Yes,Yes,50,Yes,No,DSL,No,Yes,No,Yes,Yes,Yes,Month-to-month,No,Mailed check,71.11,3534.11,No
9741-CVHC,Male,0,No,Yes,18,Yes,No,Fiber optic,Yes,No,Yes,Yes,Yes,No,Month-to-month,Yes,Electronic check,91.86,1640.26,Yes
9742-UMDV,Female,0,Yes,No,12,Yes,Yes,No,No internet service,No internet service,No internet service,No internet service,No internet service,No internet service,Month-to-month,No,Credit card (automatic),24.52,290.93,No
9743-PAVV,Female,1,Yes,No,45,Yes,No,DSL,No,Yes,No,No,No,No,One year,Yes,Electronic check,50.02,2186.33,No
9744-KTPL,Male,0,Yes,No,1,Yes,No,Fiber optic,No,No,Yes,Yes,No,Yes,Month-to-month,Yes,Electronic check,93.22,95.98,Yes
9745-PRMT,Male,0,No,Yes,11,Yes,Yes,No,No internet service,No internet service,No internet service,No internet service,No internet service,No internet service,One year,Yes,Electronic check,23.31,260.57,No
9746-SQGE,Male,0,No,Yes,32,Yes,Yes,DSL,Yes,Yes,No,No,Yes,Yes,Month-to-month,Yes,Electronic check,77.67,2548.60,Yes
9747-DNXB,Female,0,Yes,Yes,72,Yes,No,DSL,Yes,Yes,Yes,No,No,Yes,Month-to-month,No,Credit card (automatic),68.6,4939.07,No
9748-PQFS,Male,0,No,Yes,6,Yes,No,Fiber optic,Yes,Yes,Yes,Yes,Yes,No,Month-to-month,Yes,Credit card (automatic),100.85,615.90,Yes
9749-IIGG,Female,0,Yes,No,39,Yes,Yes,No,No internet service,No internet service,No internet service,No internet service,No internet service,No internet service,Two year,Yes,Electronic check,22.98,919.65,No
9750-BPBV,Male,0,Yes,Yes,41,Yes,Yes,DSL,No,Yes,No,Yes,No,Yes,Two year,No,Credit card (automatic),78.26,3189.11,No
9751-PPEE,Male,0,Yes,No,19,No,No phone service,Fiber optic,No,Yes,No,Yes,Yes,No,Month-to-month,No,Bank transfer (automatic),85.06,1647.08,Yes
9752-GJID,Female,0,Yes,Yes,38,Yes,Yes,Fiber optic,Yes,Yes,No,Yes,No,No,Month-to-month,Yes,Electronic check,96.55,3719.18,No
9753-SBYD,Female,0,No,No,46,Yes,Yes,Fiber optic,Yes,Yes,No,No,Yes,No,Month-to-month,No,Electronic check,96.82,4392.54,Yes
9754-CXJN,Female,0,Yes,No,10,Yes,No,Fiber optic,Yes,No,No,No,Yes,No,One year,No,Mailed check,81.89,820.33,Yes
9755-FHHI,Female,0,Yes,Yes,69,Yes,Yes,Fiber optic,No,No,No,Yes,No,No,Month-to-month,No,Electronic check,84.03,5786.82,Yes
9756-DCEM,Female,0,Yes,Yes,18,Yes,Yes,No,No internet service,No internet service,No internet service,No internet service,No internet service,No internet service,Month-to-month,Yes,Bank transfer (automatic),26.37,464.75,No
9757-YXMK,Female,0,No,No,27,Yes,Yes,Fiber optic,No,No,No,No,Yes,Yes,Month-to-month,No,Electronic check,90.06,2436.48,Yes
9758-PMVA,Male,0,No,Yes,2,Yes,No,Fiber optic,Yes,No,No,Yes,Yes,No,Month-to-month,No,Credit card (automatic),89.66,184.63,Yes
9759-LCVB,Male,0,No,Yes,43,Yes,No,Fiber optic,Yes,Yes,No,Yes,Yes,Yes,Month-to-month,Yes,Bank transfer (automatic),107.41,4722.80,Yes
9760-HMXL,Male,0,No,No,43,Yes,Yes,DSL,No,Yes,Yes,Yes,No,No,Month-to-month,No,Mailed check,68.26,2881.80,Yes
9761-PAGX,Male,0,No,No,9,Yes,No,Fiber optic,No,Yes,Yes,No,No,No,Month-to-month,Yes,Mailed check,79.89,737.35,Yes
9762-GQOJ,Male,1,Yes,No,22,Yes,Yes,DSL,Yes,No,No,No,Yes,No,Month-to-month,No,Mailed check,70.44,1513.55,Yes
9763-ALOZ,Male,0,Yes,Yes,56,Yes,Yes,Fiber optic,Yes,Yes,No,Yes,No,Yes,Month-to-month,Yes,Credit card (automatic),108.36,5905.11,Yes
9764-TMJU,Male,0,No,Yes,52,Yes,Yes,Fiber optic,Yes,Yes,No,Yes,Yes,Yes,Two year,Yes,Mailed check,113.01,5792.98,No
9765-YKKN,Female,1,Yes,No,23,No,No phone service,No,No internet service,No internet service,No internet service,No internet service,No internet service,No internet service,Month-to-month,No,Credit card (automatic),22.15,500.85,No
9766-JSPH,Male,0,Yes,No,46,Yes,No,No,No internet service,No internet service,No internet service,No internet service,No internet service,No internet service,Two year,Yes,Bank transfer (automatic),18.56,860.44,No
9767-HWGH,Female,1,Yes,Yes,54,Yes,Yes,Fiber optic,Yes,No,Yes,No,Yes,Yes,One year,No,Bank transfer (automatic),101.08,5437.48,No
9768-WTDU,Male,0,Yes,No,27,Yes,No,Fiber optic,No,No,No,No,Yes,Yes,Two year,Yes,Bank transfer (automatic),83.25,2285.87,No
9769-DAQL,Female,1,No,No,0,Yes,No,DSL,No,No,Yes,Yes,No,No,Month-to-month,Yes,Bank transfer (automatic),57.07,,No
9770-AWOX,Female,1,Yes,No,2,Yes,Yes,Fiber optic,Yes,No,No,No,Yes,No,Two year,Yes,Mailed check,86.83,177.13,No
9771-CGYP,Male,1,Yes,No,69,Yes,No,DSL,Yes,No,No,No,Yes,No,Month-to-month,Yes,Electronic check,61.44,4158.99,No
9772-EEMU,Male,0,No,No,24,Yes,No,DSL,Yes,No,Yes,Yes,No,Yes,Month-to-month,Yes,Mailed check,75.17,1789.67,No
9773-LCHX,Female,0,No,No,0,Yes,No,No,No internet service,No internet service,No internet service,No internet service,No internet service,No internet service,Month-to-month,No,Bank transfer (automatic),19.1,,No
9774-TTJM,Female,0,Yes,Yes,24,Yes,Yes,No,No internet service,No internet service,No internet service,No internet service,No internet service,No internet service,Month-to-month,Yes,Electronic check,25.34,599.20,No
9775-HOGN,Male,0,Yes,No,52,Yes,No,Fiber optic,Yes,Yes,No,No,No,No,Month-to-month,Yes,Mailed check,79.66,4205.73,No
9776-OFJK,Female,0,Yes,No,24,Yes,Yes,DSL,No,Yes,Yes,Yes,Yes,Yes,Two year,No,Electronic check,84.74,2063.80,No
9777-VOHC,Female,1,Yes,No,44,Yes,No,DSL,No,No,No,No,Yes,No,One year,No,Mailed check,53.77,2374.28,No
9778-GASF,Male,0,Yes,No,69,Yes,No,DSL,Yes,No,No,Yes,No,Yes,Two year,Yes,Electronic check,61.32,4228.00,No
9779-NXKG,Male,0,Yes,Yes,55,Yes,No,No,No internet service,No internet service,No internet service,No internet service,No internet service,No internet service,One year,No,Bank transfer (automatic),18.25,1002.98,No
9780-HQTW,Male,0,No,No,12,Yes,No,Fiber optic,Yes,Yes,No,No,Yes,Yes,Month-to-month,No,Bank transfer (automatic),93.68,1128.36,No
9781-OFLT,Female,0,No,No,38,Yes,Yes,No,No internet service,No internet service,No internet service,No internet service,No internet service,No internet service,Month-to-month,Yes,Mailed check,26.17,980.08,Yes
9782-HPQX,Female,0,No,No,20,Yes,No,Fiber optic,Yes,No,Yes,No,Yes,No,Month-to-month,Yes,Electronic check,92.48,1835.67,No
9783-KKVB,Female,0,No,No,16,Yes,Yes,Fiber optic,No,Yes,Yes,No,No,No,Two year,Yes,Electronic check,84.86,1325.69,Yes
9784-WXFX,Female,0,No,Yes,60,Yes,Yes,Fiber optic,Yes,Yes,Yes,No,No,Yes,One year,No,Electronic check,100.83,6138.09,No
9785-MGTK,Male,1,No,No,71,Yes,No,DSL,No,No,No,No,Yes,No,Month-to-month,No,Credit card (automatic),51.26,3714.97,No
9786-CLPB,Male,0,No,No,67,Yes,No,Fiber optic,No,No,Yes,No,Yes,Yes,One year,No,Electronic check,89.28,5892.64,No
9787-DLIE,Male,0,No,No,61,Yes,Yes,No,No internet service,No internet service,No internet service,No internet service,No internet service,No internet service,One year,Yes,Mailed check,22.48,1403.93,No
9788-YKXL,Male,0,No,Yes,34,Yes,No,DSL,Yes,Yes,Yes,Yes,Yes,No,Two year,Yes,Mailed check,75.59,2591.51,No
9789-CKKP,Female,1,No,No,38,Yes,No,DSL,No,Yes,No,No,No,No,One year,No,Bank transfer (automatic),56.48,2118.85,No
9790-JTOJ,Female,1,No,Yes,39,Yes,No,Fiber optic,Yes,Yes,No,Yes,No,No,One year,No,Bank transfer (automatic),90.58,3612.41,No
9791-TUEV,Male,0,Yes,No,54,Yes,Yes,No,No internet service,No internet service,No internet service,No internet service,No internet service,No internet service,Month-to-month,Yes,Mailed check,22.09,1192.73,No
9792-YIVE,Female,0,Yes,Yes,4,Yes,No,No,No internet service,No internet service,No internet service,No internet service,No internet service,No internet service,Month-to-month,Yes,Mailed check,19.54,77.80,Yes
9793-RLGJ,Female,0,Yes,No,60,Yes,No,DSL,No,No,Yes,Yes,No,No,Month-to-month,No,Credit card (automatic),60.91,3663.19,No
9794-FHCU,Male,0,Yes,Yes,59,Yes,Yes,Fiber optic,No,No,No,Yes,Yes,No,One year,No,Electronic check,88.79,5359.62,No
9795-FYYL,Female,0,Yes,Yes,72,Yes,Yes,No,No internet service,No internet service,No internet service,No internet service,No internet service,No internet service,Two year,Yes,Mailed check,23.55,1676.71,No
9796-HBML,Female,0,Yes,No,43,Yes,No,No,No internet service,No internet service,No internet service,No internet service,No internet service,No internet service,One year,Yes,Electronic check,19.02,821.51,No
9797-CITO,Female,0,Yes,No,33,Yes,No,DSL,No,Yes,Yes,No,Yes,No,Two year,No,Electronic check,61.66,2035.63,Yes
9798-XGZS,Female,0,No,No,35,Yes,No,No,No internet service,No internet service,No internet service,No internet service,No internet service,No internet service,One year,No,Electronic check,20.57,737.20,No
9799-HZGF,Male,0,Yes,No,45,Yes,Yes,No,No internet service,No internet service,No internet service,No internet service,No internet service,No internet service,One year,Yes,Electronic check,26.81,1184.38,No
9800-ULVT,Female,1,Yes,No,22,Yes,Yes,Fiber optic,No,No,No,Yes,No,No,Month-to-month,Yes,Mailed check,84.82,1886.72,No
9801-FHWS,Male,0,Yes,No,56,Yes,No,DSL,No,Yes,No,No,No,No,One year,Yes,Bank transfer (automatic),51.23,2896.35,No
9802-ZNTP,Female,0,Yes,Yes,32,Yes,Yes,DSL,No,No,No,No,Yes,Yes,Month-to-month,Yes,Credit card (automatic),64.29,2006.58,Yes
9803-YIYE,Male,0,No,Yes,21,Yes,Yes,Fiber optic,Yes,Yes,Yes,Yes,Yes,Yes,Month-to-month,Yes,Credit card (automatic),117.37,2481.21,Yes
9804-NOKM,Male,1,No,No,53,Yes,No,No,No internet service,No internet service,No internet service,No internet service,No internet service,No internet service,One year,Yes,Credit card (automatic),21.42,1150.87,No
9805-RJEX,Female,0,Yes,No,25,Yes,No,Fiber optic,Yes,No,Yes,No,No,No,One year,Yes,Mailed check,79.35,2004.57,No
9806-IUPC,Male,0,No,Yes,6,Yes,No,No,No internet service,No internet service,No internet service,No internet service,No internet service,No internet service,Two year,No,Mailed check,22.45,133.76,No
9807-GTFS,Male,0,Yes,No,38,Yes,Yes,Fiber optic,No,Yes,Yes,Yes,No,No,Month-to-month,Yes,Mailed check,97.99,3747.76,Yes
9808-GTPV,Female,0,No,No,37,Yes,No,No,No internet service,No internet service,No internet service,No internet service,No internet service,No internet service,Month-to-month,Yes,Credit card (automatic),21.37,769.04,No
9809-QCUZ,Male,1,No,No,21,Yes,No,No,No internet service,No internet service,No internet service,No internet service,No internet service,No internet service,Month-to-month,Yes,Bank transfer (automatic),21.57,446.30,Yes
9810-KXKF,Female,0,No,Yes,3,Yes,No,DSL,Yes,No,Yes,No,No,Yes,Month-to-month,Yes,Bank transfer (automatic),59.06,176.20,Yes
9811-WIFI,Male,0,Yes,No,35,Yes,Yes,DSL,No,Yes,No,Yes,No,No,Month-to-month,Yes,Electronic check,58.73,2044.88,Yes
9812-ORWR,Male,0,No,No,56,Yes,No,No,No internet service,No internet service,No internet service,No internet service,No internet service,No internet service,Month-to-month,Yes,Credit card (automatic),18.25,1009.75,No
9813-TBDF,Female,0,No,No,58,Yes,No,Fiber optic,Yes,No,Yes,No,No,No,Two year,Yes,Mailed check,83.59,4968.42,No
9814-RSSJ,Male,0,No,No,16,Yes,No,DSL,Yes,Yes,Yes,No,No,Yes,Month-to-month,Yes,Bank transfer (automatic),70.35,1146.96,Yes
9815-ALYN,Male,0,Yes,Yes,31,Yes,No,Fiber optic,No,Yes,Yes,No,Yes,No,Two year,Yes,Credit card (automatic),88.58,2792.08,No
9816-RAVL,Female,0,Yes,No,66,Yes,Yes,DSL,Yes,No,No,Yes,No,Yes,Month-to-month,No,Electronic check,78.26,5240.14,No
9817-CVWR,Female,0,Yes,No,25,Yes,No,Fiber optic,Yes,Yes,No,No,No,Yes,One year,Yes,Electronic check,92.59,2303.76,No
9818-LOAF,Male,1,Yes,No,35,Yes,Yes,No,No internet service,No internet service,No internet service,No internet service,No internet service,No internet service,One year,No,Credit card (automatic),28.87,1005.78,No
9819-KWSG,Female,1,No,No,49,Yes,Yes,DSL,Yes,No,Yes,No,No,No,Month-to-month,Yes,Electronic check,66.18,3242.14,No
9820-QWRA,Female,1,Yes,No,33,Yes,Yes,DSL,No,Yes,Yes,No,No,Yes,Month-to-month,Yes,Electronic check,72.04,2390.75,Yes
9821-XKFF,Female,0,Yes,Yes,61,Yes,No,Fiber optic,No,No,Yes,Yes,Yes,Yes,One year,Yes,Credit card (automatic),96.5,5922.80,No
9822-FJYF,Male,0,No,Yes,26,Yes,No,Fiber optic,Yes,No,Yes,No,Yes,No,Month-to-month,Yes,Mailed check,93.04,2431.68,No
9823-MCHJ,Female,0,No,No,36,Yes,Yes,DSL,No,Yes,No,Yes,No,Yes,Month-to-month,No,Credit card (automatic),66.21,2413.91,Yes
9824-OWSX,Female,1,No,No,38,Yes,No,Fiber optic,Yes,No,Yes,Yes,No,Yes,One year,No,Credit card (automatic),99.84,3817.87,No
9825-QJYR,Female,0,No,No,54,Yes,No,Fiber optic,No,Yes,No,No,No,Yes,Month-to-month,Yes,Electronic check,82.05,4522.69,Yes
9826-PMZE,Male,0,No,No,25,Yes,No,No,No internet service,No internet service,No internet service,No internet service,No internet service,No internet service,Two year,No,Electronic check,18.25,449.21,No
9827-VGYW,Female,0,No,No,20,No,No phone service,Fiber optic,No,Yes,Yes,No,No,No,Month-to-month,No,Electronic check,88.25,1810.96,Yes
9828-FHSQ,Female,0,Yes,No,26,Yes,No,DSL,Yes,Yes,Yes,Yes,No,No,Month-to-month,Yes,Electronic check,75.86,1970.75,No
9829-WGIX,Male,1,Yes,No,17,Yes,No,DSL,No,No,Yes,Yes,No,No,One year,Yes,Electronic check,61.74,1074.57,No
9830-VVSV,Female,0,No,No,15,Yes,No,DSL,No,Yes,No,Yes,Yes,Yes,One year,No,Credit card (automatic),64.25,954.31,No
9831-KTLS,Female,0,Yes,Yes,59,Yes,Yes,DSL,Yes,No,Yes,Yes,No,Yes,Month-to-month,No,Credit card (automatic),79.73,4581.94,No
9832-UCIE,Male,0,Yes,No,25,Yes,No,DSL,No,Yes,Yes,No,Yes,No,Month-to-month,Yes,Mailed check,65.98,1634.47,Yes
9833-QBCY,Female,0,No,No,20,Yes,Yes,No,No internet service,No internet service,No internet service,No internet service,No internet service,No internet service,Month-to-month,No,Mailed check,21.69,445.42,No
9834-ZIKU,Male,0,Yes,No,59,Yes,Yes,No,No internet service,No internet service,No internet service,No internet service,No internet service,No internet service,Month-to-month,No,Mailed check,24.91,1467.13,No
9835-OZGG,Female,1,Yes,No,57,Yes,Yes,DSL,Yes,No,Yes,Yes,No,No,Month-to-month,No,Credit card (automatic),69.48,4017.76,Yes
9836-ZOBC,Female,0,Yes,Yes,18,Yes,No,No,No internet service,No internet service,No internet service,No internet service,No internet service,No internet service,Month-to-month,No,Electronic check,20.86,378.49,No
9837-QHSJ,Female,0,Yes,No,22,Yes,Yes,Fiber optic,Yes,No,No,Yes,Yes,No,Month-to-month,Yes,Electronic check,97.12,2090.66,Yes
9838-SNNI,Male,0,No,Yes,60,Yes,No,Fiber optic,Yes,No,Yes,No,Yes,No,One year,Yes,Electronic check,90.67,5577.48,No
9839-QNVG,Female,0,Yes,Yes,21,Yes,No,No,No internet service,No internet service,No internet service,No internet service,No internet service,No internet service,Month-to-month,No,Bank transfer (automatic),19.23,402.74,No
9840-IQCZ,Male,0,No,No,63,Yes,Yes,DSL,Yes,No,No,Yes,Yes,Yes,Month-to-month,Yes,Bank transfer (automatic),77.18,4994.89,No
9841-UMPN,Female,0,Yes,No,45,Yes,No,Fiber optic,Yes,No,Yes,Yes,No,Yes,Two year,No,Credit card (automatic),94.51,4187.21,No
9842-MNGH,Female,1,No,No,48,No,No phone service,DSL,No,Yes,No,Yes,No,No,Month-to-month,Yes,Electronic check,54.0,2520.28,Yes
9843-DQSF,Male,0,Yes,No,39,Yes,No,No,No internet service,No internet service,No internet service,No internet service,No internet service,No internet service,Month-to-month,Yes,Mailed check,19.87,780.51,No
9844-OOCX,Male,0,Yes,Yes,3,Yes,Yes,DSL,No,No,No,No,Yes,No,Month-to-month,No,Electronic check,56.24,171.63,Yes
9845-SHZG,Male,0,No,No,60,Yes,No,Fiber optic,Yes,Yes,No,Yes,No,No,Month-to-month,No,Electronic check,96.37,5720.74,Yes
9846-AXZA,Female,0,Yes,Yes,41,Yes,No,DSL,Yes,No,Yes,No,Yes,Yes,Month-to-month,Yes,Credit card (automatic),69.24,2859.41,No
9847-JOHG,Male,0,No,No,13,Yes,No,Fiber optic,No,Yes,No,No,Yes,Yes,Two year,No,Mailed check,88.78,1132.83,Yes
9848-EZDQ,Male,1,Yes,No,60,Yes,No,Fiber optic,Yes,No,Yes,No,Yes,No,Month-to-month,No,Bank transfer (automatic),86.89,5241.00,No
9849-TZYD,Male,0,Yes,No,22,Yes,No,Fiber optic,No,Yes,Yes,No,No,Yes,Month-to-month,Yes,Mailed check,85.84,1852.77,Yes
9850-TUKL,Male,1,Yes,No,27,No,No phone service,DSL,No,No,No,No,No,Yes,Month-to-month,No,Mailed check,55.57,1457.52,No
9851-IDHK,Male,0,No,No,47,Yes,Yes,DSL,No,No,Yes,Yes,Yes,No,Month-to-month,No,Electronic check,77.55,3590.61,No
9852-RMHJ,Male,0,Yes,No,21,Yes,No,DSL,Yes,Yes,No,Yes,Yes,No,Month-to-month,No,Credit card (automatic),70.51,1480.66,Yes
9853-TOZH,Male,0,Yes,No,1,Yes,Yes,DSL,Yes,Yes,Yes,Yes,No,No,Two year,Yes,Electronic check,73.32,74.58,No
9854-ZEXF,Female,0,No,No,24,Yes,Yes,DSL,Yes,No,Yes,No,No,Yes,Month-to-month,No,Bank transfer (automatic),77.8,1856.15,Yes
9855-TSTJ,Male,1,Yes,No,50,Yes,Yes,Fiber optic,Yes,No,Yes,No,Yes,No,One year,Yes,Credit card (automatic),98.14,4859.11,No
9856-ZKLJ,Female,0,No,Yes,31,Yes,Yes,Fiber optic,Yes,No,No,Yes,No,Yes,Month-to-month,Yes,Electronic check,91.91,2868.43,Yes
9857-TCKY,Female,0,No,No,52,Yes,Yes,No,No internet service,No internet service,No internet service,No internet service,No internet service,No internet service,One year,No,Mailed check,30.27,1613.07,No
9858-SIGT,Female,0,No,No,6,Yes,No,Fiber optic,No,No,No,Yes,Yes,Yes,Two year,No,Bank transfer (automatic),87.26,538.70,No
9859-IKMW,Male,1,Yes,Yes,19,Yes,No,DSL,Yes,No,No,No,No,Yes,Month-to-month,Yes,Electronic check,53.19,997.50,No
9860-DLVX,Male,0,Yes,No,18,Yes,Yes,No,No internet service,No internet service,No internet service,No internet service,No internet service,No internet service,Month-to-month,Yes,Electronic check,24.46,444.08,Yes
9861-SLIG,Female,0,No,Yes,5,No,No phone service,DSL,No,No,No,No,Yes,Yes,Month-to-month,Yes,Electronic check,55.99,288.30,Yes
9862-XDFM,Female,0,No,No,47,Yes,Yes,No,No internet service,No internet service,No internet service,No internet service,No internet service,No internet service,Month-to-month,No,Electronic check,26.98,1280.33,Yes
9863-KOAU,Female,1,Yes,No,16,Yes,Yes,Fiber optic,No,No,No,Yes,No,No,Month-to-month,No,Electronic check,78.12,1217.30,Yes
9864-DRTL,Male,0,No,No,35,Yes,No,DSL,No,Yes,No,No,Yes,No,Month-to-month,Yes,Bank transfer (automatic),57.05,2015.60,Yes
9865-DZJV,Male,0,No,No,72,Yes,Yes,No,No internet service,No internet service,No internet service,No internet service,No internet service,No internet service,Month-to-month,No,Electronic check,27.29,1920.24,No
9866-KVFA,Male,1,Yes,No,18,Yes,Yes,Fiber optic,Yes,Yes,Yes,No,Yes,No,Month-to-month,Yes,Bank transfer (automatic),107.44,1972.92,Yes
9867-CFKK,Male,0,Yes,No,15,Yes,No,No,No internet service,No internet service,No internet service,No internet service,No internet service,No internet service,Month-to-month,Yes,Mailed check,22.49,338.61,No
9868-NUHZ,Female,0,No,No,68,Yes,Yes,Fiber optic,Yes,Yes,Yes,Yes,No,No,Month-to-month,No,Mailed check,101.63,7060.67,No
9869-KYJO,Male,0,No,No,26,Yes,Yes,Fiber optic,Yes,Yes,Yes,No,No,Yes,One year,No,Electronic check,106.16,2797.15,No
9870-SCLT,Male,0,No,No,22,Yes,Yes,Fiber optic,Yes,Yes,Yes,No,No,Yes,Month-to-month,Yes,Bank transfer (automatic),99.91,2166.53,Yes
9871-SVMF,Female,0,Yes,No,52,Yes,No,Fiber optic,No,Yes,No,No,Yes,No,Month-to-month,Yes,Bank transfer (automatic),84.74,4480.68,Yes
9872-MHRX,Female,0,Yes,No,10,Yes,No,No,No internet service,No internet service,No internet service,No internet service,No internet service,No internet service,Month-to-month,No,Electronic check,18.5,186.19,Yes
9873-HXDT,Male,0,Yes,No,28,Yes,No,DSL,No,No,Yes,No,Yes,Yes,One year,No,Credit card (automatic),68.02,1918.52,No
9874-WROZ,Male,0,Yes,Yes,15,Yes,No,Fiber optic,No,Yes,No,No,Yes,No,Month-to-month,Yes,Bank transfer (automatic),78.89,1208.97,No
9875-IPXF,Female,0,No,No,65,Yes,No,DSL,Yes,No,Yes,Yes,No,No,Two year,Yes,Bank transfer (automatic),60.17,3893.06,No
9876-KPXX,Female,0,Yes,No,22,Yes,No,Fiber optic,Yes,Yes,No,Yes,No,No,One year,No,Mailed check,90.2,2033.41,Yes
9877-QZPV,Female,0,Yes,No,41,Yes,Yes,DSL,Yes,Yes,Yes,No,No,Yes,Month-to-month,No,Electronic check,81.67,3342.23,No
9878-ZUTS,Female,0,No,No,38,Yes,No,Fiber optic,Yes,No,Yes,Yes,No,Yes,Month-to-month,Yes,Mailed check,94.45,3498.10,Yes
9879-IFFN,Female,0,Yes,Yes,36,Yes,No,Fiber optic,Yes,No,Yes,No,Yes,No,Two year,No,Electronic check,87.07,3160.64,No
9880-AXKX,Male,0,Yes,No,5,Yes,Yes,Fiber optic,Yes,Yes,Yes,Yes,Yes,Yes,Month-to-month,Yes,Mailed check,114.49,561.06,Yes
9881-FYLH,Male,0,No,No,19,Yes,No,No,No internet service,No internet service,No internet service,No internet service,No internet service,No internet service,One year,Yes,Credit card (automatic),21.61,412.72,No
9882-HWBB,Female,0,Yes,Yes,62,Yes,Yes,DSL,Yes,Yes,Yes,Yes,No,No,One year,Yes,Mailed check,72.45,4429.65,No
9883-TQIJ,Male,0,No,No,40,Yes,Yes,Fiber optic,Yes,Yes,Yes,No,Yes,Yes,Month-to-month,No,Electronic check,109.42,4392.76,Yes
9884-RYZF,Male,1,Yes,No,64,No,No phone service,Fiber optic,No,No,No,No,Yes,Yes,One year,Yes,Mailed check,90.02,5917.96,No
9885-LJXB,Male,0,Yes,No,41,Yes,No,Fiber optic,Yes,No,No,No,No,Yes,Month-to-month,Yes,Mailed check,80.82,3405.19,No
9886-ZBGG,Female,0,No,Yes,23,Yes,No,Fiber optic,No,Yes,Yes,Yes,No,Yes,One year,No,Credit card (automatic),92.06,2089.99,No
9887-ZTKD,Male,0,Yes,No,25,No,No phone service,DSL,No,No,No,Yes,No,No,Two year,Yes,Mailed check,54.25,1333.40,No
9888-KNYU,Male,0,No,No,56,Yes,No,Fiber optic,No,Yes,Yes,Yes,No,No,Two year,No,Credit card (automatic),87.81,4912.46,No
9889-XHGP,Male,0,Yes,No,18,Yes,No,DSL,Yes,Yes,No,No,Yes,No,Month-to-month,Yes,Mailed check,59.87,1064.70,No
9890-HOPV,Male,0,No,Yes,44,Yes,No,DSL,No,No,No,Yes,No,No,Two year,Yes,Electronic check,51.37,2282.33,No
9891-PDJC,Female,1,Yes,Yes,68,Yes,No,No,No internet service,No internet service,No internet service,No internet service,No internet service,No internet service,One year,Yes,Bank transfer (automatic),20.66,1387.38,No
9892-WXDX,Male,0,No,No,61,Yes,No,No,No internet service,No internet service,No internet service,No internet service,No internet service,No internet service,Month-to-month,No,Electronic check,18.25,1106.45,No
9893-JEHG,Female,0,No,Yes,28,Yes,Yes,Fiber optic,Yes,Yes,No,Yes,No,Yes,Month-to-month,Yes,Credit card (automatic),102.57,2825.46,Yes
9894-UKBS,Male,0,Yes,Yes,20,Yes,Yes,DSL,No,Yes,Yes,No,No,Yes,Month-to-month,Yes,Credit card (automatic),73.06,1473.62,Yes
9895-OSUV,Female,0,Yes,No,45,Yes,No,DSL,Yes,Yes,Yes,Yes,No,Yes,Two year,No,Mailed check,73.16,3263.45,No
9896-NAIC,Female,1,No,No,44,Yes,No,Fiber optic,No,No,No,Yes,Yes,No,One year,No,Electronic check,87.22,3741.05,No
9897-AOMT,Female,0,No,No,53,Yes,Yes,Fiber optic,No,No,Yes,Yes,No,No,Two year,Yes,Electronic check,92.75,5059.93,No
9898-JPPU,Female,0,Yes,Yes,6,Yes,Yes,No,No internet service,No internet service,No internet service,No internet service,No internet service,No internet service,Two year,Yes,Bank transfer (automatic),25.44,148.07,No
9899-OSJH,Male,0,No,No,39,Yes,No,Fiber optic,Yes,No,Yes,No,Yes,No,Two year,Yes,Electronic check,88.67,3465.14,No
9900-RNJX,Female,0,Yes,No,1,Yes,No,Fiber optic,Yes,Yes,Yes,Yes,Yes,No,Two year,Yes,Mailed check,105.73,104.00,No
9901-IWEY,Female,0,Yes,No,72,Yes,No,DSL,No,Yes,Yes,No,Yes,No,Month-to-month,Yes,Credit card (automatic),67.07,4849.48,Yes
9902-FSJG,Female,0,No,Yes,63,Yes,Yes,Fiber optic,No,Yes,No,Yes,No,No,Month-to-month,Yes,Bank transfer (automatic),88.8,5671.61,Yes
9903-ZKAS,Female,0,Yes,Yes,54,Yes,No,Fiber optic,No,No,Yes,No,No,No,Month-to-month,No,Electronic check,75.37,3958.41,No
9904-OJEA,Female,0,Yes,No,22,Yes,Yes,Fiber optic,No,No,No,No,Yes,Yes,One year,Yes,Bank transfer (automatic),89.85,1985.24,No
9905-SFLH,Female,0,No,Yes,54,Yes,Yes,Fiber optic,Yes,Yes,Yes,Yes,Yes,No,One year,No,Electronic check,105.85,5718.61,No
9906-BVSD,Female,0,No,No,33,Yes,No,DSL,Yes,No,No,No,Yes,No,Two year,No,Electronic check,57.95,1903.81,No
9907-WUDI,Female,0,Yes,Yes,47,Yes,No,No,No internet service,No internet service,No internet service,No internet service,No internet service,No internet service,One year,Yes,Mailed check,19.93,943.35,No
9908-AFQK,Male,0,Yes,Yes,17,Yes,Yes,No,No internet service,No internet service,No internet service,No internet service,No internet service,No internet service,One year,Yes,Mailed check,24.55,429.64,No
9909-KUOT,Male,0,Yes,No,35,Yes,Yes,Fiber optic,No,No,No,Yes,No,Yes,Two year,Yes,Bank transfer (automatic),84.92,3038.20,No
9910-VPRE,Male,0,No,No,64,Yes,No,DSL,No,No,Yes,Yes,Yes,No,Two year,Yes,Credit card (automatic),63.14,4038.54,No
9911-MUST,Male,1,Yes,No,14,Yes,Yes,DSL,No,No,No,No,No,No,Month-to-month,No,Electronic check,47.12,662.29,Yes
9912-MMRE,Male,0,No,No,28,Yes,No,DSL,No,No,Yes,No,Yes,No,Month-to-month,No,Bank transfer (automatic),57.7,1630.79,No
9913-ZERC,Male,0,No,Yes,21,Yes,Yes,Fiber optic,No,Yes,No,No,No,Yes,Two year,No,Electronic check,89.09,1921.35,No
9914-XOTH,Male,0,No,No,13,Yes,No,DSL,No,Yes,Yes,No,Yes,No,One year,No,Electronic check,65.15,832.65,No
9915-YQSM,Male,0,Yes,Yes,29,Yes,Yes,No,No internet service,No internet service,No internet service,No internet service,No internet service,No internet service,Month-to-month,No,Credit card (automatic),24.65,733.57,No
9916-GNAU,Female,1,Yes,No,44,Yes,Yes,Fiber optic,No,No,Yes,No,Yes,Yes,Month-to-month,Yes,Electronic check,99.89,4377.82,Yes
9917-VYDE,Female,0,Yes,No,4,No,No phone service,Fiber optic,No,No,No,No,Yes,No,One year,No,Electronic check,79.82,327.67,Yes
9918-YXHA,Female,0,Yes,No,15,Yes,No,No,No internet service,No internet service,No internet service,No internet service,No internet service,No internet service,Two year,No,Mailed check,18.25,270.93,No
9919-EQDW,Male,1,Yes,Yes,59,Yes,No,Fiber optic,No,Yes,No,Yes,No,No,Two year,Yes,Mailed check,87.13,5223.26,No
9920-LYVA,Male,0,No,No,19,Yes,No,Fiber optic,No,No,No,No,Yes,Yes,Month-to-month,No,Mailed check,86.52,1625.80,No
9921-MJFU,Female,0,Yes,No,25,No,No phone service,No,No internet service,No internet service,No internet service,No internet service,No internet service,No internet service,Two year,Yes,Bank transfer (automatic),20.32,507.66,No
9922-JCQS,Male,0,Yes,No,49,Yes,Yes,Fiber optic,No,No,No,No,Yes,No,Two year,No,Bank transfer (automatic),82.71,3976.24,No
9923-MNYH,Female,0,No,Yes,54,Yes,Yes,Fiber optic,No,Yes,Yes,Yes,Yes,No,One year,No,Bank transfer (automatic),102.5,5559.43,No
9924-XLFC,Male,0,No,No,70,Yes,No,Fiber optic,Yes,No,No,No,Yes,No,One year,Yes,Bank transfer (automatic),83.6,6009.70,No
9925-NHSF,Male,0,Yes,No,12,Yes,No,Fiber optic,No,No,Yes,Yes,No,No,Month-to-month,Yes,Mailed check,81.05,993.79,Yes
9926-WSNY,Female,0,No,No,55,Yes,No,Fiber optic,Yes,Yes,No,Yes,No,No,Month-to-month,Yes,Mailed check,87.45,4903.61,Yes
9927-AVPM,Male,0,No,No,53,Yes,No,Fiber optic,No,No,Yes,No,Yes,No,Month-to-month,No,Electronic check,81.08,4171.44,No
9928-VHIF,Male,0,Yes,No,9,Yes,Yes,DSL,Yes,No,Yes,Yes,Yes,No,Month-to-month,Yes,Credit card (automatic),79.31,703.49,No
9929-BDVC,Female,0,No,No,64,No,No phone service,No,No internet service,No internet service,No internet service,No internet service,No internet service,No internet service,Month-to-month,No,Bank transfer (automatic),20.91,1370.84,Yes
9930-LUIU,Male,0,Yes,No,23,Yes,Yes,Fiber optic,Yes,Yes,Yes,No,Yes,No,One year,Yes,Electronic check,106.0,2465.54,No
9931-BXKV,Female,0,Yes,Yes,31,No,No phone service,No,No internet service,No internet service,No internet service,No internet service,No internet service,No internet service,Month-to-month,Yes,Bank transfer (automatic),22.07,690.14,No
9932-SRSA,Male,0,Yes,Yes,58,Yes,No,DSL,Yes,Yes,Yes,Yes,No,Yes,Two year,No,Mailed check,80.94,4808.79,No
9933-FNRS,Male,0,Yes,No,38,Yes,No,Fiber optic,Yes,No,Yes,Yes,Yes,Yes,Two year,No,Mailed check,104.8,3962.08,No
9934-OZQD,Female,0,No,No,20,Yes,Yes,No,No internet service,No internet service,No internet service,No internet service,No internet service,No internet service,Month-to-month,Yes,Bank transfer (automatic),24.96,492.15,Yes
9935-DYRB,Male,0,No,No,24,Yes,Yes,Fiber optic,No,Yes,No,No,Yes,Yes,Two year,No,Electronic check,94.52,2257.91,No
9936-LMSN,Female,0,Yes,Yes,54,Yes,No,DSL,No,Yes,No,Yes,Yes,No,Month-to-month,No,Credit card (automatic),65.56,3528.94,No
9937-XMMK,Female,0,No,No,14,Yes,No,Fiber optic,Yes,Yes,No,Yes,No,Yes,Two year,No,Mailed check,96.28,1324.22,No
9938-NUUC,Female,0,Yes,No,34,No,No phone service,DSL,No,Yes,No,Yes,No,Yes,One year,Yes,Bank transfer (automatic),66.41,2309.49,Yes
9939-SRXM,Male,0,Yes,No,54,Yes,Yes,Fiber optic,Yes,No,No,Yes,Yes,No,Month-to-month,Yes,Electronic check,95.58,5015.58,Yes
9940-FQWJ,Female,0,No,No,64,Yes,No,DSL,Yes,Yes,Yes,No,No,Yes,One year,Yes,Credit card (automatic),71.73,4628.37,No
9941-HWOK,Female,0,Yes,No,60,Yes,No,DSL,Yes,Yes,Yes,Yes,No,Yes,One year,Yes,Bank transfer (automatic),75.01,4425.17,No
9942-FFAH,Female,0,No,Yes,26,Yes,Yes,DSL,Yes,No,No,Yes,Yes,No,Two year,Yes,Electronic check,71.02,1804.57,No
9943-IUNG,Male,1,Yes,No,15,Yes,Yes,Fiber optic,No,Yes,No,Yes,Yes,Yes,Two year,Yes,Mailed check,103.45,1548.47,No
9944-NRCV,Female,0,No,No,68,No,No phone service,Fiber optic,No,Yes,Yes,Yes,No,Yes,One year,Yes,Electronic check,99.68,6793.94,No
9945-RIOY,Male,0,Yes,No,44,Yes,No,DSL,No,Yes,Yes,No,No,No,One year,No,Mailed check,57.75,2578.67,No
9946-ORNX,Female,1,Yes,Yes,30,Yes,No,Fiber optic,No,No,No,No,No,No,Two year,Yes,Mailed check,71.31,2078.33,No
9947-OUBW,Male,1,No,No,65,Yes,No,Fiber optic,Yes,Yes,No,Yes,Yes,Yes,Two year,Yes,Bank transfer (automatic),106.67,6887.61,No
9948-XYDG,Female,0,No,Yes,53,Yes,No,No,No internet service,No internet service,No internet service,No internet service,No internet service,No internet service,One year,Yes,Bank transfer (automatic),18.25,941.66,No
9949-ZAIB,Female,0,Yes,No,35,Yes,Yes,No,No internet service,No internet service,No internet service,No internet service,No internet service,No internet service,Month-to-month,No,Mailed check,22.98,827.90,No
9950-XKJU,Male,1,No,No,15,Yes,No,No,No internet service,No internet service,No internet service,No internet service,No internet service,No internet service,Two year,No,Electronic check,18.7,286.65,No
9951-CIMB,Female,0,Yes,No,6,Yes,Yes,No,No internet service,No internet service,No internet service,No internet service,No internet service,No internet service,Two year,Yes,Credit card (automatic),24.42,150.68,No
9952-JBKT,Female,0,Yes,No,39,Yes,Yes,Fiber optic,No,Yes,No,Yes,Yes,No,Month-to-month,No,Electronic check,97.64,3791.61,Yes
9953-QLXF,Male,0,Yes,No,9,Yes,No,DSL,Yes,Yes,Yes,No,Yes,No,Two year,No,Electronic check,71.5,633.77,No
9954-YOMH,Male,0,No,No,23,No,No phone service,No,No internet service,No internet service,No internet service,No internet service,No internet service,No internet service,Month-to-month,No,Electronic check,19.04,427.62,No
9955-QYIS,Female,0,No,No,50,Yes,No,Fiber optic,No,Yes,No,No,No,No,One year,Yes,Electronic check,80.15,4077.36,No
9956-JCEH,Male,0,No,No,1,Yes,No,DSL,No,No,No,Yes,Yes,No,Two year,No,Mailed check,61.61,62.58,No
9957-RPWJ,Male,0,No,Yes,72,Yes,No,DSL,Yes,No,Yes,Yes,Yes,Yes,Month-to-month,No,Credit card (automatic),67.74,4801.37,No
9958-AFMF,Female,0,Yes,No,32,Yes,Yes,Fiber optic,No,Yes,Yes,Yes,No,No,One year,No,Mailed check,93.93,3089.22,No
9959-GYWK,Male,0,Yes,No,63,Yes,No,DSL,No,Yes,No,No,No,No,Two year,No,Mailed check,53.1,3345.60,No
9960-NFGW,Female,1,Yes,No,13,Yes,Yes,No,No internet service,No internet service,No internet service,No internet service,No internet service,No internet service,Two year,Yes,Credit card (automatic),24.63,313.89,No
9961-TMIU,Male,0,No,No,34,Yes,No,DSL,Yes,Yes,No,No,Yes,Yes,One year,Yes,Mailed check,72.03,2395.94,No
9962-ZCGQ,Female,1,Yes,No,70,Yes,Yes,DSL,No,No,No,No,No,Yes,Month-to-month,Yes,Bank transfer (automatic),56.26,3871.31,No
9963-FZEI,Male,1,No,Yes,46,Yes,Yes,DSL,No,No,Yes,No,Yes,No,Two year,Yes,Mailed check,65.56,3057.71,No
9964-UOAX,Female,0,No,No,59,Yes,Yes,Fiber optic,No,No,No,No,Yes,Yes,Month-to-month,No,Mailed check,91.29,5380.63,Yes
9965-JTCF,Female,0,No,No,50,Yes,No,Fiber optic,No,No,Yes,Yes,Yes,Yes,One year,No,Mailed check,96.38,4685.10,No
9966-IOJX,Male,0,Yes,No,54,Yes,No,Fiber optic,Yes,Yes,No,No,No,No,One year,Yes,Credit card (automatic),87.54,4690.36,No
9967-GWNR,Male,1,Yes,Yes,27,Yes,Yes,DSL,No,No,No,No,No,Yes,Two year,Yes,Electronic check,61.35,1686.60,No
9968-DGRF,Female,0,No,No,33,Yes,No,No,No internet service,No internet service,No internet service,No internet service,No internet service,No internet service,Month-to-month,Yes,Credit card (automatic),21.47,695.38,Yes
9969-BGPU,Female,0,No,No,4,Yes,No,Fiber optic,Yes,Yes,Yes,No,No,No,One year,Yes,Bank transfer (automatic),91.75,368.42,No
9970-JJDR,Female,1,Yes,Yes,19,Yes,Yes,DSL,No,Yes,No,No,Yes,No,One year,No,Credit card (automatic),60.88,1132.02,No
9971-NMPD,Male,0,No,No,5,Yes,No,DSL,No,No,Yes,No,Yes,Yes,One year,No,Electronic check,58.63,290.23,No
9972-WCPS,Female,1,No,Yes,24,Yes,Yes,Fiber optic,Yes,Yes,Yes,No,Yes,No,One year,Yes,Mailed check,98.18,2286.54,No
9973-ZOZW,Female,0,Yes,No,53,Yes,No,Fiber optic,Yes,Yes,No,Yes,Yes,Yes,Month-to-month,No,Electronic check,105.19,5640.75,No
9974-ZYQH,Male,0,No,Yes,15,Yes,Yes,Fiber optic,Yes,Yes,No,No,No,No,One year,Yes,Electronic check,90.4,1349.72,No
9975-VLVK,Male,0,Yes,Yes,35,Yes,Yes,DSL,No,No,No,Yes,No,Yes,Month-to-month,No,Mailed check,63.72,2179.73,Yes
9976-BWCT,Male,0,No,No,40,Yes,No,No,No internet service,No internet service,No internet service,No internet service,No internet service,No internet service,Two year,Yes,Electronic check,22.69,882.66,No
9977-BKMX,Female,0,Yes,Yes,12,Yes,No,DSL,Yes,Yes,No,Yes,Yes,No,Month-to-month,Yes,Bank transfer (automatic),78.56,929.49,No
9978-CJMQ,Male,1,Yes,Yes,59,Yes,No,DSL,No,No,Yes,No,Yes,No,Two year,Yes,Mailed check,54.22,3289.45,No
9979-PHCF,Male,0,Yes,No,56,No,No phone service,Fiber optic,Yes,No,No,Yes,Yes,No,Month-to-month,Yes,Credit card (automatic),86.47,4920.79,No
9980-BOQP,Female,0,No,Yes,14,Yes,No,Fiber optic,No,Yes,Yes,Yes,Yes,Yes,Month-to-month,Yes,Credit card (automatic),109.15,1520.25,No
9981-FUES,Male,1,No,Yes,3,Yes,No,No,No internet service,No internet service,No internet service,No internet service,No internet service,No internet service,One year,Yes,Electronic check,20.19,59.52,Yes
9982-TCUO,Female,0,Yes,No,1,Yes,No,Fiber optic,Yes,No,No,No,Yes,No,Month-to-month,Yes,Credit card (automatic),82.41,83.73,Yes
9983-AZBE,Female,0,Yes,No,22,Yes,Yes,DSL,Yes,Yes,Yes,Yes,Yes,Yes,One year,Yes,Electronic check,88.91,1932.09,No
9984-MHKJ,Female,1,Yes,No,10,Yes,No,No,No internet service,No internet service,No internet service,No internet service,No internet service,No internet service,One year,Yes,Bank transfer (automatic),21.59,216.10,No
9985-QOST,Female,0,Yes,No,2,Yes,No,Fiber optic,No,Yes,Yes,No,No,No,Month-to-month,Yes,Bank transfer (automatic),77.26,155.44,Yes
9986-FLQV,Female,0,No,No,34,Yes,Yes,Fiber optic,No,Yes,No,No,Yes,Yes,Two year,Yes,Mailed check,100.61,3431.75,No
9987-KVLR,Female,0,Yes,No,38,Yes,No,DSL,No,No,No,No,Yes,Yes,Month-to-month,Yes,Credit card (automatic),57.62,2156.93,No
9988-CZOE,Female,0,No,No,2,Yes,Yes,DSL,No,Yes,Yes,No,No,No,One year,Yes,Mailed check,67.96,139.43,Yes
9989-RSBP,Male,0,No,No,44,Yes,Yes,No,No internet service,No internet service,No internet service,No internet service,No internet service,No internet service,One year,No,Mailed check,26.55,1154.23,No
9990-OIML,Male,0,Yes,No,30,Yes,No,No,No internet service,No internet service,No internet service,No internet service,No internet service,No internet service,One year,Yes,Bank transfer (automatic),22.88,693.25,No
9991-CHEF,Female,0,No,No,15,Yes,Yes,No,No internet service,No internet service,No internet service,No internet service,No internet service,No internet service,Month-to-month,Yes,Electronic check,26.43,394.21,No
9992-KIJF,Male,0,No,No,9,Yes,No,No,No internet service,No internet service,No internet service,No internet service,No internet service,No internet service,One year,Yes,Electronic check,18.25,167.91,No
9993-PJZD,Female,0,No,No,55,Yes,Yes,Fiber optic,Yes,Yes,No,Yes,Yes,Yes,Month-to-month,Yes,Bank transfer (automatic),102.06,5534.24,Yes
9994-CFKL,Female,0,No,Yes,8,No,No phone service,Fiber optic,Yes,Yes,No,No,Yes,No,Month-to-month,Yes,Electronic check,88.71,704.47,Yes
9995-QVSH,Female,0,Yes,No,15,No,No phone service,DSL,Yes,Yes,No,No,No,Yes,Month-to-month,No,Electronic check,60.49,908.29,No
9996-EVOB,Male,0,Yes,No,52,Yes,No,No,No internet service,No internet service,No internet service,No internet service,No internet service,No internet service,Month-to-month,Yes,Electronic check,21.02,1082.76,No
9997-DGWT,Male,0,No,No,46,Yes,No,Fiber optic,No,No,Yes,No,No,Yes,Two year,No,Bank transfer (automatic),79.62,3715.01,No
9998-WYCB,Male,1,Yes,No,72,Yes,No,Fiber optic,No,Yes,No,No,Yes,No,One year,Yes,Electronic check,83.34,6123.49,No
9999-PVDO,Female,0,No,Yes,3,Yes,No,Fiber optic,Yes,Yes,No,Yes,Yes,No,Month-to-month,Yes,Bank transfer (automatic),101.62,312.38,No
10000-SLFH,Female,0,No,Yes,15,No,No phone service,DSL,No,No,No,Yes,Yes,No,Two year,Yes,Bank transfer (automatic),62.18,931.58,No
10001-NJWW,Female,0,Yes,No,48,Yes,Yes,No,No internet service,No internet service,No internet service,No internet service,No internet service,No internet service,One year,Yes,Mailed check,27.63,1321.98,No
10002-FZHT,Female,0,Yes,No,17,Yes,No,No,No internet service,No internet service,No internet service,No internet service,No internet service,No internet service,Month-to-month,Yes,Credit card (automatic),21.28,364.68,Yes
10003-RBQR,Female,1,Yes,No,28,Yes,No,Fiber optic,Yes,Yes,No,No,Yes,No,Two year,Yes,Bank transfer (automatic),89.2,2549.14,Yes
10004-KDIY,Female,0,No,Yes,22,Yes,No,DSL,Yes,No,No,No,No,Yes,Two year,Yes,Electronic check,58.02,1268.99,No
10005-AJBS,Male,0,Yes,Yes,59,Yes,No,No,No internet service,No internet service,No internet service,No internet service,No internet service,No internet service,Month-to-month,Yes,Credit card (automatic),18.25,1057.04,No
10006-MMUS,Female,0,Yes,No,57,Yes,Yes,Fiber optic,Yes,No,No,No,No,Yes,One year,Yes,Electronic check,87.9,4902.53,No
10007-ZMYD,Male,0,No,Yes,59,Yes,Yes,Fiber optic,Yes,Yes,Yes,No,No,Yes,Month-to-month,Yes,Mailed check,101.73,5865.81,Yes
10008-PBJD,Female,0,No,No,37,Yes,No,No,No internet service,No internet service,No internet service,No internet service,No internet service,No internet service,Month-to-month,Yes,Mailed check,22.55,832.85,Yes
10009-OLKP,Female,1,No,No,36,Yes,No,Fiber optic,No,No,Yes,No,Yes,Yes,Month-to-month,No,Bank transfer (automatic),91.19,3218.02,No
10010-SJVX,Male,0,No,No,42,No,No phone service,Fiber optic,No,Yes,No,No,No,No,Month-to-month,No,Mailed check,71.69,3050.10,Yes
10011-KUBQ,Female,0,Yes,No,5,Yes,Yes,Fiber optic,No,No,No,No,Yes,No,Month-to-month,Yes,Mailed check,80.9,393.94,Yes
10012-YMON,Male,0,No,No,40,Yes,No,Fiber optic,No,Yes,Yes,Yes,No,Yes,Month-to-month,Yes,Bank transfer (automatic),100.95,4073.47,No
10013-FBDI,Female,0,No,No,20,Yes,No,DSL,No,Yes,No,No,No,Yes,Month-to-month,Yes,Mailed check,61.71,1199.83,Yes
10014-GXWE,Male,0,Yes,No,68,Yes,Yes,DSL,No,No,Yes,Yes,No,Yes,Two year,No,Electronic check,71.38,4745.29,No
10015-FQIQ,Male,0,Yes,No,14,Yes,Yes,Fiber optic,No,No,No,Yes,Yes,No,Month-to-month,Yes,Bank transfer (automatic),90.9,1238.18,No
10016-YGCH,Female,0,Yes,No,3,Yes,Yes,DSL,Yes,No,Yes,No,No,No,Two year,Yes,Electronic check,58.08,178.82,No
10017-DGNS,Male,0,No,Yes,70,Yes,No,No,No internet service,No internet service,No internet service,No internet service,No internet service,No internet service,One year,Yes,Credit card (automatic),22.86,1596.09,No
10018-UHCQ,Female,1,No,Yes,12,Yes,No,Fiber optic,Yes,No,No,No,No,Yes,Month-to-month,Yes,Bank transfer (automatic),81.31,961.58,Yes
10019-CGFD,Female,0,No,No,38,No,No phone service,Fiber optic,Yes,No,Yes,Yes,No,No,Month-to-month,No,Mailed check,88.93,3462.85,No
10020-DPMI,Male,1,No,No,28,Yes,No,DSL,Yes,No,No,No,Yes,Yes,One year,Yes,Electronic check,64.91,1766.73,No
10021-VKST,Male,0,Yes,No,20,Yes,No,Fiber optic,Yes,Yes,Yes,Yes,Yes,No,Month-to-month,Yes,Electronic check,102.4,2097.79,Yes
10022-KDYW,Male,0,No,No,36,Yes,Yes,Fiber optic,Yes,No,Yes,No,Yes,Yes,One year,No,Bank transfer (automatic),103.67,3791.07,Yes
10023-CORC,Male,1,No,No,53,Yes,No,Fiber optic,No,No,Yes,Yes,Yes,Yes,Month-to-month,Yes,Credit card (automatic),97.08,5080.84,No
10024-ZMQF,Male,0,No,No,9,Yes,Yes,DSL,No,Yes,No,Yes,Yes,No,Month-to-month,No,Bank transfer (automatic),69.82,643.35,No
10025-CDQY,Female,0,Yes,No,48,Yes,No,Fiber optic,No,Yes,Yes,Yes,Yes,Yes,One year,Yes,Bank transfer (automatic),107.62,5285.81,No
10026-LLDL,Male,0,No,Yes,65,Yes,No,No,No internet service,No internet service,No internet service,No internet service,No internet service,No internet service,Month-to-month,No,Electronic check,22.43,1495.74,No
10027-ZKGE,Female,0,No,No,21,No,No phone service,Fiber optic,Yes,No,No,No,Yes,Yes,Month-to-month,Yes,Electronic check,83.75,1790.84,No
10028-VWTN,Male,1,Yes,Yes,49,Yes,No,Fiber optic,No,Yes,Yes,Yes,Yes,Yes,Month-to-month,No,Credit card (automatic),102.33,4925.93,No
10029-XECR,Female,0,No,Yes,67,Yes,Yes,Fiber optic,No,No,No,Yes,Yes,Yes,Month-to-month,No,Mailed check,98.01,6579.34,No
10030-HSKE,Female,1,Yes,Yes,68,Yes,No,Fiber optic,Yes,No,No,No,Yes,No,Two year,Yes,Credit card (automatic),80.41,5580.70,No
10031-ZYHQ,Male,0,Yes,No,47,Yes,Yes,Fiber optic,Yes,Yes,Yes,No,No,No,One year,Yes,Electronic check,97.32,4452.90,No
10032-HLON,Female,0,No,No,68,Yes,Yes,Fiber optic,Yes,No,No,Yes,Yes,Yes,Two year,No,Bank transfer (automatic),101.96,6989.96,No
10033-TPQZ,Male,0,Yes,No,56,Yes,Yes,DSL,No,No,No,Yes,Yes,No,Two year,No,Mailed check,62.55,3589.94,No
10034-ZYDB,Male,1,No,No,37,Yes,No,DSL,Yes,Yes,No,No,Yes,No,Two year,Yes,Credit card (automatic),71.1,2657.38,No
10035-BZQD,Female,0,No,No,10,Yes,Yes,Fiber optic,No,No,No,Yes,Yes,No,Month-to-month,Yes,Electronic check,94.91,948.30,Yes
10036-ZBFA,Female,1,Yes,No,62,No,No phone service,No,No internet service,No internet service,No internet service,No internet service,No internet service,No internet service,One year,Yes,Electronic check,22.58,1420.25,Yes
10037-SYRS,Male,0,Yes,Yes,21,Yes,Yes,Fiber optic,Yes,Yes,Yes,No,Yes,No,Two year,Yes,Mailed check,100.06,2108.21,No
10038-DGQG,Male,0,Yes,No,54,Yes,Yes,Fiber optic,No,Yes,Yes,Yes,Yes,Yes,Two year,No,Bank transfer (automatic),104.39,5590.86,No
10039-GJVO,Male,0,Yes,No,47,Yes,No,No,No internet service,No internet service,No internet service,No internet service,No internet service,No internet service,Two year,Yes,Electronic check,21.15,976.18,No
10040-BTDD,Male,0,No,No,26,Yes,Yes,Fiber optic,No,Yes,Yes,Yes,Yes,No,Month-to-month,Yes,Credit card (automatic),104.68,2684.55,Yes
10041-OZTW,Male,1,Yes,Yes,56,Yes,Yes,DSL,No,No,Yes,Yes,No,Yes,Month-to-month,Yes,Credit card (automatic),72.16,4109.50,Yes
10042-GQCF,Male,0,No,Yes,48,Yes,Yes,DSL,Yes,Yes,No,No,No,Yes,Month-to-month,No,Electronic check,73.28,3587.57,Yes
10043-PJAX,Female,0,Yes,No,54,Yes,Yes,No,No internet service,No internet service,No internet service,No internet service,No internet service,No internet service,Month-to-month,Yes,Credit card (automatic),24.09,1300.27,No
10044-LRZO,Male,0,Yes,No,69,Yes,Yes,Fiber optic,No,Yes,No,Yes,Yes,Yes,Month-to-month,No,Credit card (automatic),104.69,7126.51,Yes
10045-MLRI,Female,0,No,No,20,Yes,Yes,Fiber optic,Yes,Yes,Yes,Yes,No,Yes,Month-to-month,No,Electronic check,108.61,2160.71,Yes
10046-DTES,Female,0,No,No,56,Yes,No,Fiber optic,No,Yes,Yes,Yes,No,No,Month-to-month,No,Credit card (automatic),88.57,4949.40,No
10047-TOZZ,Female,1,No,No,3,Yes,Yes,Fiber optic,No,No,Yes,Yes,No,Yes,Month-to-month,Yes,Mailed check,94.6,277.50,Yes
10048-TZBD,Male,0,No,No,52,Yes,Yes,Fiber optic,Yes,Yes,No,Yes,No,Yes,One year,No,Credit card (automatic),96.85,4935.98,No
10049-RICX,Female,0,No,No,12,Yes,No,Fiber optic,Yes,No,Yes,No,No,No,Two year,No,Bank transfer (automatic),83.84,985.60,No
10050-SQET,Female,0,Yes,Yes,16,No,No phone service,DSL,No,Yes,Yes,Yes,No,No,Month-to-month,Yes,Electronic check,61.2,968.70,No
10051-BTQX,Male,0,Yes,No,15,Yes,Yes,DSL,Yes,Yes,Yes,No,Yes,Yes,Two year,No,Bank transfer (automatic),79.55,1159.47,No
10052-HKIQ,Female,0,No,No,60,Yes,No,Fiber optic,Yes,No,Yes,Yes,Yes,Yes,Two year,No,Bank transfer (automatic),108.61,6578.11,No
10053-PCAF,Male,0,Yes,No,27,Yes,No,DSL,Yes,Yes,Yes,No,No,No,Month-to-month,No,Bank transfer (automatic),57.71,1593.93,No
10054-ZKNC,Female,0,No,No,29,Yes,No,No,No internet service,No internet service,No internet service,No internet service,No internet service,No internet service,Two year,Yes,Bank transfer (automatic),19.91,579.08,No
10055-NHHI,Male,0,No,Yes,27,Yes,No,DSL,Yes,Yes,No,No,No,No,Month-to-month,Yes,Bank transfer (automatic),59.17,1597.58,No
10056-HNTL,Female,1,No,No,45,Yes,No,Fiber optic,Yes,No,Yes,No,No,Yes,Month-to-month,Yes,Mailed check,90.41,4130.45,Yes
10057-LTIS,Male,1,No,No,66,No,No phone service,Fiber optic,No,Yes,Yes,No,Yes,No,Month-to-month,No,Electronic check,90.93,5946.12,No
10058-MRRF,Male,0,No,No,49,Yes,No,Fiber optic,No,No,No,No,Yes,Yes,One year,No,Credit card (automatic),80.86,3961.58,Yes
10059-EWDQ,Male,0,Yes,No,8,Yes,No,DSL,No,Yes,Yes,No,No,Yes,Month-to-month,Yes,Credit card (automatic),64.8,511.38,Yes
10060-PPVU,Male,0,No,No,38,Yes,Yes,No,No internet service,No internet service,No internet service,No internet service,No internet service,No internet service,Month-to-month,No,Credit card (automatic),25.96,959.75,No
10061-WHUK,Male,0,No,No,8,Yes,No,Fiber optic,No,No,No,Yes,No,Yes,One year,No,Electronic check,76.69,626.19,Yes
10062-EGLA,Male,0,Yes,No,12,No,No phone service,DSL,Yes,No,No,Yes,Yes,No,Two year,Yes,Mailed check,63.13,760.73,No
10063-IFTD,Male,0,No,Yes,15,Yes,No,DSL,Yes,Yes,No,Yes,Yes,No,Two year,No,Mailed check,68.05,1038.88,No
10064-JSKE,Female,0,Yes,No,51,Yes,No,No,No internet service,No internet service,No internet service,No internet service,No internet service,No internet service,Month-to-month,Yes,Credit card (automatic),20.69,1053.02,No
10065-XVOE,Female,1,Yes,Yes,64,Yes,Yes,Fiber optic,No,No,No,Yes,Yes,No,Two year,Yes,Electronic check,96.3,6282.03,No
10066-KOUD,Female,1,No,No,18,Yes,Yes,Fiber optic,No,No,No,Yes,Yes,Yes,Month-to-month,Yes,Credit card (automatic),100.85,1816.63,No
10067-MSUL,Female,0,No,No,68,Yes,Yes,DSL,Yes,No,No,Yes,No,No,Two year,Yes,Credit card (automatic),63.03,4264.61,No
10068-UELI,Male,0,Yes,No,20,Yes,Yes,Fiber optic,Yes,Yes,Yes,Yes,Yes,No,Month-to-month,Yes,Credit card (automatic),102.72,2011.44,Yes
10069-SHAT,Male,0,No,No,23,Yes,Yes,DSL,Yes,No,No,No,Yes,Yes,Two year,Yes,Electronic check,74.85,1743.16,No
10070-AHEY,Male,0,Yes,No,10,Yes,Yes,DSL,No,Yes,Yes,Yes,Yes,Yes,Month-to-month,No,Credit card (automatic),84.64,855.25,No
10071-KEWH,Male,0,Yes,No,4,Yes,Yes,Fiber optic,No,Yes,Yes,Yes,No,Yes,Month-to-month,No,Mailed check,103.83,424.31,Yes
10072-QZIH,Male,1,Yes,No,45,Yes,Yes,No,No internet service,No internet service,No internet service,No internet service,No internet service,No internet service,Two year,No,Electronic check,28.32,1240.64,No
10073-THGK,Female,0,No,No,30,Yes,No,Fiber optic,Yes,No,No,No,Yes,Yes,One year,Yes,Bank transfer (automatic),83.8,2470.82,No
10074-AXTN,Female,0,Yes,No,9,Yes,Yes,DSL,No,No,Yes,Yes,No,No,One year,No,Credit card (automatic),61.42,537.69,No
10075-YZBC,Female,0,Yes,No,41,Yes,Yes,Fiber optic,Yes,Yes,Yes,No,No,Yes,One year,No,Bank transfer (automatic),106.47,4345.49,No
10076-ZHUP,Male,0,No,Yes,25,Yes,No,No,No internet service,No internet service,No internet service,No internet service,No internet service,No internet service,Month-to-month,No,Bank transfer (automatic),18.25,455.95,No
10077-XYMQ,Female,0,Yes,No,29,Yes,No,Fiber optic,No,Yes,No,No,No,No,Month-to-month,Yes,Credit card (automatic),73.0,2091.74,No
10078-TMIA,Male,0,Yes,No,65,Yes,No,DSL,No,Yes,Yes,Yes,No,No,Month-to-month,Yes,Credit card (automatic),64.2,4091.69,No
10079-FNZE,Male,0,Yes,No,30,Yes,Yes,Fiber optic,Yes,No,Yes,No,Yes,No,One year,Yes,Credit card (automatic),97.53,2864.14,No
10080-UEWB,Male,0,No,No,33,Yes,No,Fiber optic,No,Yes,No,Yes,No,No,Month-to-month,No,Credit card (automatic),79.51,2676.27,Yes
10081-NAPX,Female,0,No,No,50,Yes,No,DSL,No,No,No,Yes,No,No,Month-to-month,No,Mailed check,54.01,2720.89,No
10082-SWFI,Male,0,No,No,65,Yes,Yes,No,No internet service,No internet service,No internet service,No internet service,No internet service,No internet service,Month-to-month,Yes,Mailed check,26.3,1675.25,No
10083-VJLI,Male,0,Yes,Yes,54,Yes,No,DSL,No,Yes,No,Yes,Yes,Yes,Month-to-month,Yes,Mailed check,67.46,3665.28,Yes
10084-ZDTQ,Male,1,Yes,Yes,36,No,No phone service,Fiber optic,Yes,Yes,Yes,No,No,No,Month-to-month,No,Mailed check,86.83,3051.58,Yes
10085-AUZV,Male,0,No,No,23,Yes,Yes,Fiber optic,Yes,No,Yes,No,No,Yes,Month-to-month,No,Credit card (automatic),97.3,2224.96,Yes
10086-WJQJ,Male,0,Yes,No,13,Yes,Yes,Fiber optic,Yes,Yes,Yes,No,No,No,Month-to-month,Yes,Credit card (automatic),95.91,1226.09,Yes
10087-SLFM,Male,0,Yes,No,9,Yes,No,DSL,No,No,Yes,Yes,No,Yes,Two year,Yes,Electronic check,67.87,627.44,No
10088-ZGAG,Male,0,Yes,No,55,Yes,No,Fiber optic,No,No,Yes,No,No,No,Month-to-month,Yes,Credit card (automatic),76.94,4238.77,Yes
10089-WJHL,Male,0,Yes,No,54,No,No phone service,Fiber optic,Yes,No,Yes,No,No,No,Month-to-month,No,Bank transfer (automatic),84.1,4461.70,No
10090-AWNX,Male,0,Yes,No,26,Yes,Yes,No,No internet service,No internet service,No internet service,No internet service,No internet service,No internet service,Month-to-month,Yes,Bank transfer (automatic),24.92,635.80,No
10091-GNIQ,Male,0,No,No,68,Yes,Yes,DSL,No,No,Yes,Yes,No,No,Month-to-month,Yes,Mailed check,65.82,4497.39,No
10092-PVAB,Female,1,No,No,70,Yes,Yes,DSL,No,No,No,No,Yes,No,Two year,Yes,Bank transfer (automatic),59.46,4148.31,No
10093-RFGE,Male,0,No,No,45,Yes,Yes,No,No internet service,No internet service,No internet service,No internet service,No internet service,No internet service,Two year,Yes,Bank transfer (automatic),25.94,1174.31,No
10094-EMTI,Female,0,Yes,No,19,Yes,No,Fiber optic,Yes,No,No,No,Yes,Yes,Month-to-month,Yes,Bank transfer (automatic),91.56,1687.89,No
10095-FJST,Female,1,No,No,37,Yes,No,Fiber optic,No,No,No,Yes,Yes,No,Month-to-month,Yes,Credit card (automatic),87.49,3154.57,Yes
10096-VDQX,Male,0,No,No,60,Yes,Yes,Fiber optic,Yes,No,Yes,Yes,No,Yes,Month-to-month,No,Electronic check,96.6,5666.79,No
10097-BBZZ,Male,0,No,No,37,Yes,Yes,DSL,No,No,Yes,Yes,Yes,Yes,Two year,Yes,Electronic check,69.37,2629.91,No
10098-DXJQ,Male,0,Yes,No,36,Yes,Yes,No,No internet service,No internet service,No internet service,No internet service,No internet service,No internet service,Month-to-month,No,Bank transfer (automatic),25.12,927.26,Yes
10099-HHOO,Male,0,No,Yes,39,Yes,Yes,Fiber optic,Yes,No,Yes,No,Yes,Yes,Month-to-month,No,Mailed check,102.17,4047.12,Yes
10100-LJUI,Male,0,Yes,No,61,Yes,Yes,No,No internet service,No internet service,No internet service,No internet service,No internet service,No internet service,One year,Yes,Mailed check,26.17,1561.70,No
10101-RXRL,Male,0,No,No,30,No,No phone service,Fiber optic,Yes,No,Yes,No,Yes,Yes,One year,Yes,Mailed check,102.42,2991.95,No
10102-ECFC,Male,0,No,No,14,Yes,No,No,No internet service,No internet service,No internet service,No internet service,No internet service,No internet service,Month-to-month,Yes,Bank transfer (automatic),22.69,321.81,Yes
10103-YIJW,Male,1,No,No,37,Yes,No,DSL,No,Yes,Yes,Yes,No,No,Month-to-month,Yes,Electronic check,66.79,2503.99,Yes
10104-SWJV,Female,0,No,No,46,Yes,No,DSL,Yes,No,Yes,No,Yes,No,One year,No,Mailed check,63.92,2896.36,No
10105-HVEP,Male,0,No,No,68,Yes,Yes,Fiber optic,No,No,Yes,Yes,Yes,Yes,One year,No,Bank transfer (automatic),105.61,7102.19,No
10106-CCTX,Female,0,No,No,9,No,No phone service,No,No internet service,No internet service,No internet service,No internet service,No internet service,No internet service,Month-to-month,Yes,Mailed check,18.73,173.02,Yes
10107-YRBK,Male,0,Yes,Yes,68,Yes,No,Fiber optic,Yes,No,No,No,Yes,Yes,Two year,No,Electronic check,88.48,5845.15,No
10108-YBKH,Female,0,Yes,No,58,Yes,Yes,Fiber optic,Yes,Yes,No,No,Yes,Yes,Month-to-month,No,Credit card (automatic),104.84,6074.76,Yes
10109-LVMW,Male,0,No,No,52,Yes,No,DSL,No,Yes,Yes,Yes,Yes,Yes,Month-to-month,Yes,Mailed check,76.7,4062.39,No
10110-TDUF,Female,1,No,No,17,Yes,Yes,Fiber optic,No,Yes,No,No,Yes,Yes,One year,Yes,Credit card (automatic),95.48,1576.44,Yes
10111-OHDV,Female,0,No,Yes,15,Yes,No,Fiber optic,Yes,No,No,No,No,Yes,One year,No,Credit card (automatic),85.95,1278.60,No
10112-BEKG,Male,0,Yes,Yes,31,Yes,No,Fiber optic,No,Yes,No,No,No,No,Two year,Yes,Electronic check,71.83,2244.27,No
10113-TIRX,Female,0,No,No,14,Yes,Yes,Fiber optic,No,No,No,Yes,Yes,No,Month-to-month,No,Bank transfer (automatic),91.41,1317.27,Yes
10114-UIXD,Male,0,Yes,Yes,48,Yes,Yes,DSL,No,No,No,Yes,No,Yes,Two year,Yes,Electronic check,66.9,3169.42,No
10115-ZRWG,Male,0,Yes,Yes,55,Yes,Yes,Fiber optic,No,Yes,No,No,No,Yes,Month-to-month,Yes,Electronic check,89.9,4896.66,Yes
10116-CVNR,Female,0,Yes,No,35,Yes,Yes,DSL,Yes,No,Yes,No,No,No,Month-to-month,Yes,Mailed check,64.97,2263.81,No
10117-MSUK,Female,0,Yes,No,50,Yes,No,DSL,No,Yes,Yes,No,Yes,Yes,Two year,Yes,Mailed check,69.27,3489.68,No
10118-FXDF,Male,0,No,No,57,Yes,No,DSL,Yes,No,Yes,Yes,Yes,Yes,Month-to-month,Yes,Credit card (automatic),82.06,4814.06,No
10119-OOVZ,Female,0,Yes,No,66,Yes,No,No,No internet service,No internet service,No internet service,No internet service,No internet service,No internet service,Two year,Yes,Bank transfer (automatic),20.33,1367.86,No
10120-OLAG,Female,0,Yes,No,50,Yes,Yes,DSL,No,No,Yes,Yes,No,No,Two year,No,Bank transfer (automatic),59.96,3037.64,No
10121-LJAW,Female,0,No,No,17,No,No phone service,DSL,Yes,Yes,Yes,No,Yes,No,One year,Yes,Credit card (automatic),70.47,1209.86,No
10122-FEWU,Male,0,Yes,No,10,Yes,No,Fiber optic,Yes,No,No,No,No,No,Month-to-month,Yes,Electronic check,81.04,798.12,Yes
10123-YREB,Female,0,Yes,Yes,68,Yes,No,Fiber optic,Yes,Yes,Yes,No,No,No,Month-to-month,No,Mailed check,88.21,6008.53,No
10124-HTCO,Male,0,Yes,No,56,Yes,No,No,No internet service,No internet service,No internet service,No internet service,No internet service,No internet service,Two year,No,Bank transfer (automatic),19.54,1073.06,No
10125-LBXH,Female,0,Yes,No,62,Yes,Yes,Fiber optic,Yes,Yes,No,Yes,Yes,Yes,Month-to-month,No,Bank transfer (automatic),107.64,6836.07,No
10126-DITI,Female,1,No,Yes,31,Yes,No,Fiber optic,Yes,No,Yes,Yes,Yes,No,Month-to-month,Yes,Credit card (automatic),93.9,2852.81,Yes
10127-GDZY,Female,0,Yes,No,12,Yes,Yes,DSL,No,No,No,No,No,Yes,Month-to-month,Yes,Credit card (automatic),59.6,707.70,No
10128-YCYA,Female,0,Yes,No,44,Yes,No,DSL,Yes,No,No,No,No,Yes,Month-to-month,Yes,Bank transfer (automatic),56.64,2559.56,Yes
10129-EVTZ,Female,1,Yes,No,47,Yes,No,DSL,Yes,Yes,No,No,No,No,Month-to-month,Yes,Electronic check,59.58,2839.16,Yes
10130-QIXE,Male,0,Yes,No,16,Yes,Yes,Fiber optic,No,Yes,Yes,No,Yes,Yes,Month-to-month,Yes,Electronic check,107.17,1725.19,Yes
10131-HZPN,Male,0,Yes,No,34,Yes,No,DSL,Yes,Yes,No,No,No,Yes,Two year,No,Bank transfer (automatic),67.94,2291.44,No
10132-CMBO,Female,0,Yes,No,31,Yes,No,No,No internet service,No internet service,No internet service,No internet service,No internet service,No internet service,Month-to-month,No,Bank transfer (automatic),19.32,610.57,No
10133-BVPF,Male,0,Yes,No,19,Yes,Yes,No,No internet service,No internet service,No internet service,No internet service,No internet service,No internet service,One year,No,Electronic check,25.57,472.09,No
10134-DQBQ,Female,0,Yes,Yes,59,Yes,No,Fiber optic,Yes,No,No,Yes,Yes,No,One year,Yes,Mailed check,92.09,5560.64,No
10135-OQVR,Male,1,No,Yes,35,Yes,Yes,Fiber optic,Yes,No,Yes,No,Yes,No,Two year,No,Credit card (automatic),98.08,3499.53,No
10136-GCUF,Female,0,Yes,Yes,67,Yes,No,No,No internet service,No internet service,No internet service,No internet service,No internet service,No internet service,Month-to-month,No,Electronic check,18.25,1254.31,No
10137-XKTY,Male,0,Yes,No,1,Yes,Yes,DSL,No,Yes,Yes,Yes,No,Yes,Two year,Yes,Mailed check,76.9,74.89,No
10138-ISJQ,Male,0,No,Yes,68,Yes,No,No,No internet service,No internet service,No internet service,No internet service,No internet service,No internet service,Month-to-month,Yes,Bank transfer (automatic),18.25,1262.51,No
10139-UCCM,Male,1,Yes,Yes,48,Yes,No,Fiber optic,No,Yes,No,No,Yes,No,Two year,No,Credit card (automatic),86.31,4022.07,No
10140-IDON,Male,0,No,No,51,No,No phone service,Fiber optic,Yes,No,No,Yes,Yes,No,Two year,Yes,Electronic check,85.82,4448.32,No
10141-CJQE,Male,1,Yes,No,21,Yes,No,DSL,Yes,No,No,No,No,Yes,Two year,Yes,Credit card (automatic),58.07,1203.42,No
10142-ACWQ,Male,0,Yes,No,6,Yes,No,Fiber optic,No,No,Yes,Yes,Yes,No,Month-to-month,No,Electronic check,86.65,504.50,Yes
10143-UJPQ,Female,0,No,No,17,Yes,No,DSL,Yes,Yes,Yes,Yes,Yes,Yes,Month-to-month,Yes,Electronic check,82.74,1369.38,No
10144-ZFNS,Female,0,Yes,Yes,32,No,No phone service,DSL,No,Yes,No,No,Yes,Yes,Two year,Yes,Electronic check,65.57,2150.64,No
10145-FXEG,Female,0,Yes,No,25,Yes,No,Fiber optic,Yes,Yes,No,Yes,No,No,One year,Yes,Credit card (automatic),85.69,2094.41,No
10146-VFUF,Female,0,No,No,14,Yes,Yes,DSL,Yes,Yes,Yes,Yes,No,Yes,Month-to-month,No,Electronic check,86.54,1200.40,No
10147-OSBN,Female,1,No,No,1,Yes,Yes,DSL,No,Yes,No,Yes,Yes,Yes,Month-to-month,No,Electronic check,82.61,83.57,No
10148-NYIA,Female,0,Yes,No,51,Yes,No,No,No internet service,No internet service,No internet service,No internet service,No internet service,No internet service,Month-to-month,No,Credit card (automatic),19.61,975.38,No
10149-MKIF,Male,0,No,No,49,Yes,Yes,DSL,No,Yes,No,Yes,No,No,One year,No,Credit card (automatic),63.99,3150.23,No
10150-SBFW,Female,0,Yes,Yes,12,Yes,No,Fiber optic,No,No,No,No,No,No,Month-to-month,No,Electronic check,68.74,829.90,Yes
10151-DVAI,Male,0,No,Yes,57,Yes,No,DSL,Yes,No,Yes,Yes,Yes,Yes,Two year,Yes,Credit card (automatic),74.87,4234.20,No
10152-FMIQ,Male,0,Yes,Yes,71,Yes,Yes,Fiber optic,No,Yes,Yes,Yes,Yes,No,One year,Yes,Credit card (automatic),102.43,7127.12,No
10153-BGVO,Female,0,No,No,72,Yes,No,No,No internet service,No internet service,No internet service,No internet service,No internet service,No internet service,Two year,No,Electronic check,18.25,1347.65,No
10154-SNXU,Male,0,Yes,Yes,15,Yes,No,Fiber optic,No,No,Yes,Yes,No,No,Month-to-month,Yes,Electronic check,85.36,1273.14,Yes
10155-BKAU,Female,1,No,No,31,Yes,Yes,No,No internet service,No internet service,No internet service,No internet service,No internet service,No internet service,One year,No,Mailed check,24.83,779.73,No
10156-EFZP,Female,0,Yes,Yes,4,Yes,No,Fiber optic,Yes,No,No,No,No,Yes,Two year,Yes,Bank transfer (automatic),78.1,303.31,No
10157-RDMM,Female,0,No,No,1,Yes,Yes,Fiber optic,No,No,Yes,No,Yes,Yes,One year,Yes,Electronic check,95.58,95.51,Yes
10158-QXWI,Female,0,No,No,61,Yes,No,DSL,Yes,Yes,No,Yes,Yes,No,One year,Yes,Bank transfer (automatic),69.0,4317.93,No
10159-EMZJ,Female,1,No,Yes,70,Yes,Yes,No,No internet service,No internet service,No internet service,No internet service,No internet service,No internet service,Month-to-month,No,Credit card (automatic),24.52,1709.52,No
10160-IZBI,Male,0,No,Yes,15,Yes,Yes,No,No internet service,No internet service,No internet service,No internet service,No internet service,No internet service,Month-to-month,No,Mailed check,22.54,347.73,No
10161-YIMR,Female,0,Yes,No,34,Yes,Yes,DSL,Yes,Yes,Yes,Yes,No,No,One year,Yes,Electronic check,73.55,2487.27,No
10162-LEVB,Male,0,No,Yes,2,Yes,No,DSL,Yes,Yes,Yes,No,No,Yes,Month-to-month,Yes,Electronic check,72.61,142.61,Yes
10163-KLQC,Male,0,Yes,Yes,59,Yes,Yes,Fiber optic,No,No,Yes,Yes,Yes,No,Two year,No,Bank transfer (automatic),94.52,5728.99,No
10164-FVAW,Male,1,No,No,40,Yes,No,DSL,No,No,Yes,Yes,Yes,Yes,Two year,Yes,Bank transfer (automatic),67.93,2717.01,Yes
10165-SPFF,Male,1,No,No,22,No,No phone service,DSL,No,Yes,No,Yes,No,Yes,Month-to-month,Yes,Electronic check,62.59,1345.94,Yes
10166-UMFU,Female,0,Yes,No,70,Yes,Yes,No,No internet service,No internet service,No internet service,No internet service,No internet service,No internet service,One year,Yes,Bank transfer (automatic),23.99,1659.75,No
10167-HMPR,Male,0,Yes,No,10,Yes,No,No,No internet service,No internet service,No internet service,No internet service,No internet service,No internet service,One year,Yes,Electronic check,20.9,211.76,No
10168-OQEE,Female,0,No,No,20,Yes,No,Fiber optic,No,No,No,No,Yes,No,One year,Yes,Electronic check,78.66,1597.76,Yes
10169-NCUP,Female,0,No,No,54,Yes,No,DSL,Yes,No,No,Yes,Yes,No,One year,Yes,Mailed check,63.48,3484.96,No
10170-YPWI,Female,1,No,No,30,Yes,No,Fiber optic,No,No,No,Yes,Yes,No,Month-to-month,Yes,Bank transfer (automatic),80.72,2479.10,No
10171-YBNV,Female,0,No,No,51,No,No phone service,No,No internet service,No internet service,No internet service,No internet service,No internet service,No internet service,Month-to-month,Yes,Electronic check,20.58,1029.78,No
10172-GUNL,Male,0,Yes,No,18,Yes,Yes,No,No internet service,No internet service,No internet service,No internet service,No internet service,No internet service,Two year,Yes,Bank transfer (automatic),25.98,468.08,No
10173-DMQK,Male,0,No,No,48,Yes,Yes,No,No internet service,No internet service,No internet service,No internet service,No internet service,No internet service,Month-to-month,Yes,Electronic check,26.53,1310.91,No
10174-ACLH,Female,0,No,No,41,Yes,No,Fiber optic,Yes,Yes,Yes,Yes,No,Yes,Month-to-month,Yes,Electronic check,101.87,4125.08,Yes
10175-HBBB,Female,0,No,No,4,Yes,No,Fiber optic,Yes,Yes,Yes,No,No,Yes,Two year,No,Mailed check,98.83,406.54,No
10176-SDAS,Female,0,No,No,24,Yes,Yes,DSL,Yes,No,Yes,No,No,No,Month-to-month,No,Mailed check,63.92,1493.45,No
10177-HNWW,Male,0,No,No,22,Yes,Yes,No,No internet service,No internet service,No internet service,No internet service,No internet service,No internet service,Two year,No,Bank transfer (automatic),26.76,585.53,No
10178-ULHW,Male,0,No,Yes,43,Yes,Yes,Fiber optic,No,Yes,Yes,No,Yes,Yes,Month-to-month,Yes,Electronic check,101.9,4490.94,Yes
10179-RQCE,Male,0,No,No,32,Yes,No,Fiber optic,No,No,No,No,No,Yes,Month-to-month,Yes,Electronic check,77.52,2406.94,Yes
10180-JARH,Male,1,No,No,35,Yes,Yes,Fiber optic,Yes,No,Yes,No,No,No,One year,No,Credit card (automatic),90.88,3169.37,No
10181-PPCV,Male,0,No,No,13,Yes,No,DSL,No,Yes,No,Yes,No,Yes,Month-to-month,Yes,Electronic check,65.45,870.59,Yes
10182-QXLD,Female,0,Yes,No,67,Yes,No,DSL,No,No,No,No,Yes,Yes,Two year,Yes,Electronic check,62.18,4194.03,No
10183-PAKX,Male,0,Yes,No,54,Yes,No,No,No internet service,No internet service,No internet service,No internet service,No internet service,No internet service,One year,Yes,Mailed check,22.14,1203.37,No
10184-JQBH,Female,0,No,No,49,Yes,No,Fiber optic,Yes,Yes,No,No,Yes,Yes,Month-to-month,No,Electronic check,91.57,4413.04,No
10185-GYTO,Female,0,No,No,20,Yes,No,DSL,Yes,No,Yes,Yes,No,No,Two year,Yes,Bank transfer (automatic),63.33,1277.26,No
10186-GZLR,Female,0,No,Yes,50,Yes,No,Fiber optic,Yes,Yes,Yes,No,No,No,Month-to-month,Yes,Bank transfer (automatic),90.38,4508.27,No
10187-KDYT,Male,0,No,No,17,Yes,No,DSL,Yes,Yes,No,No,No,No,Month-to-month,Yes,Mailed check,57.31,949.53,No
10188-CJPI,Male,0,Yes,No,36,Yes,Yes,Fiber optic,Yes,No,No,Yes,Yes,Yes,Month-to-month,Yes,Mailed check,106.49,3750.03,Yes
10189-REII,Female,1,Yes,Yes,20,Yes,No,Fiber optic,Yes,No,Yes,No,Yes,No,Month-to-month,No,Bank transfer (automatic),90.21,1851.56,Yes
10190-AWRD,Male,0,No,No,22,Yes,Yes,Fiber optic,No,Yes,No,Yes,No,Yes,One year,Yes,Bank transfer (automatic),93.12,2101.69,No
10191-NCNW,Female,0,No,No,47,Yes,No,No,No internet service,No internet service,No internet service,No internet service,No internet service,No internet service,Two year,No,Electronic check,22.25,1017.69,No
10192-KFVI,Female,0,Yes,Yes,23,Yes,No,DSL,Yes,Yes,Yes,No,No,Yes,One year,No,Electronic check,70.68,1595.66,No
10193-SYDT,Male,1,Yes,No,53,No,No phone service,No,No internet service,No internet service,No internet service,No internet service,No internet service,No internet service,One year,Yes,Electronic check,20.44,1053.45,No
10194-WMBJ,Female,0,Yes,No,37,Yes,No,Fiber optic,No,No,No,No,Yes,Yes,Month-to-month,Yes,Bank transfer (automatic),80.09,2910.25,Yes
10195-NBDN,Male,1,Yes,No,71,Yes,Yes,No,No internet service,No internet service,No internet service,No internet service,No internet service,No internet service,One year,Yes,Mailed check,24.94,1774.56,No
10196-EJTB,Male,0,No,Yes,14,Yes,Yes,No,No internet service,No internet service,No internet service,No internet service,No internet service,No internet service,Month-to-month,No,Bank transfer (automatic),26.12,356.97,No
10197-FBOD,Female,0,Yes,No,69,Yes,No,DSL,No,Yes,No,Yes,No,No,One year,Yes,Electronic check,59.73,4237.48,No
10198-FHFS,Female,0,Yes,No,10,Yes,Yes,Fiber optic,No,Yes,No,No,No,Yes,Month-to-month,Yes,Credit card (automatic),90.74,894.70,Yes
10199-XVGW,Male,0,No,No,40,Yes,No,DSL,Yes,Yes,Yes,Yes,No,No,Month-to-month,Yes,Mailed check,66.44,2720.13,No
10200-LYGQ,Female,0,No,Yes,27,Yes,No,Fiber optic,Yes,No,No,Yes,No,No,Month-to-month,Yes,Electronic check,84.39,2300.19,Yes
10201-LUUQ,Female,0,No,Yes,55,Yes,No,DSL,Yes,Yes,No,No,No,Yes,Month-to-month,Yes,Electronic check,71.52,3882.09,No
10202-RFII,Female,0,Yes,No,10,Yes,No,DSL,No,Yes,Yes,Yes,No,Yes,One year,Yes,Credit card (automatic),68.82,691.74,No
10203-RHCW,Male,0,Yes,No,19,Yes,No,No,No internet service,No internet service,No internet service,No internet service,No internet service,No internet service,Month-to-month,Yes,Electronic check,19.42,360.19,No
10204-BRKC,Male,0,Yes,Yes,17,Yes,Yes,No,No internet service,No internet service,No internet service,No internet service,No internet service,No internet service,Month-to-month,No,Electronic check,26.57,459.66,No
10205-WPLS,Female,0,No,No,67,Yes,Yes,Fiber optic,Yes,Yes,No,Yes,Yes,Yes,Month-to-month,Yes,Bank transfer (automatic),109.96,7394.09,No
10206-AUVB,Female,0,Yes,No,39,Yes,No,Fiber optic,No,No,No,No,No,Yes,Month-to-month,No,Credit card (automatic),77.3,3061.63,Yes
10207-ORVA,Female,0,No,No,12,Yes,Yes,No,No internet service,No internet service,No internet service,No internet service,No internet service,No internet service,Month-to-month,Yes,Mailed check,30.94,374.09,No
10208-BLRT,Male,0,No,No,57,Yes,Yes,No,No internet service,No internet service,No internet service,No internet service,No internet service,No internet service,Month-to-month,Yes,Electronic check,25.79,1455.88,Yes
10209-KHCW,Male,0,No,No,21,Yes,Yes,DSL,No,Yes,Yes,Yes,Yes,Yes,One year,Yes,Bank transfer (automatic),84.74,1815.89,No
10210-WXUB,Female,1,Yes,No,17,Yes,No,DSL,Yes,Yes,Yes,No,Yes,Yes,Month-to-month,Yes,Electronic check,75.64,1293.16,Yes
10211-UVHP,Male,0,Yes,No,36,Yes,Yes,No,No internet service,No internet service,No internet service,No internet service,No internet service,No internet service,One year,Yes,Credit card (automatic),28.22,1006.91,No
10212-NHVF,Male,0,No,No,57,Yes,Yes,DSL,No,No,Yes,Yes,Yes,Yes,One year,No,Credit card (automatic),80.31,4573.75,No
10213-VNUV,Female,1,Yes,Yes,61,Yes,Yes,Fiber optic,No,Yes,No,No,No,No,Month-to-month,Yes,Credit card (automatic),86.47,5391.86,Yes
10214-CNEA,Female,0,No,No,2,Yes,No,Fiber optic,No,No,No,No,No,No,Month-to-month,No,Electronic check,70.18,140.31,Yes
10215-ORLO,Male,0,Yes,No,65,Yes,No,Fiber optic,Yes,Yes,Yes,No,Yes,No,Month-to-month,Yes,Credit card (automatic),95.74,6233.17,Yes
10216-KDIH,Male,0,No,No,72,Yes,Yes,DSL,Yes,Yes,No,Yes,Yes,No,Month-to-month,No,Bank transfer (automatic),72.11,5064.71,No
10217-XQHK,Male,0,No,Yes,24,Yes,Yes,Fiber optic,Yes,Yes,Yes,No,Yes,No,Month-to-month,Yes,Electronic check,101.87,2418.95,Yes
10218-ZCSV,Female,0,Yes,No,38,Yes,No,Fiber optic,Yes,No,Yes,No,Yes,Yes,Two year,No,Bank transfer (automatic),103.11,4002.56,No
10219-VOXH,Male,0,No,No,28,Yes,No,No,No internet service,No internet service,No internet service,No internet service,No internet service,No internet service,Month-to-month,No,Credit card (automatic),22.1,630.94,Yes
10220-FPHO,Female,0,No,No,35,Yes,No,Fiber optic,No,Yes,Yes,No,Yes,Yes,Month-to-month,No,Mailed check,93.42,3231.88,Yes
10221-DBCK,Male,0,No,No,47,Yes,No,No,No internet service,No internet service,No internet service,No internet service,No internet service,No internet service,Two year,No,Bank transfer (automatic),20.29,972.45,No
10222-FPNA,Female,0,Yes,No,47,Yes,Yes,DSL,No,No,Yes,Yes,Yes,Yes,One year,Yes,Electronic check,79.34,3806.33,No
10223-BTAN,Female,0,Yes,Yes,35,Yes,No,DSL,No,No,Yes,Yes,Yes,No,Two year,Yes,Bank transfer (automatic),67.17,2284.53,No
10224-OXWE,Female,0,No,Yes,35,Yes,Yes,No,No internet service,No internet service,No internet service,No internet service,No internet service,No internet service,Month-to-month,Yes,Mailed check,25.37,900.06,No
10225-FCBG,Female,0,Yes,No,36,Yes,Yes,DSL,Yes,No,Yes,Yes,Yes,Yes,One year,No,Electronic check,85.41,3110.13,No
10226-MRXT,Female,0,No,Yes,30,Yes,No,DSL,Yes,No,No,Yes,Yes,No,Two year,Yes,Electronic check,63.05,1915.04,No
10227-JILO,Male,0,Yes,No,9,Yes,Yes,DSL,No,No,Yes,Yes,No,Yes,Two year,Yes,Bank transfer (automatic),71.52,635.19,No
10228-TJMA,Female,0,No,No,27,Yes,Yes,Fiber optic,No,Yes,No,Yes,No,No,Month-to-month,Yes,Electronic check,87.17,2311.42,Yes
10229-QCTZ,Female,0,Yes,No,52,Yes,Yes,Fiber optic,Yes,No,No,Yes,No,No,Month-to-month,Yes,Mailed check,91.13,4780.12,Yes
10230-HCEY,Female,0,No,No,71,Yes,Yes,No,No internet service,No internet service,No internet service,No internet service,No internet service,No internet service,Month-to-month,Yes,Credit card (automatic),30.19,2147.88,No
10231-HJMY,Male,1,Yes,No,59,Yes,Yes,DSL,Yes,No,Yes,Yes,Yes,Yes,One year,No,Credit card (automatic),84.63,5018.60,No
10232-NLIB,Female,0,Yes,No,63,Yes,No,DSL,Yes,Yes,Yes,Yes,Yes,Yes,Month-to-month,Yes,Bank transfer (automatic),84.91,5230.89,No
10233-DQBQ,Male,0,Yes,Yes,57,No,No phone service,DSL,No,Yes,Yes,No,No,Yes,Month-to-month,Yes,Electronic check,63.55,3666.96,Yes
10234-CDFU,Female,0,No,Yes,37,Yes,Yes,No,No internet service,No internet service,No internet service,No internet service,No internet service,No internet service,Month-to-month,No,Electronic check,23.97,898.51,Yes
10235-LEGA,Female,1,Yes,No,50,Yes,No,Fiber optic,Yes,No,No,Yes,No,Yes,Month-to-month,Yes,Electronic check,92.66,4597.79,No
10236-WWVZ,Male,0,No,No,61,Yes,No,DSL,No,No,Yes,No,Yes,Yes,Two year,No,Credit card (automatic),67.27,4146.45,No
10237-KYQC,Female,0,Yes,No,17,Yes,Yes,DSL,Yes,Yes,No,Yes,No,Yes,Month-to-month,Yes,Bank transfer (automatic),76.05,1288.42,No
10238-MIAZ,Female,0,No,No,11,Yes,No,DSL,Yes,Yes,No,No,No,Yes,Two year,Yes,Mailed check,65.14,726.75,Yes
10239-OZIT,Male,0,No,No,20,Yes,No,Fiber optic,No,Yes,Yes,Yes,Yes,Yes,Month-to-month,No,Credit card (automatic),103.73,2125.17,Yes
10240-NMFK,Male,1,Yes,Yes,39,Yes,Yes,Fiber optic,No,Yes,Yes,Yes,No,No,One year,Yes,Mailed check,93.04,3552.12,No
10241-MMHN,Male,0,Yes,Yes,57,Yes,No,Fiber optic,Yes,No,Yes,No,Yes,No,Month-to-month,No,Mailed check,86.23,4897.59,Yes
10242-AVLQ,Female,0,Yes,No,33,Yes,Yes,Fiber optic,Yes,Yes,Yes,No,Yes,Yes,Month-to-month,Yes,Electronic check,105.97,3473.83,Yes
10243-FDHH,Female,0,No,No,71,No,No phone service,DSL,No,No,Yes,Yes,No,Yes,Two year,No,Electronic check,72.65,5029.29,No
10244-VTVJ,Female,0,No,No,24,Yes,Yes,Fiber optic,No,Yes,Yes,Yes,Yes,Yes,Month-to-month,Yes,Bank transfer (automatic),107.93,2521.79,No
10245-YTHC,Female,0,Yes,No,34,Yes,No,Fiber optic,Yes,Yes,No,No,Yes,Yes,Month-to-month,Yes,Electronic check,101.74,3421.73,Yes
10246-SPPX,Female,0,No,No,67,Yes,No,DSL,Yes,No,No,Yes,No,Yes,Two year,Yes,Electronic check,71.15,4819.63,No
10247-SDWM,Male,0,No,No,13,Yes,No,Fiber optic,No,Yes,No,Yes,No,No,Month-to-month,No,Credit card (automatic),78.83,1039.36,No
10248-CGZB,Male,0,No,Yes,60,Yes,Yes,No,No internet service,No internet service,No internet service,No internet service,No internet service,No internet service,Two year,Yes,Bank transfer (automatic),27.24,1679.13,No
10249-AXOM,Male,0,No,Yes,11,No,No phone service,Fiber optic,Yes,No,Yes,Yes,No,No,Month-to-month,No,Credit card (automatic),93.49,1009.36,Yes
10250-SVKA,Male,0,No,Yes,66,Yes,No,Fiber optic,No,No,No,No,Yes,No,Month-to-month,No,Electronic check,74.16,4873.52,Yes
10251-QLSS,Female,1,No,Yes,24,Yes,No,Fiber optic,No,Yes,Yes,Yes,Yes,Yes,One year,No,Credit card (automatic),104.66,2521.59,Yes
10252-IFCF,Male,0,No,No,46,Yes,No,DSL,Yes,No,Yes,Yes,No,No,Month-to-month,No,Bank transfer (automatic),62.11,2801.02,No
10253-KFBF,Male,0,Yes,No,52,Yes,Yes,DSL,Yes,Yes,No,No,Yes,No,One year,Yes,Electronic check,78.26,4005.69,No
10254-RWIY,Male,0,No,Yes,28,Yes,No,Fiber optic,No,No,No,Yes,No,No,Two year,Yes,Credit card (automatic),75.39,2103.35,No
10255-JYEF,Male,0,No,Yes,40,Yes,No,DSL,No,No,No,No,Yes,Yes,Month-to-month,Yes,Electronic check,56.49,2230.58,No
10256-LHCK,Male,0,No,Yes,55,No,No phone service,Fiber optic,No,Yes,Yes,No,Yes,Yes,One year,No,Credit card (automatic),95.86,5144.86,No
10257-IESG,Male,0,Yes,Yes,64,Yes,No,Fiber optic,No,Yes,Yes,No,No,No,Month-to-month,Yes,Bank transfer (automatic),80.26,5173.01,No
10258-YKYT,Female,0,No,Yes,8,No,No phone service,DSL,No,No,Yes,Yes,No,No,One year,No,Mailed check,59.62,486.47,Yes
10259-JIOO,Male,0,Yes,Yes,36,Yes,No,No,No internet service,No internet service,No internet service,No internet service,No internet service,No internet service,Month-to-month,Yes,Credit card (automatic),19.33,687.79,Yes
10260-TTNV,Male,0,No,Yes,62,Yes,No,No,No internet service,No internet service,No internet service,No internet service,No internet service,No internet service,Month-to-month,Yes,Electronic check,18.25,1109.48,No
10261-UUAH,Male,0,Yes,No,41,Yes,No,DSL,No,Yes,No,No,No,Yes,Month-to-month,No,Mailed check,58.99,2475.77,No
10262-EQMD,Female,0,No,No,3,Yes,No,Fiber optic,No,Yes,Yes,Yes,No,Yes,One year,Yes,Mailed check,95.86,287.59,Yes
10263-BDSC,Female,0,Yes,Yes,10,Yes,Yes,DSL,Yes,Yes,No,Yes,No,Yes,Month-to-month,Yes,Electronic check,78.2,802.36,No
10264-BZUF,Female,0,Yes,No,59,Yes,No,No,No internet service,No internet service,No internet service,No internet service,No internet service,No internet service,Month-to-month,Yes,Electronic check,21.75,1291.51,No
10265-AWRP,Female,0,Yes,Yes,31,Yes,No,Fiber optic,Yes,No,No,No,No,No,Month-to-month,Yes,Electronic check,76.73,2433.33,Yes
10266-FWUW,Female,0,Yes,No,51,Yes,Yes,Fiber optic,No,Yes,No,Yes,No,No,Month-to-month,Yes,Electronic check,91.7,4780.18,No
10267-LCHP,Female,1,Yes,No,65,Yes,Yes,No,No internet service,No internet service,No internet service,No internet service,No internet service,No internet service,Month-to-month,Yes,Bank transfer (automatic),24.31,1619.06,No
10268-LYMI,Male,0,No,No,7,Yes,No,Fiber optic,No,No,Yes,Yes,No,No,Month-to-month,No,Credit card (automatic),81.41,553.78,Yes
10269-KMLA,Female,0,No,No,33,Yes,Yes,No,No internet service,No internet service,No internet service,No internet service,No internet service,No internet service,Month-to-month,Yes,Bank transfer (automatic),27.69,926.14,No
10270-TCZW,Male,0,No,No,11,No,No phone service,DSL,No,Yes,No,No,No,No,Month-to-month,Yes,Mailed check,52.27,589.78,Yes
10271-MFQB,Male,0,No,Yes,61,Yes,No,DSL,No,No,No,No,No,Yes,Month-to-month,No,Mailed check,53.37,3343.98,No
10272-TOJR,Female,0,Yes,No,33,No,No phone service,Fiber optic,Yes,Yes,Yes,No,Yes,Yes,One year,No,Electronic check,99.71,3388.89,No
10273-XIPN,Male,0,No,No,64,No,No phone service,No,No internet service,No internet service,No internet service,No internet service,No internet service,No internet service,Month-to-month,Yes,Bank transfer (automatic),20.79,1330.47,Yes
10274-ZGMD,Male,0,No,No,22,Yes,No,DSL,No,Yes,No,Yes,Yes,Yes,Month-to-month,No,Credit card (automatic),75.05,1625.05,No
10275-CSPS,Female,0,Yes,Yes,11,Yes,Yes,Fiber optic,Yes,No,No,Yes,No,No,One year,Yes,Mailed check,83.55,939.57,No
10276-SUUG,Male,0,No,No,63,Yes,Yes,No,No internet service,No internet service,No internet service,No internet service,No internet service,No internet service,One year,Yes,Electronic check,25.77,1607.22,No
10277-NWGM,Male,0,No,No,45,Yes,No,DSL,Yes,No,No,Yes,Yes,No,Month-to-month,Yes,Bank transfer (automatic),65.72,2873.44,Yes
10278-YUZK,Female,0,No,No,0,Yes,No,Fiber optic,Yes,Yes,No,No,No,No,Two year,Yes,Bank transfer (automatic),82.59,,No
10279-JYKC,Female,0,No,No,50,Yes,No,DSL,Yes,No,Yes,Yes,Yes,No,Month-to-month,No,Electronic check,75.31,3795.59,Yes
10280-AQHY,Male,0,Yes,No,31,Yes,No,DSL,No,Yes,Yes,No,No,Yes,Month-to-month,No,Electronic check,63.26,2017.68,Yes
10281-IPBP,Female,0,No,No,4,Yes,Yes,DSL,No,No,Yes,Yes,Yes,Yes,Two year,No,Mailed check,79.89,320.06,No
10282-ABLX,Female,1,Yes,No,19,Yes,Yes,No,No internet service,No internet service,No internet service,No internet service,No internet service,No internet service,Month-to-month,No,Electronic check,26.03,504.08,Yes
10283-VFXD,Male,0,No,Yes,55,Yes,Yes,DSL,Yes,Yes,Yes,Yes,No,No,Two year,Yes,Electronic check,74.81,4047.29,No
10284-JGSW,Male,0,Yes,Yes,10,No,No phone service,Fiber optic,No,Yes,Yes,No,Yes,No,One year,Yes,Bank transfer (automatic),90.22,878.80,Yes
10285-JETE,Male,1,No,No,25,Yes,Yes,Fiber optic,Yes,No,Yes,No,No,Yes,Month-to-month,Yes,Credit card (automatic),98.3,2494.76,Yes
10286-IBEB,Male,0,No,No,19,Yes,No,Fiber optic,Yes,Yes,No,Yes,Yes,Yes,Month-to-month,Yes,Bank transfer (automatic),103.27,2006.60,Yes
10287-AEYW,Male,0,Yes,No,53,Yes,Yes,Fiber optic,No,Yes,No,No,Yes,No,Two year,Yes,Electronic check,89.96,4883.49,No
10288-OAFH,Male,0,Yes,No,62,No,No phone service,Fiber optic,Yes,No,No,Yes,Yes,Yes,Two year,Yes,Electronic check,94.48,5941.16,No
10289-YNUF,Male,0,Yes,No,57,Yes,Yes,No,No internet service,No internet service,No internet service,No internet service,No internet service,No internet service,One year,No,Credit card (automatic),28.87,1687.43,No
10290-PPQA,Male,0,No,No,52,Yes,Yes,No,No internet service,No internet service,No internet service,No internet service,No internet service,No internet service,Month-to-month,Yes,Electronic check,22.06,1162.84,No
10291-OLGF,Male,0,No,Yes,7,Yes,No,DSL,Yes,No,Yes,Yes,No,No,One year,No,Credit card (automatic),63.24,432.39,No
10292-ZYKS,Male,0,Yes,No,66,Yes,Yes,Fiber optic,Yes,No,No,Yes,Yes,Yes,Month-to-month,Yes,Mailed check,104.71,7028.24,Yes
10293-HQJH,Male,0,No,No,12,Yes,Yes,Fiber optic,Yes,No,No,Yes,No,Yes,Month-to-month,No,Electronic check,99.76,1171.32,Yes
10294-FJLV,Male,0,No,Yes,30,Yes,No,Fiber optic,No,Yes,Yes,No,Yes,No,Two year,Yes,Electronic check,89.02,2591.05,No
10295-NADM,Female,0,Yes,No,60,Yes,No,Fiber optic,Yes,Yes,Yes,No,No,Yes,Month-to-month,No,Bank transfer (automatic),96.41,5630.74,Yes
10296-XPZX,Male,0,No,Yes,18,Yes,Yes,No,No internet service,No internet service,No internet service,No internet service,No internet service,No internet service,One year,Yes,Electronic check,27.99,489.06,No
10297-KCHK,Female,1,Yes,Yes,16,Yes,No,Fiber optic,Yes,No,No,Yes,No,Yes,Month-to-month,Yes,Credit card (automatic),88.09,1437.46,No
10298-JYDD,Female,0,Yes,No,2,Yes,Yes,Fiber optic,No,No,Yes,Yes,Yes,No,One year,No,Electronic check,100.73,204.39,Yes
10299-RMBP,Female,1,Yes,No,26,No,No phone service,DSL,Yes,Yes,No,Yes,No,Yes,Month-to-month,Yes,Mailed check,64.14,1660.30,No
10300-YELS,Female,0,Yes,Yes,36,Yes,Yes,Fiber optic,No,Yes,Yes,No,Yes,No,Month-to-month,Yes,Mailed check,94.9,3471.80,Yes
10301-WDDO,Male,0,No,No,34,No,No phone service,Fiber optic,Yes,No,Yes,No,No,Yes,Month-to-month,Yes,Bank transfer (automatic),89.67,2976.41,No
10302-RNNR,Female,0,No,Yes,3,Yes,No,Fiber optic,No,No,No,No,Yes,Yes,Two year,Yes,Credit card (automatic),81.71,252.11,No
10303-QWXB,Male,0,Yes,No,15,Yes,Yes,No,No internet service,No internet service,No internet service,No internet service,No internet service,No internet service,Two year,Yes,Credit card (automatic),25.17,381.57,No
10304-DTVK,Male,0,No,No,1,Yes,Yes,No,No internet service,No internet service,No internet service,No internet service,No internet service,No internet service,Month-to-month,Yes,Mailed check,30.65,31.43,Yes
10305-WLQA,Male,1,Yes,No,17,Yes,Yes,No,No internet service,No internet service,No internet service,No internet service,No internet service,No internet service,One year,Yes,Bank transfer (automatic),27.73,477.31,No
10306-XLKJ,Male,0,Yes,No,44,No,No phone service,Fiber optic,Yes,Yes,Yes,Yes,No,Yes,Month-to-month,Yes,Credit card (automatic),100.36,4412.34,Yes
10307-VMOP,Male,0,No,No,1,Yes,Yes,Fiber optic,Yes,Yes,Yes,No,No,No,Month-to-month,No,Bank transfer (automatic),99.28,97.96,Yes
10308-ALQQ,Male,0,No,No,12,Yes,Yes,DSL,Yes,Yes,Yes,No,Yes,No,One year,No,Electronic check,78.04,933.01,Yes
10309-HCDB,Female,0,No,Yes,40,No,No phone service,No,No internet service,No internet service,No internet service,No internet service,No internet service,No internet service,Month-to-month,No,Credit card (automatic),22.16,910.36,No
10310-BGUP,Female,0,Yes,Yes,41,Yes,Yes,Fiber optic,Yes,No,No,Yes,Yes,Yes,Month-to-month,Yes,Mailed check,99.2,4093.59,No
10311-QGXO,Male,1,Yes,No,65,Yes,No,DSL,Yes,Yes,Yes,No,No,No,Month-to-month,No,Mailed check,65.23,4185.24,No
10312-CZUC,Female,0,Yes,No,42,Yes,No,DSL,Yes,Yes,No,No,No,No,One year,No,Electronic check,53.11,2207.55,No
10313-KPLB,Male,0,No,Yes,67,Yes,Yes,No,No internet service,No internet service,No internet service,No internet service,No internet service,No internet service,Two year,No,Credit card (automatic),22.79,1517.51,No
10314-LGYQ,Male,0,Yes,No,53,Yes,Yes,DSL,No,Yes,No,Yes,No,No,Two year,No,Credit card (automatic),63.83,3346.38,No
10315-JQKR,Female,0,No,No,40,Yes,Yes,Fiber optic,No,No,No,No,No,Yes,Two year,Yes,Credit card (automatic),86.01,3370.53,No
10316-IJHH,Female,1,Yes,No,28,Yes,Yes,Fiber optic,No,Yes,Yes,Yes,No,Yes,Two year,No,Electronic check,110.42,3082.83,No
10317-VUEO,Male,1,Yes,No,9,Yes,Yes,DSL,No,Yes,No,Yes,Yes,No,Month-to-month,Yes,Electronic check,67.29,595.57,Yes
10318-LCJQ,Male,0,Yes,No,51,Yes,No,No,No internet service,No internet service,No internet service,No internet service,No internet service,No internet service,Two year,Yes,Electronic check,19.07,972.27,No
10319-PSXQ,Male,1,No,No,68,Yes,No,No,No internet service,No internet service,No internet service,No internet service,No internet service,No internet service,Month-to-month,Yes,Electronic check,21.05,1440.84,No
10320-ZNTY,Male,0,No,No,27,Yes,No,DSL,No,Yes,No,No,No,Yes,Month-to-month,Yes,Electronic check,58.66,1605.73,Yes
10321-TVAX,Male,0,No,Yes,26,Yes,No,DSL,Yes,Yes,Yes,Yes,No,Yes,Two year,No,Mailed check,71.67,1852.35,No
10322-NNYD,Female,0,No,No,8,Yes,No,Fiber optic,Yes,Yes,Yes,No,Yes,No,One year,No,Credit card (automatic),89.03,701.51,No
10323-OLBX,Female,0,No,No,44,Yes,No,DSL,No,Yes,Yes,Yes,Yes,No,One year,No,Mailed check,71.24,3053.30,Yes
10324-ASIY,Male,0,Yes,No,23,Yes,Yes,DSL,Yes,No,No,No,Yes,No,One year,No,Electronic check,67.98,1541.26,No
10325-QXSY,Female,0,No,No,1,Yes,No,No,No internet service,No internet service,No internet service,No internet service,No internet service,No internet service,Two year,Yes,Electronic check,18.25,17.93,No
10326-HBJA,Male,0,No,No,1,Yes,No,DSL,No,Yes,No,Yes,No,No,Month-to-month,No,Bank transfer (automatic),59.29,59.85,No
10327-TQMD,Male,1,No,No,25,Yes,No,Fiber optic,Yes,No,No,Yes,Yes,No,Month-to-month,Yes,Bank transfer (automatic),89.31,2200.52,Yes
10328-HLIX,Male,1,Yes,Yes,34,Yes,No,DSL,Yes,No,Yes,No,No,No,Two year,Yes,Mailed check,58.75,2043.45,Yes
10329-FSLG,Female,0,Yes,No,33,Yes,No,Fiber optic,Yes,Yes,Yes,Yes,No,No,Two year,Yes,Credit card (automatic),99.26,3275.44,No
10330-ILRW,Female,0,No,No,54,Yes,No,Fiber optic,No,No,No,Yes,No,Yes,One year,No,Electronic check,82.46,4326.66,No
10331-GQMM,Female,0,Yes,Yes,39,Yes,No,DSL,Yes,Yes,Yes,Yes,Yes,Yes,Month-to-month,Yes,Bank transfer (automatic),83.53,3207.83,No
10332-VAON,Male,0,Yes,No,57,Yes,Yes,Fiber optic,Yes,Yes,Yes,Yes,Yes,No,Two year,No,Bank transfer (automatic),111.96,6372.59,No
10333-VTRC,Female,0,Yes,No,22,Yes,No,No,No internet service,No internet service,No internet service,No internet service,No internet service,No internet service,Two year,Yes,Credit card (automatic),20.89,450.24,No
10334-LQNR,Male,0,No,No,17,Yes,Yes,Fiber optic,No,No,Yes,Yes,No,No,Month-to-month,Yes,Electronic check,92.42,1568.47,Yes
10335-IUNM,Male,0,Yes,No,39,Yes,Yes,No,No internet service,No internet service,No internet service,No internet service,No internet service,No internet service,One year,No,Mailed check,26.24,1011.73,No
10336-OYIS,Female,0,No,No,8,Yes,Yes,DSL,Yes,No,Yes,Yes,No,Yes,Two year,No,Mailed check,74.68,594.88,No
10337-DNWJ,Male,0,No,No,56,Yes,No,Fiber optic,Yes,Yes,No,Yes,Yes,No,Month-to-month,No,Mailed check,93.23,5367.47,Yes
10338-HESZ,Female,0,No,No,14,Yes,No,No,No internet service,No internet service,No internet service,No internet service,No internet service,No internet service,Month-to-month,Yes,Electronic check,22.06,304.04,No
10339-YUEF,Female,1,Yes,No,66,Yes,Yes,Fiber optic,No,No,No,Yes,No,Yes,Two year,Yes,Mailed check,87.48,5716.21,No
10340-GBID,Female,0,No,Yes,71,Yes,Yes,No,No internet service,No internet service,No internet service,No internet service,No internet service,No internet service,One year,Yes,Electronic check,26.22,1820.04,No
10341-DGRU,Male,0,Yes,Yes,39,Yes,No,Fiber optic,No,No,Yes,No,Yes,No,One year,Yes,Mailed check,78.04,3035.49,No
10342-RHOE,Male,0,Yes,No,23,Yes,No,No,No internet service,No internet service,No internet service,No internet service,No internet service,No internet service,One year,Yes,Credit card (automatic),22.05,500.41,No
10343-WXJS,Female,0,Yes,No,25,Yes,No,DSL,Yes,No,No,No,Yes,No,Month-to-month,Yes,Electronic check,60.9,1515.71,No
10344-TIZI,Female,0,Yes,No,31,Yes,No,DSL,Yes,No,No,Yes,Yes,No,Two year,Yes,Electronic check,64.11,1999.18,Yes
10345-BGME,Female,0,No,Yes,35,Yes,Yes,Fiber optic,Yes,Yes,No,Yes,Yes,No,One year,No,Electronic check,108.31,3822.87,No
10346-UMFH,Female,0,Yes,Yes,6,No,No phone service,No,No internet service,No internet service,No internet service,No internet service,No internet service,No internet service,Month-to-month,Yes,Bank transfer (automatic),20.45,121.57,No
10347-EGDM,Male,0,No,No,15,Yes,No,DSL,No,Yes,No,Yes,Yes,Yes,One year,Yes,Bank transfer (automatic),72.26,1107.75,No
10348-HSRJ,Male,0,Yes,Yes,57,Yes,No,DSL,Yes,No,No,No,No,Yes,Two year,Yes,Electronic check,59.03,3324.21,No
10349-JOBI,Female,0,No,No,4,Yes,Yes,No,No internet service,No internet service,No internet service,No internet service,No internet service,No internet service,One year,Yes,Mailed check,25.65,101.59,No
10350-RYHF,Male,0,No,No,33,Yes,No,Fiber optic,Yes,No,Yes,Yes,No,Yes,Month-to-month,Yes,Electronic check,91.39,3014.18,Yes
10351-SLTO,Female,0,Yes,No,64,Yes,Yes,Fiber optic,No,No,No,No,No,Yes,Month-to-month,No,Bank transfer (automatic),83.01,5462.21,Yes
10352-GFRL,Male,0,No,No,7,Yes,Yes,DSL,Yes,No,No,Yes,No,Yes,Month-to-month,Yes,Electronic check,71.81,510.67,Yes
10353-KZHO,Female,0,Yes,Yes,67,No,No phone service,Fiber optic,No,Yes,Yes,Yes,No,Yes,Month-to-month,No,Bank transfer (automatic),95.45,6475.50,No
10354-YQKS,Female,0,No,No,35,Yes,No,No,No internet service,No internet service,No internet service,No internet service,No internet service,No internet service,Two year,Yes,Mailed check,20.19,702.52,No
10355-MSKY,Male,0,No,Yes,31,Yes,No,Fiber optic,Yes,Yes,No,Yes,Yes,No,Two year,No,Mailed check,100.78,3185.76,No
10356-VEVQ,Male,0,No,No,52,Yes,Yes,DSL,Yes,Yes,No,No,No,No,One year,Yes,Credit card (automatic),64.51,3371.32,No
10357-EHHR,Female,0,Yes,No,56,Yes,No,Fiber optic,Yes,No,Yes,Yes,Yes,Yes,Month-to-month,Yes,Mailed check,103.7,5976.58,Yes
10358-HOVM,Male,0,No,No,35,Yes,Yes,Fiber optic,No,Yes,Yes,No,Yes,No,Month-to-month,Yes,Mailed check,98.31,3538.32,Yes
10359-QQKM,Female,0,No,No,6,Yes,Yes,No,No internet service,No internet service,No internet service,No internet service,No internet service,No internet service,Two year,Yes,Mailed check,30.37,184.27,No
10360-QRVG,Female,0,No,Yes,70,No,No phone service,Fiber optic,No,Yes,Yes,No,Yes,Yes,Month-to-month,Yes,Mailed check,102.35,7242.67,Yes
10361-QBTD,Female,0,Yes,Yes,1,Yes,No,No,No internet service,No internet service,No internet service,No internet service,No internet service,No internet service,One year,Yes,Electronic check,21.45,21.20,No
10362-OMTE,Male,1,Yes,No,63,Yes,No,Fiber optic,No,Yes,No,Yes,No,No,Month-to-month,Yes,Electronic check,84.64,5388.64,Yes
10363-IHJW,Female,1,No,No,32,Yes,Yes,DSL,Yes,Yes,Yes,Yes,Yes,No,Two year,Yes,Mailed check,78.78,2482.61,Yes
10364-ZZGZ,Male,0,No,No,38,Yes,Yes,Fiber optic,Yes,No,Yes,No,Yes,Yes,One year,Yes,Electronic check,102.02,3900.17,No
10365-JIBF,Female,0,No,No,56,Yes,Yes,Fiber optic,No,Yes,No,No,No,Yes,Two year,No,Bank transfer (automatic),89.99,5046.24,No
10366-HYAU,Female,0,No,No,68,Yes,Yes,DSL,Yes,No,Yes,No,Yes,Yes,Two year,No,Electronic check,78.89,5485.23,No
10367-YHTN,Male,0,No,No,11,Yes,No,Fiber optic,Yes,Yes,Yes,Yes,Yes,No,Month-to-month,No,Bank transfer (automatic),97.04,1071.02,No
10368-TDRV,Male,0,Yes,Yes,59,Yes,Yes,DSL,Yes,No,No,Yes,No,Yes,One year,No,Electronic check,75.34,4406.33,No
10369-NWZM,Male,0,No,No,48,No,No phone service,Fiber optic,Yes,No,Yes,Yes,Yes,No,Month-to-month,Yes,Mailed check,94.51,4460.47,Yes
10370-KULG,Female,0,Yes,No,27,No,No phone service,Fiber optic,Yes,Yes,No,No,No,Yes,One year,Yes,Bank transfer (automatic),89.1,2373.77,Yes
10371-EXEC,Male,0,No,No,31,Yes,No,DSL,No,No,No,Yes,No,No,Month-to-month,Yes,Electronic check,47.6,1498.94,No
10372-WUMA,Male,0,Yes,No,56,Yes,No,Fiber optic,Yes,Yes,No,Yes,No,Yes,Month-to-month,No,Bank transfer (automatic),89.6,5127.66,Yes
10373-KEWF,Female,0,No,No,11,Yes,Yes,Fiber optic,Yes,Yes,Yes,No,Yes,Yes,One year,No,Electronic check,112.96,1267.15,Yes
10374-GSVA,Female,1,No,No,37,Yes,No,Fiber optic,Yes,Yes,Yes,Yes,Yes,No,Month-to-month,No,Bank transfer (automatic),105.95,4031.68,Yes
10375-SZOL,Female,0,No,No,52,Yes,Yes,No,No internet service,No internet service,No internet service,No internet service,No internet service,No internet service,Month-to-month,Yes,Credit card (automatic),23.27,1208.91,No
10376-RUNT,Female,0,Yes,No,39,Yes,Yes,No,No internet service,No internet service,No internet service,No internet service,No internet service,No internet service,One year,Yes,Electronic check,29.48,1151.84,No
10377-TXOZ,Female,1,No,No,33,Yes,No,Fiber optic,Yes,No,No,No,Yes,No,Month-to-month,Yes,Electronic check,82.76,2715.59,Yes
10378-WSMY,Female,0,Yes,No,38,Yes,No,Fiber optic,No,No,No,No,No,Yes,Two year,Yes,Credit card (automatic),74.18,2852.54,No
10379-BOPG,Male,0,Yes,Yes,37,Yes,No,Fiber optic,Yes,No,Yes,Yes,No,No,Month-to-month,Yes,Electronic check,93.1,3500.86,Yes
10380-ZILN,Female,0,No,No,58,Yes,Yes,No,No internet service,No internet service,No internet service,No internet service,No internet service,No internet service,Month-to-month,No,Electronic check,25.03,1472.77,No
10381-SUVK,Female,0,No,Yes,60,Yes,No,DSL,No,No,No,No,Yes,No,Month-to-month,No,Electronic check,50.2,2930.61,No
10382-JYNQ,Female,0,Yes,Yes,67,No,No phone service,Fiber optic,No,No,No,Yes,No,No,Two year,Yes,Electronic check,74.88,5038.49,No
10383-KTJF,Female,0,No,No,6,Yes,No,DSL,No,No,Yes,Yes,Yes,No,One year,No,Bank transfer (automatic),58.56,358.30,No
10384-IGOR,Female,0,Yes,Yes,24,Yes,No,No,No internet service,No internet service,No internet service,No internet service,No internet service,No internet service,Month-to-month,Yes,Electronic check,21.24,513.23,No
10385-CFDO,Male,0,No,No,64,Yes,Yes,No,No internet service,No internet service,No internet service,No internet service,No internet service,No internet service,Month-to-month,Yes,Credit card (automatic),28.32,1865.96,No
10386-KWGG,Female,1,No,No,47,No,No phone service,DSL,Yes,Yes,Yes,Yes,No,No,One year,No,Mailed check,74.61,3409.59,No
10387-QRTY,Female,0,No,No,28,Yes,No,Fiber optic,Yes,No,Yes,No,No,Yes,Two year,No,Bank transfer (automatic),85.01,2422.09,No
10388-IUGZ,Male,0,No,No,46,Yes,No,Fiber optic,Yes,Yes,Yes,No,No,Yes,Month-to-month,No,Electronic check,91.62,4118.68,Yes
10389-JZLJ,Female,0,No,No,34,Yes,No,DSL,No,No,Yes,Yes,Yes,No,Two year,Yes,Bank transfer (automatic),60.82,2009.74,No
10390-TMMM,Male,0,No,No,64,Yes,Yes,DSL,Yes,No,No,Yes,No,Yes,One year,Yes,Electronic check,71.94,4646.14,No
10391-SURC,Female,0,Yes,Yes,41,Yes,Yes,No,No internet service,No internet service,No internet service,No internet service,No internet service,No internet service,One year,No,Credit card (automatic),25.04,1007.53,No
10392-ORBH,Female,0,Yes,No,33,Yes,No,DSL,No,Yes,Yes,Yes,Yes,No,Month-to-month,Yes,Credit card (automatic),73.31,2381.45,No
10393-MSYZ,Male,1,No,No,45,Yes,Yes,Fiber optic,Yes,Yes,Yes,Yes,No,No,Month-to-month,No,Electronic check,102.54,4699.81,Yes
10394-OCRG,Male,0,Yes,No,14,Yes,Yes,No,No internet service,No internet service,No internet service,No internet service,No internet service,No internet service,Month-to-month,Yes,Mailed check,27.06,388.67,No
10395-HCNM,Female,0,No,No,56,No,No phone service,DSL,Yes,Yes,No,Yes,No,No,One year,Yes,Mailed check,64.64,3526.94,No
10396-XMDC,Male,0,Yes,No,15,Yes,No,Fiber optic,Yes,Yes,Yes,No,No,No,Month-to-month,No,Mailed check,90.79,1376.29,Yes
10397-OQAU,Female,0,No,Yes,2,Yes,Yes,No,No internet service,No internet service,No internet service,No internet service,No internet service,No internet service,Month-to-month,Yes,Credit card (automatic),27.83,55.09,No
10398-IUQC,Male,0,No,Yes,4,Yes,No,No,No internet service,No internet service,No internet service,No internet service,No internet service,No internet service,Month-to-month,No,Credit card (automatic),18.25,71.90,No
10399-PTVS,Female,0,No,No,5,Yes,No,DSL,Yes,Yes,No,No,Yes,No,Two year,Yes,Bank transfer (automatic),61.59,300.67,No
10400-XMNJ,Female,0,No,No,8,Yes,Yes,DSL,Yes,No,No,No,Yes,No,Month-to-month,No,Bank transfer (automatic),65.74,527.35,No
10401-ZPZB,Female,0,Yes,No,4,Yes,No,Fiber optic,No,No,No,Yes,No,No,Month-to-month,No,Electronic check,76.82,312.38,Yes
10402-OZHP,Male,0,No,No,22,Yes,Yes,DSL,No,Yes,No,No,Yes,No,Month-to-month,No,Electronic check,59.94,1357.49,Yes
10403-MQNA,Female,0,Yes,No,70,No,No phone service,Fiber optic,No,Yes,No,Yes,Yes,Yes,Month-to-month,No,Electronic check,92.32,6304.50,No
10404-TSPD,Male,0,No,No,8,Yes,Yes,DSL,Yes,No,No,Yes,Yes,Yes,One year,Yes,Electronic check,77.81,627.79,No
10405-QXDE,Male,1,No,Yes,49,Yes,No,No,No internet service,No internet service,No internet service,No internet service,No internet service,No internet service,One year,No,Bank transfer (automatic),18.98,933.74,No
10406-WZSV,Male,0,Yes,No,63,Yes,Yes,Fiber optic,Yes,Yes,No,Yes,No,No,One year,No,Electronic check,96.77,6087.44,No
10407-EDNQ,Female,1,Yes,No,59,Yes,Yes,Fiber optic,No,Yes,No,No,Yes,Yes,One year,No,Bank transfer (automatic),96.19,5639.85,No
10408-MYGY,Female,0,Yes,No,27,Yes,No,No,No internet service,No internet service,No internet service,No internet service,No internet service,No internet service,Month-to-month,Yes,Electronic check,21.07,564.45,No
10409-EEUY,Male,0,Yes,No,4,Yes,No,DSL,Yes,Yes,No,Yes,No,Yes,Month-to-month,No,Credit card (automatic),73.42,300.42,Yes
10410-KHOX,Male,0,No,No,27,Yes,No,Fiber optic,No,Yes,Yes,No,Yes,No,One year,Yes,Bank transfer (automatic),91.53,2534.83,No
10411-RKBP,Female,0,Yes,Yes,44,Yes,No,No,No internet service,No internet service,No internet service,No internet service,No internet service,No internet service,Month-to-month,Yes,Mailed check,18.25,813.14,Yes
10412-MDBQ,Male,0,No,No,55,Yes,Yes,Fiber optic,No,Yes,Yes,No,No,Yes,Month-to-month,No,Credit card (automatic),95.94,5330.27,Yes
10413-NLQB,Male,0,No,No,11,Yes,Yes,DSL,Yes,Yes,No,Yes,No,No,Month-to-month,No,Bank transfer (automatic),68.41,738.52,No
10414-IKQI,Female,1,No,Yes,22,Yes,No,No,No internet service,No internet service,No internet service,No internet service,No internet service,No internet service,Month-to-month,Yes,Credit card (automatic),22.7,497.50,Yes
10415-CHYH,Male,0,No,No,44,Yes,No,DSL,No,Yes,No,No,Yes,Yes,Month-to-month,Yes,Bank transfer (automatic),66.44,2879.56,Yes
10416-YANQ,Female,0,Yes,No,52,No,No phone service,Fiber optic,No,Yes,Yes,No,Yes,Yes,Two year,Yes,Electronic check,98.03,4954.19,No
10417-SHNO,Female,0,No,No,23,Yes,No,DSL,Yes,No,Yes,Yes,Yes,Yes,Month-to-month,No,Bank transfer (automatic),79.39,1805.10,Yes
10418-OIOV,Male,0,No,No,60,Yes,No,Fiber optic,Yes,No,Yes,Yes,No,Yes,Two year,Yes,Mailed check,89.84,5310.18,No
10419-RIEF,Male,0,No,No,58,Yes,No,DSL,No,Yes,No,Yes,No,No,Month-to-month,Yes,Credit card (automatic),57.72,3424.82,No
10420-KHHZ,Female,0,Yes,No,26,Yes,Yes,DSL,No,No,Yes,Yes,Yes,No,Month-to-month,Yes,Electronic check,68.92,1797.51,No
10421-FINM,Female,0,Yes,No,39,Yes,No,Fiber optic,Yes,No,No,No,Yes,No,Month-to-month,No,Electronic check,82.92,3160.30,No
10422-YZZZ,Female,0,No,No,35,Yes,Yes,DSL,Yes,Yes,Yes,No,No,Yes,Month-to-month,Yes,Electronic check,73.83,2528.04,Yes
10423-YEHF,Male,0,No,No,49,Yes,Yes,No,No internet service,No internet service,No internet service,No internet service,No internet service,No internet service,Two year,Yes,Mailed check,27.39,1317.59,No
10424-XUMY,Female,0,Yes,Yes,24,Yes,No,Fiber optic,No,No,Yes,Yes,No,No,One year,Yes,Electronic check,82.33,2021.27,No
10425-HVWA,Female,0,No,No,24,Yes,No,Fiber optic,Yes,No,No,No,No,Yes,Two year,No,Bank transfer (automatic),84.2,2059.77,No
10426-DEVU,Male,0,Yes,No,31,Yes,No,DSL,Yes,Yes,Yes,No,No,No,Month-to-month,Yes,Electronic check,63.68,1930.25,No
10427-TPPD,Female,1,No,Yes,16,Yes,No,No,No internet service,No internet service,No internet service,No internet service,No internet service,No internet service,Month-to-month,Yes,Electronic check,18.6,299.41,No
10428-BMKR,Female,0,Yes,No,42,Yes,Yes,Fiber optic,No,Yes,No,No,Yes,Yes,Two year,No,Electronic check,94.42,3985.18,No
10429-URVE,Male,1,Yes,No,69,Yes,No,Fiber optic,Yes,No,Yes,No,No,No,Month-to-month,Yes,Mailed check,83.13,5758.74,Yes
10430-GGDG,Male,0,Yes,Yes,26,Yes,Yes,DSL,Yes,Yes,Yes,Yes,Yes,Yes,Month-to-month,Yes,Electronic check,92.74,2412.90,No
10431-CRMO,Female,0,Yes,No,62,Yes,Yes,No,No internet service,No internet service,No internet service,No internet service,No internet service,No internet service,One year,No,Electronic check,30.65,1867.17,No
10432-GHOW,Male,0,Yes,No,34,Yes,Yes,Fiber optic,No,No,Yes,Yes,Yes,Yes,Month-to-month,Yes,Electronic check,105.46,3537.79,No
10433-XTIQ,Male,0,Yes,No,12,Yes,Yes,DSL,Yes,No,No,Yes,Yes,No,One year,Yes,Bank transfer (automatic),71.65,836.12,Yes
10434-INUF,Male,0,Yes,No,36,Yes,Yes,DSL,Yes,Yes,No,Yes,Yes,No,Two year,Yes,Electronic check,78.51,2795.98,No
10435-XILG,Female,0,No,Yes,36,Yes,Yes,Fiber optic,No,Yes,Yes,Yes,Yes,No,Month-to-month,Yes,Electronic check,97.98,3618.23,Yes
10436-GFEB,Male,0,No,No,2,Yes,Yes,DSL,Yes,Yes,No,Yes,Yes,Yes,Month-to-month,Yes,Electronic check,84.09,170.23,No
10437-EFPI,Female,1,No,No,35,Yes,No,Fiber optic,Yes,No,No,Yes,Yes,Yes,Two year,No,Electronic check,98.62,3496.07,No
10438-ETLV,Female,0,Yes,No,12,Yes,No,DSL,No,Yes,No,No,Yes,No,Two year,Yes,Electronic check,58.15,692.76,No
10439-DQQH,Female,0,Yes,No,58,Yes,Yes,Fiber optic,Yes,Yes,Yes,No,No,Yes,One year,No,Mailed check,100.87,5837.27,No
10440-EVYN,Female,0,No,Yes,39,Yes,No,No,No internet service,No internet service,No internet service,No internet service,No internet service,No internet service,One year,Yes,Bank transfer (automatic),18.36,699.20,No
10441-RNOX,Male,0,No,Yes,22,Yes,Yes,Fiber optic,Yes,Yes,No,Yes,Yes,No,One year,Yes,Bank transfer (automatic),101.38,2269.29,No
10442-TPFL,Male,0,No,No,1,Yes,No,DSL,No,No,No,Yes,No,Yes,Month-to-month,Yes,Electronic check,59.61,60.92,Yes
10443-VMRE,Male,0,No,Yes,42,No,No phone service,Fiber optic,No,Yes,Yes,Yes,Yes,Yes,Month-to-month,No,Bank transfer (automatic),104.11,4263.97,No
10444-RKSV,Female,0,No,No,51,Yes,Yes,No,No internet service,No internet service,No internet service,No internet service,No internet service,No internet service,Month-to-month,Yes,Electronic check,27.05,1383.90,No
10445-HCAC,Female,0,No,No,31,Yes,No,No,No internet service,No internet service,No internet service,No internet service,No internet service,No internet service,Month-to-month,Yes,Mailed check,22.87,693.90,No
10446-YVTI,Male,0,Yes,Yes,66,Yes,Yes,Fiber optic,Yes,No,Yes,No,No,No,Month-to-month,Yes,Bank transfer (automatic),90.75,5869.15,Yes
10447-KKWW,Female,0,No,No,15,Yes,No,No,No internet service,No internet service,No internet service,No internet service,No internet service,No internet service,Month-to-month,Yes,Mailed check,21.85,323.86,No
10448-FZNP,Female,0,No,No,55,Yes,Yes,DSL,Yes,Yes,Yes,No,No,No,Month-to-month,No,Mailed check,71.83,3974.60,No
10449-QTVU,Male,0,No,Yes,36,Yes,No,DSL,Yes,Yes,No,Yes,Yes,No,Month-to-month,Yes,Electronic check,65.26,2377.39,Yes
10450-AVCV,Male,0,Yes,No,23,Yes,Yes,DSL,No,Yes,Yes,No,No,No,One year,Yes,Bank transfer (automatic),61.15,1397.60,No
10451-UHOW,Male,1,Yes,Yes,21,Yes,Yes,DSL,No,No,No,Yes,Yes,No,Month-to-month,No,Mailed check,60.37,1239.50,No
10452-LQOG,Male,0,Yes,No,33,Yes,No,No,No internet service,No internet service,No internet service,No internet service,No internet service,No internet service,Two year,Yes,Bank transfer (automatic),21.52,703.85,No
10453-JALB,Male,0,Yes,No,6,Yes,Yes,DSL,Yes,Yes,No,Yes,Yes,No,One year,Yes,Mailed check,80.79,483.24,No
10454-SLAE,Female,0,No,No,47,No,No phone service,Fiber optic,Yes,Yes,No,Yes,Yes,Yes,Two year,Yes,Credit card (automatic),105.5,4862.22,No
10455-UFMV,Female,0,No,No,30,Yes,Yes,DSL,Yes,No,Yes,Yes,Yes,No,Month-to-month,No,Credit card (automatic),78.96,2409.44,No
10456-UMUY,Female,0,Yes,No,49,Yes,Yes,No,No internet service,No internet service,No internet service,No internet service,No internet service,No internet service,Month-to-month,Yes,Credit card (automatic),23.95,1164.90,No
10457-QVPB,Male,0,No,No,38,Yes,No,No,No internet service,No internet service,No internet service,No internet service,No internet service,No internet service,Two year,No,Electronic check,21.2,811.29,No
10458-YZPE,Female,1,Yes,Yes,71,Yes,No,Fiber optic,No,No,No,No,Yes,No,One year,Yes,Mailed check,73.46,5342.69,Yes
10459-MNYS,Male,1,No,Yes,6,Yes,Yes,Fiber optic,No,Yes,Yes,No,No,No,Month-to-month,Yes,Mailed check,84.89,501.63,Yes
10460-EMVV,Male,0,Yes,Yes,36,Yes,No,No,No internet service,No internet service,No internet service,No internet service,No internet service,No internet service,Two year,No,Electronic check,18.25,668.29,No
10461-SXSL,Female,0,No,No,39,Yes,Yes,No,No internet service,No internet service,No internet service,No internet service,No internet service,No internet service,Month-to-month,No,Credit card (automatic),24.54,968.30,No
10462-XDRW,Female,0,No,No,18,Yes,Yes,Fiber optic,Yes,No,Yes,Yes,No,No,Two year,Yes,Bank transfer (automatic),100.04,1832.42,No
10463-FLDD,Male,0,No,Yes,49,Yes,No,Fiber optic,No,Yes,No,No,Yes,No,Month-to-month,No,Bank transfer (automatic),77.36,3864.15,Yes
10464-PTNZ,Male,0,No,No,27,Yes,No,DSL,Yes,Yes,No,No,Yes,No,One year,No,Credit card (automatic),65.33,1750.94,No
10465-QSMP,Female,0,Yes,No,55,Yes,Yes,Fiber optic,No,Yes,No,Yes,Yes,Yes,Month-to-month,Yes,Bank transfer (automatic),101.67,5753.36,Yes
10466-DNVA,Female,0,No,Yes,67,Yes,Yes,No,No internet service,No internet service,No internet service,No internet service,No internet service,No internet service,Month-to-month,Yes,Credit card (automatic),27.17,1800.01,No
10467-FKBA,Male,0,Yes,Yes,62,Yes,No,DSL,No,No,Yes,No,No,No,Month-to-month,Yes,Bank transfer (automatic),54.43,3388.55,Yes
10468-ACOS,Female,0,Yes,No,46,Yes,Yes,DSL,Yes,Yes,Yes,Yes,Yes,No,Month-to-month,Yes,Electronic check,82.76,3762.83,Yes
10469-PHRI,Female,0,No,Yes,52,Yes,No,DSL,Yes,No,Yes,No,Yes,No,Two year,Yes,Electronic check,71.08,3674.83,Yes
10470-LMZN,Male,1,No,No,63,Yes,Yes,No,No internet service,No internet service,No internet service,No internet service,No internet service,No internet service,Month-to-month,No,Credit card (automatic),28.04,1726.83,No
10471-NCUB,Female,0,No,No,71,Yes,Yes,Fiber optic,No,No,No,No,No,No,Two year,Yes,Mailed check,78.02,5459.94,No
10472-RZNA,Female,0,Yes,No,53,Yes,No,No,No internet service,No internet service,No internet service,No internet service,No internet service,No internet service,Two year,No,Electronic check,22.46,1187.78,No
10473-IADQ,Female,1,No,No,66,Yes,No,Fiber optic,Yes,Yes,No,No,Yes,Yes,Month-to-month,No,Bank transfer (automatic),97.47,6366.26,Yes
10474-IARQ,Male,0,Yes,Yes,70,Yes,No,DSL,Yes,Yes,Yes,No,Yes,Yes,Month-to-month,Yes,Mailed check,72.6,4991.77,No
10475-BHOG,Male,0,No,No,13,Yes,No,Fiber optic,No,No,Yes,No,No,No,Two year,No,Electronic check,74.44,966.95,Yes
10476-FVRB,Female,1,No,No,37,Yes,No,DSL,Yes,Yes,No,No,No,Yes,One year,Yes,Mailed check,65.11,2362.13,No
10477-JVVS,Female,0,No,No,26,Yes,No,Fiber optic,No,No,No,Yes,No,Yes,Two year,Yes,Bank transfer (automatic),84.65,2160.61,No
10478-ZMRS,Male,0,No,No,69,Yes,No,Fiber optic,Yes,No,No,No,No,No,One year,Yes,Bank transfer (automatic),79.0,5516.59,No
10479-CSSC,Female,1,No,Yes,54,Yes,Yes,Fiber optic,No,No,Yes,Yes,Yes,No,Month-to-month,Yes,Credit card (automatic),99.59,5505.85,Yes
10480-NQEX,Female,0,Yes,No,64,Yes,Yes,Fiber optic,No,No,Yes,Yes,No,No,One year,No,Credit card (automatic),94.63,6103.29,No
10481-JBTB,Male,0,No,No,26,Yes,No,Fiber optic,No,No,Yes,No,Yes,Yes,Month-to-month,Yes,Bank transfer (automatic),87.04,2298.76,Yes
10482-FBFZ,Female,1,No,No,61,Yes,No,No,No internet service,No internet service,No internet service,No internet service,No internet service,No internet service,Month-to-month,Yes,Credit card (automatic),22.95,1429.80,No
10483-ZIYE,Male,0,Yes,No,6,Yes,Yes,DSL,Yes,No,Yes,No,No,No,Month-to-month,Yes,Electronic check,64.79,395.06,Yes
10484-NGAK,Male,0,Yes,No,68,Yes,Yes,No,No internet service,No internet service,No internet service,No internet service,No internet service,No internet service,One year,Yes,Credit card (automatic),23.8,1666.51,No
10485-RQJE,Male,0,Yes,No,17,Yes,Yes,Fiber optic,Yes,Yes,No,No,No,Yes,Two year,Yes,Credit card (automatic),94.53,1618.24,No
10486-DUBJ,Male,0,No,No,38,Yes,No,Fiber optic,Yes,No,Yes,No,Yes,Yes,Month-to-month,No,Electronic check,99.9,3684.59,Yes
10487-SHZP,Female,0,No,Yes,52,Yes,No,DSL,No,Yes,No,No,No,No,Month-to-month,No,Credit card (automatic),51.5,2628.87,No
10488-DRTS,Male,0,No,No,54,Yes,Yes,DSL,No,No,No,No,Yes,Yes,Month-to-month,Yes,Mailed check,68.53,3742.50,Yes
10489-KWFP,Female,1,Yes,No,16,Yes,No,Fiber optic,Yes,No,No,No,No,No,Month-to-month,No,Bank transfer (automatic),78.39,1228.00,Yes
10490-YVLB,Male,0,Yes,No,40,Yes,Yes,No,No internet service,No internet service,No internet service,No internet service,No internet service,No internet service,Month-to-month,Yes,Electronic check,26.05,1047.72,No
10491-RVWK,Female,0,No,No,39,Yes,Yes,Fiber optic,No,Yes,Yes,Yes,Yes,Yes,Month-to-month,No,Credit card (automatic),108.99,4195.15,Yes
10492-SKJU,Male,0,Yes,Yes,56,Yes,No,DSL,Yes,No,No,No,No,No,Month-to-month,Yes,Credit card (automatic),52.53,2913.46,No
10493-FHIV,Female,1,Yes,No,24,Yes,No,No,No internet service,No internet service,No internet service,No internet service,No internet service,No internet service,Month-to-month,Yes,Credit card (automatic),18.25,428.99,No
10494-BUIG,Female,0,Yes,Yes,55,Yes,No,No,No internet service,No internet service,No internet service,No internet service,No internet service,No internet service,Month-to-month,No,Electronic check,18.25,1002.78,No
10495-NWGJ,Female,0,Yes,Yes,45,Yes,Yes,Fiber optic,No,No,No,No,No,Yes,Two year,No,Electronic check,85.52,3886.81,No
10496-SDIP,Male,0,Yes,No,55,Yes,No,DSL,No,Yes,Yes,No,Yes,No,Month-to-month,Yes,Mailed check,70.01,3867.22,No
10497-FUNM,Male,0,No,Yes,64,No,No phone service,Fiber optic,No,Yes,No,No,No,No,Month-to-month,Yes,Credit card (automatic),74.97,4891.34,Yes
10498-CVBH,Male,1,Yes,No,31,Yes,No,No,No internet service,No internet service,No internet service,No internet service,No internet service,No internet service,Month-to-month,Yes,Electronic check,20.53,645.19,No
10499-CYZC,Male,1,Yes,No,32,Yes,No,DSL,Yes,No,Yes,No,Yes,Yes,Month-to-month,No,Electronic check,64.98,2077.46,Yes
10500-XVKR,Male,0,No,No,58,Yes,Yes,DSL,Yes,No,No,No,No,No,One year,Yes,Mailed check,61.73,3549.69,No
10501-ADHK,Female,0,No,Yes,57,Yes,No,Fiber optic,Yes,Yes,No,Yes,No,No,One year,No,Credit card (automatic),93.61,5473.23,No
10502-VFTX,Male,0,No,Yes,64,Yes,Yes,Fiber optic,Yes,Yes,Yes,No,No,No,Month-to-month,Yes,Credit card (automatic),96.39,6227.39,Yes
10503-ZTPG,Male,0,No,No,40,No,No phone service,DSL,No,No,Yes,No,Yes,Yes,Month-to-month,No,Credit card (automatic),66.72,2740.10,Yes
10504-PRCI,Male,0,No,No,46,Yes,Yes,Fiber optic,Yes,Yes,Yes,No,No,No,Month-to-month,Yes,Mailed check,96.73,4419.04,Yes
10505-NKKE,Female,0,No,No,5,Yes,No,No,No internet service,No internet service,No internet service,No internet service,No internet service,No internet service,Two year,Yes,Credit card (automatic),18.82,93.95,No
10506-GVWH,Female,0,No,No,33,Yes,Yes,No,No internet service,No internet service,No internet service,No internet service,No internet service,No internet service,Month-to-month,Yes,Credit card (automatic),25.47,833.11,No
10507-PWDZ,Female,1,No,Yes,18,Yes,No,DSL,No,Yes,No,Yes,No,No,Two year,No,Credit card (automatic),59.38,1091.67,No
10508-ORBF,Male,0,No,No,62,No,No phone service,No,No internet service,No internet service,No internet service,No internet service,No internet service,No internet service,Month-to-month,Yes,Mailed check,22.69,1392.70,No
10509-UNJX,Male,0,Yes,No,9,Yes,No,Fiber optic,Yes,No,Yes,No,Yes,No,Month-to-month,Yes,Electronic check,89.1,797.47,Yes
10510-JUZQ,Female,0,Yes,Yes,57,Yes,Yes,DSL,No,Yes,No,No,Yes,No,Month-to-month,No,Bank transfer (automatic),58.89,3334.15,No
10511-PLKY,Female,0,Yes,No,61,No,No phone service,DSL,No,No,No,Yes,Yes,Yes,Month-to-month,Yes,Electronic check,70.31,4400.65,No
10512-DISO,Male,0,Yes,Yes,34,Yes,No,No,No internet service,No internet service,No internet service,No internet service,No internet service,No internet service,One year,No,Mailed check,18.27,620.62,No
10513-VQCJ,Male,0,Yes,Yes,49,Yes,No,DSL,Yes,No,Yes,No,Yes,No,One year,No,Mailed check,64.96,3197.87,No
10514-TYSU,Male,0,No,No,42,Yes,Yes,DSL,No,No,No,Yes,No,Yes,One year,No,Credit card (automatic),63.28,2678.47,No
10515-LYTW,Female,0,No,No,50,Yes,No,Fiber optic,No,No,Yes,No,Yes,Yes,Month-to-month,Yes,Mailed check,91.62,4612.31,No
10516-QHEY,Male,1,Yes,No,50,Yes,Yes,Fiber optic,No,Yes,Yes,Yes,No,No,Month-to-month,Yes,Electronic check,97.92,4998.15,Yes
10517-BLAZ,Female,1,Yes,No,19,Yes,No,DSL,Yes,Yes,No,Yes,Yes,No,Month-to-month,Yes,Bank transfer (automatic),71.53,1345.39,Yes
10518-YNQS,Female,0,Yes,No,50,Yes,Yes,Fiber optic,No,Yes,No,No,Yes,No,Two year,Yes,Electronic check,89.17,4365.30,No
10519-PQJJ,Female,0,No,No,65,Yes,No,Fiber optic,Yes,Yes,No,Yes,Yes,No,Month-to-month,Yes,Electronic check,91.45,5946.98,Yes
10520-JNYE,Female,0,Yes,No,23,Yes,No,No,No internet service,No internet service,No internet service,No internet service,No internet service,No internet service,Two year,No,Electronic check,20.6,486.89,No
10521-CEWU,Male,0,Yes,Yes,23,Yes,Yes,Fiber optic,Yes,No,Yes,Yes,No,No,Two year,No,Bank transfer (automatic),94.26,2131.42,No
10522-KLQW,Female,1,Yes,No,22,Yes,Yes,DSL,Yes,No,No,Yes,Yes,Yes,Month-to-month,No,Electronic check,81.1,1794.02,Yes
10523-VRQH,Male,1,No,No,66,Yes,No,No,No internet service,No internet service,No internet service,No internet service,No internet service,No internet service,Two year,Yes,Bank transfer (automatic),19.79,1331.41,No
10524-WKJX,Male,0,Yes,No,64,Yes,No,Fiber optic,No,Yes,No,No,No,No,One year,Yes,Bank transfer (automatic),72.82,4658.24,No
10525-CVTK,Male,0,No,No,26,Yes,Yes,Fiber optic,No,Yes,No,Yes,No,No,Month-to-month,No,Mailed check,91.66,2424.14,Yes
10526-KVRU,Male,0,No,No,68,Yes,No,DSL,No,Yes,Yes,Yes,No,Yes,One year,Yes,Electronic check,68.21,4670.27,No
10527-WLCU,Male,0,No,No,55,Yes,Yes,Fiber optic,Yes,No,Yes,No,No,Yes,Month-to-month,No,Electronic check,89.54,4870.45,No
10528-FDSH,Male,1,No,Yes,29,Yes,No,DSL,No,No,No,No,No,Yes,Month-to-month,Yes,Mailed check,49.64,1477.06,No
10529-KQUP,Male,0,Yes,No,60,Yes,No,Fiber optic,Yes,Yes,No,No,Yes,No,Month-to-month,Yes,Electronic check,90.6,5361.33,Yes
10530-UPRM,Male,0,Yes,Yes,66,Yes,No,DSL,Yes,No,No,Yes,No,No,One year,Yes,Mailed check,59.13,3891.33,No
10531-GAGR,Male,0,No,No,63,Yes,No,Fiber optic,Yes,No,Yes,No,No,Yes,Month-to-month,No,Bank transfer (automatic),88.72,5716.17,No
10532-SGFY,Male,0,Yes,No,34,Yes,No,DSL,Yes,No,Yes,Yes,Yes,No,Two year,Yes,Mailed check,68.4,2319.26,No
10533-HUHM,Female,0,No,No,16,Yes,No,Fiber optic,Yes,Yes,No,No,Yes,No,Two year,Yes,Mailed check,88.82,1443.46,Yes
10534-ZVOS,Male,1,No,No,13,Yes,Yes,Fiber optic,Yes,No,No,Yes,No,No,One year,No,Credit card (automatic),90.08,1167.02,No
10535-KZJK,Male,0,Yes,No,60,Yes,No,Fiber optic,Yes,No,Yes,No,Yes,Yes,One year,Yes,Bank transfer (automatic),95.65,5741.75,No
10536-AIXT,Male,0,Yes,No,53,Yes,No,No,No internet service,No internet service,No internet service,No internet service,No internet service,No internet service,Two year,Yes,Electronic check,19.65,1061.68,No
10537-SQWX,Male,0,No,Yes,52,Yes,No,Fiber optic,No,No,No,No,Yes,Yes,Month-to-month,No,Electronic check,81.58,4293.42,Yes
10538-SJAP,Female,0,No,Yes,4,Yes,Yes,Fiber optic,Yes,Yes,Yes,Yes,Yes,No,Two year,Yes,Credit card (automatic),105.02,429.01,No
10539-ETGU,Female,0,No,No,70,No,No phone service,Fiber optic,No,No,No,No,No,Yes,Month-to-month,Yes,Credit card (automatic),73.9,5142.94,Yes
10540-IHLD,Female,0,Yes,No,9,Yes,Yes,No,No internet service,No internet service,No internet service,No internet service,No internet service,No internet service,Two year,Yes,Mailed check,26.88,238.72,No
10541-HDWB,Female,0,No,Yes,42,Yes,Yes,No,No internet service,No internet service,No internet service,No internet service,No internet service,No internet service,Month-to-month,No,Credit card (automatic),27.22,1170.74,Yes
10542-FPVU,Male,0,Yes,No,68,Yes,No,Fiber optic,Yes,Yes,Yes,No,No,Yes,One year,No,Bank transfer (automatic),91.46,6120.70,No
10543-OEKD,Female,0,Yes,No,18,Yes,No,No,No internet service,No internet service,No internet service,No internet service,No internet service,No internet service,Two year,No,Electronic check,19.52,342.38,No
10544-IEGD,Male,0,No,No,38,Yes,No,DSL,No,Yes,No,No,Yes,Yes,One year,No,Bank transfer (automatic),64.33,2450.61,No
10545-HQFG,Female,1,No,Yes,61,Yes,Yes,No,No internet service,No internet service,No internet service,No internet service,No internet service,No internet service,Month-to-month,No,Mailed check,26.63,1635.34,No
10546-TFTZ,Male,0,Yes,No,20,Yes,Yes,Fiber optic,Yes,No,Yes,Yes,No,No,Month-to-month,Yes,Bank transfer (automatic),99.96,1946.19,No
10547-MVIU,Female,0,No,Yes,8,Yes,Yes,DSL,No,Yes,Yes,Yes,No,Yes,One year,Yes,Credit card (automatic),76.95,603.32,No
10548-OVZW,Male,0,Yes,Yes,35,No,No phone service,Fiber optic,Yes,No,Yes,No,Yes,Yes,Month-to-month,Yes,Mailed check,94.35,3208.73,Yes
10549-LBWT,Female,0,Yes,No,58,Yes,No,DSL,No,Yes,No,Yes,No,Yes,Two year,Yes,Bank transfer (automatic),58.97,3501.56,No
10550-EHGR,Male,0,Yes,No,42,Yes,Yes,No,No internet service,No internet service,No internet service,No internet service,No internet service,No internet service,Month-to-month,No,Credit card (automatic),25.96,1076.86,No
10551-TPMA,Female,0,No,Yes,32,Yes,No,No,No internet service,No internet service,No internet service,No internet service,No internet service,No internet service,Month-to-month,Yes,Credit card (automatic),18.25,599.92,No
10552-IWXB,Female,0,Yes,Yes,47,Yes,No,Fiber optic,No,Yes,Yes,Yes,No,Yes,Month-to-month,Yes,Bank transfer (automatic),91.79,4423.67,No
10553-NDKQ,Female,0,No,No,4,Yes,No,DSL,Yes,No,No,Yes,Yes,Yes,Month-to-month,Yes,Electronic check,71.74,294.36,Yes
10554-DJMY,Male,0,Yes,No,26,Yes,No,No,No internet service,No internet service,No internet service,No internet service,No internet service,No internet service,Two year,Yes,Credit card (automatic),22.83,604.52,No
10555-CYLK,Male,1,Yes,Yes,64,No,No phone service,No,No internet service,No internet service,No internet service,No internet service,No internet service,No internet service,One year,No,Bank transfer (automatic),20.01,1245.70,No
10556-ZVYX,Female,0,Yes,Yes,28,Yes,Yes,Fiber optic,Yes,Yes,Yes,No,No,No,One year,Yes,Mailed check,93.35,2661.08,No
10557-MSSA,Male,1,Yes,No,70,Yes,No,Fiber optic,No,Yes,No,No,Yes,No,Two year,No,Credit card (automatic),78.99,5411.16,No
10558-XWWR,Male,0,No,Yes,40,No,No phone service,Fiber optic,No,No,Yes,No,Yes,Yes,Month-to-month,Yes,Mailed check,90.12,3693.94,Yes
10559-PMKD,Male,1,No,No,68,Yes,No,DSL,Yes,Yes,No,No,No,No,Month-to-month,Yes,Electronic check,58.2,3936.80,Yes
10560-WKLI,Male,0,No,No,46,Yes,Yes,No,No internet service,No internet service,No internet service,No internet service,No internet service,No internet service,Month-to-month,Yes,Electronic check,22.19,1011.07,No
10561-GFEL,Male,0,Yes,No,31,Yes,No,DSL,Yes,No,Yes,Yes,Yes,No,Month-to-month,Yes,Credit card (automatic),74.12,2362.67,No
10562-XHNP,Male,0,No,No,67,Yes,No,DSL,No,No,No,Yes,No,Yes,Month-to-month,No,Credit card (automatic),60.66,4051.30,No
10563-ZTOH,Female,0,No,No,20,Yes,Yes,DSL,Yes,No,No,No,Yes,Yes,Month-to-month,No,Mailed check,73.48,1489.60,No
10564-EJVK,Female,0,Yes,Yes,29,Yes,No,Fiber optic,No,Yes,Yes,No,No,Yes,Month-to-month,Yes,Credit card (automatic),90.24,2552.90,Yes
10565-MCXV,Male,0,No,No,53,Yes,No,Fiber optic,Yes,Yes,Yes,Yes,Yes,No,Month-to-month,Yes,Credit card (automatic),102.89,5543.83,Yes
10566-YVNF,Male,0,No,Yes,63,Yes,No,No,No internet service,No internet service,No internet service,No internet service,No internet service,No internet service,One year,No,Credit card (automatic),20.12,1305.25,No
10567-WNCU,Male,0,No,No,14,No,No phone service,No,No internet service,No internet service,No internet service,No internet service,No internet service,No internet service,Month-to-month,No,Credit card (automatic),18.25,253.76,No
10568-ZTGN,Female,0,No,Yes,72,Yes,No,DSL,No,No,Yes,No,Yes,No,One year,Yes,Credit card (automatic),58.47,4149.81,No
10569-JLKB,Male,0,No,No,32,Yes,Yes,DSL,No,No,No,No,Yes,Yes,One year,Yes,Mailed check,67.44,2143.75,No
10570-LIXO,Female,0,Yes,Yes,25,Yes,Yes,Fiber optic,Yes,No,Yes,No,Yes,No,Month-to-month,Yes,Bank transfer (automatic),93.43,2281.15,Yes
10571-TGCZ,Female,0,No,No,10,Yes,No,No,No internet service,No internet service,No internet service,No internet service,No internet service,No internet service,One year,Yes,Credit card (automatic),21.43,215.10,No
10572-BBGW,Female,0,No,No,2,Yes,Yes,No,No internet service,No internet service,No internet service,No internet service,No internet service,No internet service,One year,Yes,Credit card (automatic),24.96,49.24,No
10573-XGBQ,Male,0,Yes,Yes,41,Yes,Yes,DSL,No,Yes,Yes,No,Yes,Yes,Month-to-month,No,Mailed check,82.16,3285.06,Yes
10574-PLVY,Female,0,No,No,44,Yes,Yes,DSL,Yes,No,Yes,No,Yes,Yes,Month-to-month,No,Electronic check,82.01,3713.67,Yes
10575-NMQV,Female,0,No,Yes,7,Yes,No,No,No internet service,No internet service,No internet service,No internet service,No internet service,No internet service,Month-to-month,No,Electronic check,20.42,141.66,No
10576-GZXJ,Female,0,Yes,No,66,Yes,No,Fiber optic,Yes,No,No,Yes,Yes,No,Two year,No,Electronic check,86.25,5536.52,No
10577-CJPG,Female,0,No,No,40,Yes,No,Fiber optic,Yes,No,No,No,No,Yes,Month-to-month,Yes,Electronic check,83.03,3238.54,Yes
10578-BEBS,Female,0,No,No,4,Yes,No,DSL,Yes,Yes,Yes,No,Yes,No,Month-to-month,No,Bank transfer (automatic),70.12,285.39,Yes
10579-TOON,Male,0,No,No,61,Yes,Yes,DSL,Yes,No,No,No,No,No,Month-to-month,No,Mailed check,53.58,3174.14,No
10580-OZUY,Female,0,No,No,15,Yes,No,DSL,Yes,Yes,No,Yes,No,Yes,Month-to-month,No,Mailed check,66.99,1031.29,No
10581-CKRQ,Female,0,Yes,No,49,No,No phone service,Fiber optic,Yes,No,Yes,No,No,No,Month-to-month,Yes,Electronic check,83.39,4127.78,Yes
10582-VMTD,Male,0,No,No,49,Yes,Yes,Fiber optic,Yes,Yes,Yes,No,No,Yes,Month-to-month,No,Mailed check,102.24,5157.87,Yes
10583-VGDM,Male,0,No,No,59,Yes,No,Fiber optic,No,No,Yes,No,No,No,Month-to-month,Yes,Electronic check,74.61,4508.42,Yes
10584-YXNZ,Female,0,No,No,59,Yes,No,Fiber optic,Yes,No,Yes,Yes,No,Yes,Month-to-month,Yes,Bank transfer (automatic),97.15,5801.32,No
10585-CJEA,Male,0,Yes,No,71,Yes,Yes,DSL,No,No,Yes,Yes,Yes,No,One year,Yes,Credit card (automatic),74.03,5199.89,No
10586-YFZS,Male,0,Yes,Yes,7,Yes,Yes,DSL,Yes,Yes,No,No,Yes,No,One year,Yes,Credit card (automatic),67.63,472.49,No
10587-OYEG,Female,0,No,No,27,Yes,Yes,DSL,No,No,Yes,Yes,No,No,Month-to-month,Yes,Electronic check,62.98,1712.50,Yes
10588-NGKK,Female,1,Yes,Yes,27,Yes,Yes,DSL,Yes,Yes,Yes,Yes,Yes,Yes,Month-to-month,No,Bank transfer (automatic),88.87,2352.03,Yes
10589-VIRT,Female,0,Yes,No,28,Yes,Yes,No,No internet service,No internet service,No internet service,No internet service,No internet service,No internet service,Two year,Yes,Electronic check,27.36,771.03,No
10590-JCZN,Male,0,No,No,18,Yes,Yes,DSL,No,Yes,Yes,Yes,Yes,Yes,Month-to-month,Yes,Mailed check,83.32,1513.25,No
10591-HTUD,Male,0,No,No,17,Yes,Yes,DSL,No,Yes,No,Yes,No,Yes,One year,No,Mailed check,66.54,1104.94,No
10592-VGVA,Female,0,No,Yes,70,Yes,Yes,No,No internet service,No internet service,No internet service,No internet service,No internet service,No internet service,Month-to-month,No,Electronic check,26.67,1887.74,No
10593-YZCX,Female,1,No,Yes,65,Yes,Yes,Fiber optic,Yes,No,Yes,Yes,No,No,One year,No,Mailed check,98.46,6433.25,No
10594-UUGS,Male,0,No,No,50,Yes,Yes,DSL,No,No,No,Yes,Yes,Yes,Two year,Yes,Bank transfer (automatic),74.04,3681.38,No
10595-ENGT,Male,0,No,No,40,Yes,No,DSL,Yes,No,Yes,Yes,No,Yes,Two year,Yes,Bank transfer (automatic),72.68,2976.66,No
10596-OOQI,Male,0,No,No,35,Yes,Yes,DSL,Yes,Yes,No,Yes,No,Yes,Month-to-month,Yes,Electronic check,69.2,2486.77,No
10597-AFOG,Female,0,No,No,50,Yes,No,DSL,No,Yes,No,Yes,Yes,No,Month-to-month,No,Electronic check,68.2,3477.97,No
10598-HJPD,Male,0,No,Yes,63,Yes,No,Fiber optic,No,No,No,Yes,Yes,Yes,One year,Yes,Credit card (automatic),89.07,5756.94,No
10599-CWRY,Female,0,Yes,No,31,Yes,Yes,Fiber optic,No,No,Yes,Yes,Yes,No,Month-to-month,Yes,Bank transfer (automatic),92.17,2902.53,Yes
10600-YABR,Male,1,Yes,No,39,Yes,No,DSL,No,Yes,No,No,No,No,Month-to-month,Yes,Mailed check,50.73,2035.58,No
10601-AGPQ,Female,1,No,Yes,66,Yes,Yes,No,No internet service,No internet service,No internet service,No internet service,No internet service,No internet service,Two year,Yes,Bank transfer (automatic),26.07,1723.54,No
10602-FUDT,Male,0,No,No,66,Yes,No,DSL,Yes,Yes,No,No,Yes,Yes,Month-to-month,Yes,Credit card (automatic),73.37,4763.76,No
10603-AKFY,Female,1,No,Yes,17,Yes,Yes,Fiber optic,No,Yes,No,Yes,Yes,No,Month-to-month,Yes,Mailed check,93.74,1572.40,Yes
10604-ZFQM,Female,0,No,Yes,18,Yes,No,DSL,Yes,No,Yes,No,No,No,Month-to-month,Yes,Mailed check,54.49,953.85,Yes
10605-TQXL,Male,0,No,Yes,15,Yes,No,DSL,No,Yes,No,Yes,No,No,Two year,No,Mailed check,58.49,868.42,No
10606-VAZV,Male,1,Yes,No,2,Yes,No,Fiber optic,Yes,No,No,No,No,Yes,Month-to-month,Yes,Bank transfer (automatic),79.7,164.12,Yes
10607-PXNR,Female,0,No,No,51,Yes,Yes,DSL,No,No,Yes,Yes,Yes,No,Month-to-month,Yes,Mailed check,67.23,3497.53,Yes
10608-DKPH,Female,0,No,Yes,31,Yes,No,DSL,Yes,Yes,No,Yes,No,No,Month-to-month,No,Bank transfer (automatic),63.25,1929.63,No
10609-JACN,Female,0,Yes,No,3,Yes,No,Fiber optic,No,No,No,Yes,No,No,Month-to-month,No,Electronic check,75.49,221.00,Yes
10610-WAYC,Female,0,No,No,15,Yes,Yes,No,No internet service,No internet service,No internet service,No internet service,No internet service,No internet service,One year,Yes,Electronic check,30.92,471.44,No
10611-MMNL,Female,0,No,No,39,Yes,Yes,Fiber optic,No,Yes,No,No,Yes,Yes,Month-to-month,Yes,Electronic check,95.53,3782.09,No
10612-IQSU,Female,0,No,Yes,61,No,No phone service,DSL,Yes,Yes,No,No,No,No,Month-to-month,No,Electronic check,58.0,3627.08,No
10613-WNSQ,Male,0,Yes,Yes,48,Yes,No,DSL,No,Yes,No,Yes,No,Yes,Month-to-month,No,Electronic check,59.6,2890.19,No
10614-GPGY,Female,0,Yes,Yes,39,Yes,Yes,Fiber optic,No,Yes,Yes,Yes,Yes,No,Month-to-month,Yes,Credit card (automatic),105.08,3993.92,Yes
10615-CQJQ,Male,0,No,No,14,Yes,No,DSL,No,Yes,No,No,No,Yes,Month-to-month,Yes,Bank transfer (automatic),58.27,839.73,No
10616-YNCV,Male,0,No,No,21,Yes,Yes,DSL,Yes,Yes,Yes,No,Yes,Yes,Two year,Yes,Mailed check,81.49,1761.34,Yes
10617-PXGI,Male,0,No,Yes,57,Yes,No,Fiber optic,No,No,No,No,No,No,One year,No,Electronic check,67.77,3803.07,No
10618-VHVU,Male,0,Yes,No,56,Yes,No,No,No internet service,No internet service,No internet service,No internet service,No internet service,No internet service,Month-to-month,No,Bank transfer (automatic),22.75,1240.53,No
10619-YZSG,Male,0,No,Yes,63,Yes,No,No,No internet service,No internet service,No internet service,No internet service,No internet service,No internet service,One year,Yes,Credit card (automatic),20.48,1315.55,No
10620-DDVS,Female,0,Yes,Yes,38,Yes,Yes,DSL,No,Yes,Yes,Yes,No,No,Month-to-month,No,Mailed check,70.42,2681.30,No
10621-CESQ,Male,0,Yes,No,20,Yes,No,No,No internet service,No internet service,No internet service,No internet service,No internet service,No internet service,Month-to-month,Yes,Mailed check,18.33,359.54,No
10622-PUHH,Male,1,Yes,Yes,37,Yes,Yes,Fiber optic,Yes,Yes,No,Yes,Yes,Yes,Month-to-month,No,Credit card (automatic),102.68,3824.27,Yes
10623-PVZB,Male,0,No,Yes,65,No,No phone service,No,No internet service,No internet service,No internet service,No internet service,No internet service,No internet service,One year,Yes,Mailed check,18.25,1164.09,No
10624-IQMS,Female,0,No,No,14,Yes,Yes,Fiber optic,Yes,No,Yes,No,No,No,Month-to-month,Yes,Credit card (automatic),91.64,1278.48,Yes
10625-OQGA,Female,0,Yes,No,61,Yes,No,Fiber optic,No,Yes,No,No,Yes,Yes,Month-to-month,Yes,Electronic check,88.36,5534.67,No
10626-MOVQ,Female,0,No,No,72,No,No phone service,Fiber optic,Yes,No,Yes,Yes,Yes,Yes,Two year,No,Credit card (automatic),100.27,7145.69,No
10627-RPSN,Male,0,No,No,60,Yes,No,Fiber optic,No,Yes,Yes,Yes,No,Yes,Month-to-month,Yes,Electronic check,93.25,5475.03,Yes
10628-VRSY,Female,0,No,No,48,Yes,No,Fiber optic,No,Yes,Yes,Yes,Yes,No,Two year,Yes,Bank transfer (automatic),88.19,4194.94,No
10629-GUZB,Female,0,No,No,30,Yes,No,Fiber optic,Yes,No,No,Yes,No,No,Month-to-month,No,Electronic check,83.7,2572.85,Yes
10630-LHZC,Male,1,No,No,62,Yes,Yes,Fiber optic,No,No,Yes,Yes,No,Yes,Month-to-month,Yes,Credit card (automatic),99.69,6315.28,Yes
10631-VFSG,Female,0,Yes,No,12,Yes,No,DSL,No,No,Yes,No,No,Yes,Month-to-month,Yes,Electronic check,61.4,717.73,Yes
10632-EREZ,Male,0,Yes,Yes,55,Yes,Yes,Fiber optic,No,No,Yes,Yes,No,No,Month-to-month,Yes,Bank transfer (automatic),87.17,4683.50,No
10633-QHBM,Female,0,No,No,29,Yes,No,DSL,No,No,No,No,No,No,Two year,Yes,Mailed check,46.93,1326.40,No
10634-DSWG,Female,1,No,Yes,37,Yes,No,DSL,Yes,No,No,No,No,No,Month-to-month,Yes,Electronic check,50.56,1923.16,No
10635-RABF,Male,1,No,No,34,Yes,Yes,Fiber optic,Yes,No,No,No,No,No,One year,No,Mailed check,86.82,2938.61,No
10636-RAYT,Female,0,No,No,1,Yes,Yes,Fiber optic,No,Yes,Yes,No,No,No,Two year,No,Credit card (automatic),87.57,85.18,No
10637-MGIR,Male,0,No,No,72,Yes,Yes,DSL,No,Yes,Yes,No,Yes,No,Month-to-month,No,Bank transfer (automatic),74.33,5345.84,Yes
10638-PAIW,Male,0,No,No,49,Yes,Yes,DSL,Yes,No,No,No,Yes,Yes,Two year,Yes,Electronic check,69.37,3435.88,No
10639-RAVM,Female,0,No,No,44,Yes,No,Fiber optic,Yes,Yes,Yes,Yes,Yes,Yes,Month-to-month,No,Credit card (automatic),106.93,4577.40,Yes
10640-DTNI,Female,0,Yes,Yes,8,Yes,Yes,No,No internet service,No internet service,No internet service,No internet service,No internet service,No internet service,Two year,Yes,Bank transfer (automatic),28.24,228.43,No
10641-LXBL,Female,0,No,No,57,Yes,Yes,Fiber optic,No,No,Yes,No,Yes,Yes,Month-to-month,No,Electronic check,95.65,5484.04,Yes
10642-GURY,Female,1,No,Yes,70,Yes,No,Fiber optic,Yes,No,Yes,Yes,Yes,No,Month-to-month,No,Credit card (automatic),91.54,6556.85,No
10643-GUJB,Male,0,Yes,No,59,Yes,Yes,Fiber optic,No,Yes,No,Yes,Yes,Yes,Two year,No,Mailed check,100.59,5988.31,No
10644-DEVV,Female,0,Yes,No,18,Yes,Yes,DSL,Yes,No,No,Yes,No,Yes,One year,Yes,Mailed check,66.02,1206.33,No
10645-GZYE,Female,0,No,No,14,No,No phone service,DSL,Yes,No,No,Yes,Yes,No,Two year,Yes,Electronic check,64.81,906.80,No
10646-ZLEW,Female,0,No,No,27,Yes,Yes,Fiber optic,Yes,Yes,No,Yes,No,Yes,Month-to-month,Yes,Credit card (automatic),100.07,2639.59,No
10647-FOMU,Female,0,Yes,Yes,2,Yes,Yes,No,No internet service,No internet service,No internet service,No internet service,No internet service,No internet service,Month-to-month,Yes,Electronic check,23.71,48.09,No
10648-FHPN,Female,0,Yes,Yes,40,No,No phone service,DSL,Yes,No,Yes,Yes,No,Yes,Two year,Yes,Bank transfer (automatic),68.9,2724.61,No
10649-HFKX,Female,0,Yes,No,33,Yes,Yes,Fiber optic,Yes,Yes,Yes,Yes,No,Yes,Month-to-month,Yes,Bank transfer (automatic),105.3,3569.61,Yes
10650-TCRX,Male,0,Yes,Yes,37,Yes,No,Fiber optic,Yes,Yes,Yes,No,No,Yes,One year,Yes,Bank transfer (automatic),100.06,3793.84,No
10651-NKXJ,Male,0,No,No,72,Yes,Yes,Fiber optic,No,Yes,No,No,No,No,Two year,No,Electronic check,80.7,5883.84,No
10652-KXEA,Male,0,No,No,48,Yes,Yes,Fiber optic,No,Yes,Yes,No,Yes,Yes,One year,Yes,Mailed check,108.19,5099.30,Yes
10653-OUJU,Female,0,No,No,31,Yes,No,DSL,Yes,No,Yes,No,Yes,No,One year,No,Electronic check,60.2,1905.45,No
10654-WFRF,Female,0,Yes,Yes,57,Yes,No,No,No internet service,No internet service,No internet service,No internet service,No internet service,No internet service,Month-to-month,Yes,Electronic check,21.47,1200.51,No
10655-QIJJ,Male,1,Yes,Yes,27,Yes,No,Fiber optic,No,No,No,No,Yes,No,Month-to-month,Yes,Mailed check,77.07,2061.96,Yes
10656-PHDE,Female,1,Yes,No,55,Yes,No,DSL,No,No,No,No,No,Yes,Two year,Yes,Mailed check,51.23,2793.41,No
10657-PFNM,Female,0,No,No,68,Yes,Yes,No,No internet service,No internet service,No internet service,No internet service,No internet service,No internet service,Two year,Yes,Mailed check,29.4,1949.57,No
10658-APEU,Male,0,No,No,66,Yes,Yes,No,No internet service,No internet service,No internet service,No internet service,No internet service,No internet service,Month-to-month,Yes,Mailed check,29.96,2009.33,Yes
10659-WRMQ,Male,0,Yes,No,38,Yes,No,No,No internet service,No internet service,No internet service,No internet service,No internet service,No internet service,Two year,Yes,Electronic check,18.25,677.42,No
10660-CGLD,Female,0,No,No,34,Yes,Yes,Fiber optic,No,No,No,Yes,No,No,Month-to-month,Yes,Electronic check,82.96,2795.60,Yes
10661-EEJV,Male,0,Yes,Yes,29,Yes,No,No,No internet service,No internet service,No internet service,No internet service,No internet service,No internet service,Month-to-month,Yes,Bank transfer (automatic),20.39,582.76,Yes
10662-QNQO,Female,0,Yes,No,39,Yes,Yes,DSL,Yes,No,Yes,No,No,No,Month-to-month,Yes,Credit card (automatic),60.83,2363.29,Yes
10663-NZWA,Female,0,No,No,68,Yes,Yes,No,No internet service,No internet service,No internet service,No internet service,No internet service,No internet service,Month-to-month,Yes,Mailed check,25.79,1719.84,No
10664-IVZZ,Female,0,Yes,No,63,Yes,No,Fiber optic,No,Yes,Yes,Yes,No,Yes,Month-to-month,No,Electronic check,100.03,6383.82,No
10665-LFQL,Male,0,No,No,44,Yes,No,Fiber optic,No,No,No,No,No,Yes,Month-to-month,No,Electronic check,74.76,3318.07,Yes
10666-QRIY,Female,0,Yes,No,21,Yes,No,DSL,No,No,No,No,No,Yes,One year,Yes,Electronic check,53.98,1157.02,Yes
10667-HTIL,Male,0,No,No,28,Yes,Yes,Fiber optic,No,No,No,Yes,Yes,No,Month-to-month,Yes,Mailed check,87.65,2425.52,Yes
10668-LOQJ,Male,0,Yes,Yes,18,Yes,No,Fiber optic,Yes,Yes,Yes,No,Yes,No,Month-to-month,No,Electronic check,98.16,1734.73,Yes
10669-YNVM,Male,0,Yes,Yes,14,Yes,Yes,No,No internet service,No internet service,No internet service,No internet service,No internet service,No internet service,Month-to-month,No,Electronic check,21.93,298.81,Yes
10670-DAYN,Male,0,Yes,No,1,Yes,No,No,No internet service,No internet service,No internet service,No internet service,No internet service,No internet service,Month-to-month,Yes,Credit card (automatic),18.68,19.17,No
10671-OASP,Male,0,No,No,56,Yes,No,No,No internet service,No internet service,No internet service,No internet service,No internet service,No internet service,Month-to-month,Yes,Mailed check,21.65,1182.17,No
10672-EINZ,Female,0,No,No,54,Yes,No,DSL,Yes,No,Yes,No,Yes,No,One year,Yes,Electronic check,62.64,3446.04,No
10673-DXCN,Male,1,No,No,13,Yes,Yes,Fiber optic,Yes,No,Yes,No,Yes,Yes,Month-to-month,Yes,Electronic check,102.97,1356.74,No
10674-WVGP,Female,0,Yes,No,50,Yes,No,Fiber optic,No,No,Yes,No,Yes,Yes,Two year,No,Credit card (automatic),93.06,4543.69,No
10675-MOXV,Male,1,Yes,Yes,12,Yes,No,Fiber optic,Yes,No,Yes,Yes,Yes,Yes,Month-to-month,Yes,Bank transfer (automatic),105.62,1240.05,Yes
10676-AEUN,Male,0,Yes,No,20,No,No phone service,DSL,No,No,No,Yes,Yes,No,Month-to-month,No,Electronic check,61.49,1221.02,Yes
10677-ZHZU,Female,0,No,Yes,19,Yes,No,Fiber optic,Yes,No,No,Yes,Yes,No,Month-to-month,No,Electronic check,89.0,1712.03,Yes
10678-DXOQ,Female,0,Yes,No,10,Yes,No,DSL,No,Yes,Yes,No,Yes,No,Month-to-month,Yes,Bank transfer (automatic),61.74,611.33,Yes
10679-VKDP,Female,0,Yes,No,53,Yes,No,DSL,No,No,Yes,Yes,Yes,No,Month-to-month,Yes,Bank transfer (automatic),64.12,3429.31,No
10680-NQWF,Female,0,No,Yes,4,Yes,No,DSL,Yes,No,No,Yes,Yes,Yes,Two year,Yes,Bank transfer (automatic),69.4,284.17,No
10681-GUBL,Male,1,No,No,30,Yes,No,DSL,No,Yes,Yes,No,No,Yes,Month-to-month,Yes,Mailed check,66.26,2026.29,Yes
10682-SATS,Male,0,Yes,No,36,Yes,No,Fiber optic,Yes,No,No,No,Yes,No,Month-to-month,Yes,Credit card (automatic),79.28,2852.15,No
10683-NWIC,Female,0,Yes,No,42,Yes,No,DSL,No,No,Yes,Yes,Yes,No,Month-to-month,Yes,Bank transfer (automatic),59.13,2522.48,No
10684-NFUC,Female,0,Yes,Yes,14,Yes,No,Fiber optic,Yes,Yes,No,No,No,Yes,Two year,No,Bank transfer (automatic),94.3,1285.80,No
10685-USLK,Male,0,No,Yes,34,Yes,No,No,No internet service,No internet service,No internet service,No internet service,No internet service,No internet service,One year,Yes,Electronic check,18.25,638.35,No
10686-HPEJ,Male,0,Yes,No,58,Yes,No,Fiber optic,Yes,Yes,No,Yes,No,Yes,Month-to-month,Yes,Electronic check,100.99,5761.49,Yes
10687-NMLB,Female,0,No,No,27,Yes,No,Fiber optic,No,Yes,No,No,Yes,Yes,Month-to-month,No,Mailed check,89.81,2438.50,Yes
10688-FLPB,Female,0,Yes,No,69,Yes,No,DSL,No,Yes,No,Yes,Yes,No,One year,No,Electronic check,67.08,4498.27,No
10689-VIUV,Male,0,No,Yes,31,Yes,Yes,Fiber optic,No,Yes,Yes,No,No,No,One year,No,Electronic check,92.02,2845.76,Yes
10690-OPIH,Male,0,No,No,56,Yes,No,Fiber optic,Yes,Yes,Yes,Yes,Yes,No,One year,No,Bank transfer (automatic),100.32,5562.78,No
10691-JNLN,Female,0,Yes,No,9,Yes,Yes,No,No internet service,No internet service,No internet service,No internet service,No internet service,No internet service,One year,Yes,Bank transfer (automatic),25.83,232.63,No
10692-TSKC,Male,0,Yes,Yes,62,Yes,No,No,No internet service,No internet service,No internet service,No internet service,No internet service,No internet service,Two year,Yes,Mailed check,19.17,1179.45,No
10693-LYPZ,Male,0,Yes,No,35,No,No phone service,Fiber optic,No,Yes,No,Yes,Yes,No,Month-to-month,No,Bank transfer (automatic),92.21,3142.02,Yes
10694-PIHT,Male,0,No,No,72,No,No phone service,DSL,Yes,Yes,No,No,Yes,Yes,Month-to-month,No,Credit card (automatic),67.95,4970.22,Yes
10695-YNHR,Female,0,No,No,51,Yes,No,Fiber optic,Yes,No,No,Yes,Yes,No,Two year,Yes,Electronic check,83.75,4265.25,No
10696-LZYN,Male,0,No,No,54,Yes,Yes,No,No internet service,No internet service,No internet service,No internet service,No internet service,No internet service,Month-to-month,No,Bank transfer (automatic),26.79,1433.59,No
10697-UCDW,Male,0,Yes,Yes,11,Yes,Yes,No,No internet service,No internet service,No internet service,No internet service,No internet service,No internet service,Two year,Yes,Credit card (automatic),23.41,253.35,No
10698-EXIS,Male,0,Yes,No,41,Yes,No,No,No internet service,No internet service,No internet service,No internet service,No internet service,No internet service,One year,Yes,Mailed check,21.72,889.94,No
10699-FAHM,Female,0,No,Yes,54,Yes,No,DSL,Yes,No,No,Yes,Yes,Yes,One year,No,Electronic check,62.55,3432.93,No
10700-IWAQ,Male,0,No,No,59,Yes,No,No,No internet service,No internet service,No internet service,No internet service,No internet service,No internet service,Two year,Yes,Mailed check,20.86,1229.07,No
10701-HDBW,Male,0,No,No,28,No,No phone service,DSL,Yes,No,No,No,No,No,Two year,Yes,Bank transfer (automatic),50.25,1414.86,No
10702-HPKC,Male,0,No,No,41,Yes,No,DSL,No,No,Yes,No,Yes,No,Month-to-month,Yes,Credit card (automatic),57.78,2356.79,No
10703-DKLF,Female,0,No,No,13,Yes,No,Fiber optic,Yes,No,Yes,No,No,Yes,Month-to-month,Yes,Bank transfer (automatic),89.93,1153.20,No
10704-HKKZ,Female,0,No,No,32,Yes,Yes,DSL,Yes,No,Yes,No,No,No,Month-to-month,Yes,Bank transfer (automatic),61.63,1929.46,Yes
10705-YJIK,Female,0,No,Yes,35,Yes,No,Fiber optic,No,No,No,Yes,Yes,Yes,Month-to-month,Yes,Credit card (automatic),92.17,3188.57,Yes
10706-ZZHY,Male,0,No,No,3,No,No phone service,DSL,No,No,No,No,Yes,Yes,Month-to-month,No,Mailed check,55.74,172.23,Yes
10707-PSHV,Female,1,No,No,66,Yes,Yes,DSL,Yes,No,No,Yes,Yes,No,Month-to-month,No,Mailed check,67.54,4588.69,No
10708-DTHG,Male,0,No,No,47,Yes,Yes,DSL,No,No,No,No,No,Yes,Month-to-month,No,Electronic check,59.61,2820.92,No
10709-UUWL,Female,0,Yes,No,14,Yes,No,Fiber optic,Yes,No,Yes,Yes,Yes,No,One year,No,Electronic check,97.46,1376.02,No
10710-SMGS,Male,0,No,No,65,Yes,No,DSL,No,Yes,No,Yes,No,Yes,Month-to-month,No,Mailed check,65.18,4234.36,No
10711-QSVX,Female,0,No,No,50,Yes,No,Fiber optic,No,No,Yes,No,Yes,Yes,Month-to-month,No,Electronic check,83.62,4275.31,Yes
10712-XSZP,Female,0,Yes,No,50,Yes,No,Fiber optic,Yes,No,Yes,No,Yes,No,One year,Yes,Bank transfer (automatic),91.21,4484.66,No
10713-HTXU,Male,0,No,No,68,Yes,Yes,DSL,No,No,Yes,No,No,Yes,One year,Yes,Credit card (automatic),63.32,4207.87,No
10714-NKSM,Female,0,Yes,No,30,Yes,No,No,No internet service,No internet service,No internet service,No internet service,No internet service,No internet service,Month-to-month,No,Bank transfer (automatic),18.25,546.40,Yes
10715-FNKU,Male,0,Yes,Yes,26,Yes,No,DSL,Yes,Yes,No,Yes,No,No,Month-to-month,Yes,Credit card (automatic),70.74,1800.86,Yes
10716-HTMM,Male,0,Yes,No,45,Yes,No,No,No internet service,No internet service,No internet service,No internet service,No internet service,No internet service,Month-to-month,Yes,Credit card (automatic),19.74,911.13,No
10717-MUEU,Male,1,No,No,64,Yes,Yes,No,No internet service,No internet service,No internet service,No internet service,No internet service,No internet service,Two year,No,Bank transfer (automatic),25.31,1665.94,No
10718-LSOE,Female,0,No,No,59,Yes,No,No,No internet service,No internet service,No internet service,No internet service,No internet service,No internet service,Month-to-month,Yes,Electronic check,21.66,1286.00,No
10719-FIYQ,Male,0,No,No,57,Yes,No,Fiber optic,Yes,No,Yes,Yes,Yes,Yes,Two year,Yes,Electronic check,105.06,5973.07,Yes
10720-UIAQ,Female,0,Yes,No,56,Yes,Yes,Fiber optic,Yes,No,Yes,No,No,Yes,Two year,No,Mailed check,94.64,5452.70,No
10721-QTKV,Female,0,No,No,3,Yes,Yes,DSL,Yes,Yes,Yes,No,Yes,No,One year,No,Electronic check,83.74,245.21,No
10722-NNLM,Female,0,Yes,No,36,Yes,No,No,No internet service,No internet service,No internet service,No internet service,No internet service,No internet service,Two year,No,Mailed check,22.14,789.35,No
10723-LKNS,Female,1,Yes,Yes,26,Yes,Yes,DSL,No,No,No,Yes,Yes,Yes,Month-to-month,No,Credit card (automatic),77.05,2021.89,No
10724-GSRD,Male,1,Yes,No,27,No,No phone service,Fiber optic,Yes,Yes,No,No,No,Yes,Month-to-month,No,Credit card (automatic),85.67,2316.12,No
10725-SZMN,Female,0,No,No,62,Yes,Yes,Fiber optic,No,No,No,No,No,No,One year,Yes,Bank transfer (automatic),74.44,4532.80,No
10726-RUPF,Male,0,Yes,No,29,Yes,Yes,No,No internet service,No internet service,No internet service,No internet service,No internet service,No internet service,Month-to-month,No,Bank transfer (automatic),25.95,750.09,No
10727-ZPOH,Female,0,No,No,61,Yes,Yes,Fiber optic,No,Yes,No,No,No,Yes,Two year,Yes,Credit card (automatic),94.55,5598.53,No
10728-UZWX,Male,0,No,No,66,Yes,No,DSL,Yes,Yes,Yes,Yes,Yes,Yes,Two year,No,Credit card (automatic),80.38,5395.00,No
10729-PMPB,Female,0,Yes,No,33,Yes,No,DSL,Yes,Yes,Yes,Yes,Yes,Yes,One year,Yes,Credit card (automatic),83.56,2820.61,No
10730-IRLV,Female,1,No,No,13,Yes,Yes,No,No internet service,No internet service,No internet service,No internet service,No internet service,No internet service,Month-to-month,Yes,Bank transfer (automatic),29.6,394.66,No
10731-PGHK,Female,0,Yes,Yes,51,Yes,Yes,No,No internet service,No internet service,No internet service,No internet service,No internet service,No internet service,Month-to-month,No,Mailed check,30.7,1584.14,No
10732-LJMM,Male,0,Yes,No,63,Yes,No,DSL,Yes,Yes,Yes,No,Yes,No,Month-to-month,Yes,Mailed check,73.33,4675.05,No
10733-TANZ,Female,0,Yes,Yes,30,Yes,No,Fiber optic,Yes,Yes,Yes,Yes,No,Yes,Month-to-month,No,Mailed check,101.64,3104.15,Yes
10734-JRTV,Male,0,No,No,15,No,No phone service,Fiber optic,Yes,No,No,No,Yes,No,Two year,Yes,Electronic check,85.84,1284.05,No
10735-YOZO,Male,1,No,No,38,Yes,No,DSL,Yes,Yes,No,Yes,No,No,Month-to-month,Yes,Electronic check,64.18,2478.84,No
10736-HDKP,Male,0,No,No,71,Yes,Yes,DSL,No,No,Yes,No,Yes,Yes,Two year,Yes,Bank transfer (automatic),66.55,4713.03,No
10737-JRKH,Female,0,No,No,38,Yes,No,Fiber optic,No,No,Yes,Yes,Yes,No,Two year,No,Bank transfer (automatic),89.0,3426.00,No
10738-PGSF,Female,1,Yes,No,33,Yes,Yes,DSL,Yes,No,Yes,No,No,Yes,One year,Yes,Electronic check,68.0,2274.47,No
10739-YRIQ,Female,0,No,No,32,No,No phone service,No,No internet service,No internet service,No internet service,No internet service,No internet service,No internet service,One year,Yes,Mailed check,22.91,718.72,No
10740-LCFK,Male,0,Yes,No,53,Yes,Yes,DSL,No,No,No,No,Yes,Yes,Month-to-month,No,Mailed check,65.08,3424.92,No
10741-VWYQ,Male,0,Yes,Yes,25,Yes,No,Fiber optic,No,No,Yes,No,No,No,One year,Yes,Electronic check,75.37,1829.73,Yes
10742-VVLL,Female,0,No,Yes,53,Yes,Yes,DSL,No,No,No,Yes,Yes,Yes,Month-to-month,No,Electronic check,73.38,3968.11,Yes
10743-LSLI,Male,0,Yes,No,72,Yes,Yes,Fiber optic,Yes,No,No,Yes,Yes,Yes,Month-to-month,Yes,Mailed check,104.07,7399.61,Yes
10744-SLYB,Male,0,Yes,No,56,Yes,No,DSL,No,No,Yes,Yes,Yes,Yes,Two year,Yes,Bank transfer (automatic),71.5,3951.91,No
10745-OZHI,Female,0,Yes,No,67,Yes,Yes,DSL,No,Yes,No,Yes,No,No,Month-to-month,No,Electronic check,62.4,4229.95,No
10746-ZUFF,Male,1,Yes,Yes,57,No,No phone service,Fiber optic,No,No,No,No,No,Yes,One year,No,Electronic check,81.08,4692.44,No
10747-XNYQ,Female,0,No,Yes,61,Yes,Yes,Fiber optic,No,Yes,No,Yes,No,No,Month-to-month,No,Electronic check,84.89,5139.96,No
10748-CYSH,Female,1,Yes,No,3,Yes,Yes,Fiber optic,No,No,Yes,Yes,Yes,No,Month-to-month,Yes,Bank transfer (automatic),99.29,290.93,Yes
10749-ZPYO,Female,1,No,No,26,Yes,Yes,DSL,No,Yes,Yes,Yes,Yes,No,Month-to-month,No,Bank transfer (automatic),77.79,2023.09,Yes
10750-WTII,Female,0,Yes,Yes,20,Yes,No,DSL,Yes,Yes,No,No,No,No,Month-to-month,Yes,Mailed check,59.97,1207.94,Yes
10751-SRTP,Female,0,No,Yes,63,Yes,Yes,DSL,Yes,No,Yes,No,No,Yes,One year,Yes,Credit card (automatic),72.01,4668.08,No
10752-RVAA,Female,0,No,Yes,17,Yes,No,DSL,Yes,No,Yes,No,Yes,No,Month-to-month,No,Mailed check,66.33,1105.37,No
10753-VUPO,Male,0,No,No,70,Yes,Yes,DSL,Yes,Yes,Yes,No,Yes,Yes,Month-to-month,Yes,Bank transfer (automatic),80.8,5799.38,No
10754-JRFX,Male,0,No,No,51,Yes,No,DSL,No,No,Yes,Yes,No,Yes,Month-to-month,No,Mailed check,64.19,3272.73,No
10755-BBHK,Male,0,No,No,9,No,No phone service,Fiber optic,No,Yes,Yes,Yes,Yes,Yes,Month-to-month,No,Credit card (automatic),105.4,958.57,Yes
10756-GVZY,Female,0,No,No,50,Yes,No,DSL,No,Yes,Yes,No,Yes,Yes,Two year,No,Electronic check,72.83,3611.22,No
10757-RVTV,Female,0,No,No,25,Yes,No,Fiber optic,No,No,Yes,No,No,Yes,Month-to-month,Yes,Electronic check,80.76,2006.84,No
10758-CAVG,Male,0,Yes,No,22,Yes,No,Fiber optic,Yes,Yes,Yes,No,No,No,Month-to-month,No,Mailed check,93.62,2085.32,Yes
10759-DXWZ,Female,0,Yes,No,72,Yes,Yes,Fiber optic,No,No,No,Yes,Yes,Yes,Month-to-month,No,Bank transfer (automatic),95.4,6936.97,No
10760-OGJW,Male,0,No,No,58,Yes,Yes,Fiber optic,Yes,No,Yes,Yes,No,No,Month-to-month,Yes,Credit card (automatic),95.47,5459.68,No
10761-SCCE,Female,0,Yes,No,55,Yes,No,DSL,Yes,Yes,No,No,Yes,Yes,Month-to-month,Yes,Mailed check,70.63,3921.13,No
10762-JUXW,Female,1,Yes,No,23,Yes,Yes,Fiber optic,Yes,No,Yes,Yes,No,Yes,One year,No,Electronic check,99.77,2358.02,No
10763-BYDC,Female,1,No,No,48,Yes,Yes,DSL,No,No,No,Yes,No,No,Month-to-month,Yes,Mailed check,54.04,2544.37,No
10764-GQPL,Male,0,Yes,No,25,Yes,Yes,Fiber optic,Yes,No,No,No,No,Yes,Month-to-month,Yes,Bank transfer (automatic),88.67,2215.62,No
10765-NMQP,Male,0,Yes,Yes,44,Yes,Yes,No,No internet service,No internet service,No internet service,No internet service,No internet service,No internet service,Two year,Yes,Electronic check,28.27,1221.51,No
10766-BXDY,Female,0,No,No,29,No,No phone service,Fiber optic,No,Yes,No,No,Yes,No,Month-to-month,No,Credit card (automatic),81.74,2334.08,No
10767-XOJP,Female,0,Yes,No,44,Yes,No,No,No internet service,No internet service,No internet service,No internet service,No internet service,No internet service,One year,No,Electronic check,21.79,942.54,No
10768-DTHS,Female,0,Yes,No,54,Yes,Yes,DSL,No,Yes,Yes,Yes,No,No,Two year,No,Mailed check,69.37,3758.20,No
10769-NUGC,Male,0,Yes,Yes,23,Yes,No,DSL,Yes,No,No,Yes,No,No,Two year,No,Bank transfer (automatic),58.57,1324.04,No
10770-XOJT,Male,0,Yes,No,1,Yes,No,DSL,Yes,Yes,Yes,Yes,Yes,No,Month-to-month,Yes,Mailed check,72.21,71.94,No
10771-AGLR,Male,0,Yes,No,7,No,No phone service,DSL,No,Yes,No,No,Yes,No,Month-to-month,No,Bank transfer (automatic),58.16,415.04,Yes
10772-GBKS,Female,0,No,No,66,Yes,Yes,DSL,Yes,No,No,No,No,No,Month-to-month,No,Credit card (automatic),54.66,3697.02,No
10773-PLAR,Male,1,Yes,No,70,Yes,Yes,No,No internet service,No internet service,No internet service,No internet service,No internet service,No internet service,Month-to-month,Yes,Electronic check,26.97,1898.49,Yes
10774-DHJJ,Male,0,Yes,Yes,50,Yes,Yes,Fiber optic,No,Yes,Yes,No,No,No,One year,No,Electronic check,88.08,4362.59,No
10775-PEXI,Male,0,No,Yes,8,Yes,Yes,No,No internet service,No internet service,No internet service,No internet service,No internet service,No internet service,Month-to-month,No,Bank transfer (automatic),23.02,183.44,Yes
10776-TDEV,Female,1,Yes,No,43,Yes,Yes,No,No internet service,No internet service,No internet service,No internet service,No internet service,No internet service,One year,No,Credit card (automatic),25.96,1096.27,No
10777-WLSC,Female,0,Yes,Yes,32,No,No phone service,Fiber optic,No,Yes,Yes,Yes,No,No,Two year,Yes,Mailed check,91.32,2867.96,No
10778-BVTY,Female,0,Yes,No,18,Yes,No,No,No internet service,No internet service,No internet service,No internet service,No internet service,No internet service,Month-to-month,Yes,Mailed check,20.46,359.17,No
10779-DPFG,Male,0,Yes,No,28,Yes,Yes,DSL,Yes,Yes,No,No,Yes,No,Month-to-month,Yes,Electronic check,60.85,1666.94,Yes
10780-CTTV,Male,1,Yes,No,57,Yes,Yes,No,No internet service,No internet service,No internet service,No internet service,No internet service,No internet service,Month-to-month,Yes,Mailed check,31.14,1748.69,No
10781-WQUN,Male,0,Yes,Yes,72,Yes,Yes,Fiber optic,Yes,No,Yes,Yes,Yes,Yes,Two year,No,Electronic check,107.54,7757.26,No
10782-FRRH,Male,0,No,No,63,Yes,No,Fiber optic,No,No,Yes,No,Yes,No,Month-to-month,Yes,Mailed check,83.77,5207.64,No
10783-OULT,Female,0,No,No,15,Yes,No,Fiber optic,Yes,Yes,No,No,No,No,Month-to-month,Yes,Credit card (automatic),79.45,1215.47,Yes
10784-FDNJ,Female,0,No,Yes,37,Yes,No,No,No internet service,No internet service,No internet service,No internet service,No internet service,No internet service,Two year,No,Bank transfer (automatic),22.61,820.84,No
10785-KYUA,Female,0,Yes,Yes,39,Yes,Yes,No,No internet service,No internet service,No internet service,No internet service,No internet service,No internet service,Month-to-month,Yes,Mailed check,25.99,1041.08,No
10786-QNKO,Male,0,No,No,22,Yes,Yes,DSL,Yes,Yes,No,No,No,Yes,One year,No,Mailed check,76.18,1656.19,No
10787-FNWJ,Male,0,No,Yes,32,Yes,Yes,DSL,Yes,Yes,No,Yes,No,No,Month-to-month,Yes,Bank transfer (automatic),70.24,2271.99,No
10788-CCVR,Female,0,Yes,Yes,28,Yes,No,DSL,No,Yes,No,No,No,Yes,Month-to-month,Yes,Credit card (automatic),57.01,1633.24,No
10789-ZVUI,Male,0,No,No,6,Yes,Yes,No,No internet service,No internet service,No internet service,No internet service,No internet service,No internet service,Two year,No,Bank transfer (automatic),26.52,155.50,No
10790-ZWVC,Male,0,No,No,30,Yes,No,DSL,Yes,No,Yes,Yes,Yes,No,One year,No,Mailed check,73.68,2155.01,No
10791-HITN,Male,0,Yes,Yes,27,Yes,No,Fiber optic,No,Yes,No,No,No,No,One year,Yes,Credit card (automatic),74.64,2010.70,No
10792-GBUK,Male,0,No,No,23,Yes,No,Fiber optic,Yes,Yes,No,No,No,Yes,One year,Yes,Credit card (automatic),87.16,1950.33,No
10793-KRHZ,Female,0,Yes,No,45,Yes,No,No,No internet service,No internet service,No internet service,No internet service,No internet service,No internet service,One year,No,Bank transfer (automatic),18.25,818.83,No
10794-NICM,Female,1,Yes,No,52,No,No phone service,No,No internet service,No internet service,No internet service,No internet service,No internet service,No internet service,Month-to-month,No,Credit card (automatic),21.77,1150.42,No
10795-PJEY,Male,1,Yes,No,4,Yes,No,Fiber optic,Yes,No,Yes,No,Yes,Yes,Month-to-month,No,Credit card (automatic),100.0,408.00,Yes
10796-JTVR,Female,0,Yes,Yes,25,Yes,No,Fiber optic,No,Yes,Yes,No,Yes,Yes,Two year,Yes,Bank transfer (automatic),97.5,2433.89,No
10797-VVYV,Male,0,No,Yes,3,Yes,No,No,No internet service,No internet service,No internet service,No internet service,No internet service,No internet service,One year,No,Electronic check,22.01,66.12,No
10798-NYVW,Male,0,No,No,60,Yes,No,DSL,Yes,Yes,No,No,Yes,No,Two year,Yes,Bank transfer (automatic),65.18,3802.99,No
10799-JHLB,Male,0,Yes,No,67,Yes,Yes,Fiber optic,Yes,No,No,No,No,Yes,One year,Yes,Electronic check,88.35,5877.00,No
10800-PCCA,Female,0,No,No,34,Yes,No,No,No internet service,No internet service,No internet service,No internet service,No internet service,No internet service,One year,No,Electronic check,20.35,672.92,Yes
10801-VMIN,Female,1,No,No,69,Yes,No,Fiber optic,No,No,Yes,Yes,No,No,One year,No,Mailed check,84.43,5904.26,No
10802-SHEU,Female,0,No,No,46,Yes,Yes,No,No internet service,No internet service,No internet service,No internet service,No internet service,No internet service,Two year,Yes,Credit card (automatic),25.91,1201.27,No
10803-YSQB,Male,0,No,No,63,Yes,No,Fiber optic,No,Yes,No,Yes,Yes,No,Two year,Yes,Mailed check,88.14,5676.22,No
10804-KOXB,Male,1,No,No,69,Yes,No,Fiber optic,No,No,Yes,No,Yes,No,Month-to-month,No,Bank transfer (automatic),87.22,5974.62,Yes
10805-IMUZ,Female,0,No,No,43,Yes,Yes,No,No internet service,No internet service,No internet service,No internet service,No internet service,No internet service,Month-to-month,Yes,Credit card (automatic),25.3,1119.70,No
10806-BSPS,Male,0,Yes,No,33,Yes,No,Fiber optic,No,No,No,No,Yes,Yes,Month-to-month,No,Electronic check,80.49,2684.33,Yes
10807-XNYO,Male,0,No,No,54,Yes,Yes,No,No internet service,No internet service,No internet service,No internet service,No internet service,No internet service,Month-to-month,Yes,Bank transfer (automatic),30.79,1651.66,No
10808-MDXE,Female,0,Yes,No,13,Yes,Yes,No,No internet service,No internet service,No internet service,No internet service,No internet service,No internet service,Month-to-month,No,Bank transfer (automatic),25.88,339.45,No
10809-GBRW,Female,1,Yes,No,22,Yes,Yes,DSL,No,No,Yes,No,No,No,Month-to-month,No,Mailed check,56.12,1262.91,No
10810-IPOP,Male,0,Yes,No,40,Yes,No,DSL,Yes,Yes,No,No,Yes,Yes,Month-to-month,Yes,Credit card (automatic),68.77,2745.88,No
10811-RCXJ,Male,0,Yes,No,15,Yes,Yes,Fiber optic,Yes,Yes,No,No,No,Yes,Month-to-month,Yes,Mailed check,100.66,1465.64,Yes
10812-QUEC,Female,0,No,No,36,Yes,Yes,No,No internet service,No internet service,No internet service,No internet service,No internet service,No internet service,Two year,No,Electronic check,22.71,796.93,No
10813-SMBA,Male,1,No,No,62,No,No phone service,No,No internet service,No internet service,No internet service,No internet service,No internet service,No internet service,Month-to-month,No,Bank transfer (automatic),18.64,1174.99,Yes
10814-JYPZ,Male,0,No,Yes,57,No,No phone service,DSL,No,No,Yes,No,Yes,No,One year,No,Mailed check,58.05,3299.57,No
10815-LJDA,Male,0,No,No,65,Yes,Yes,Fiber optic,No,No,Yes,No,No,Yes,Two year,Yes,Credit card (automatic),83.71,5584.67,No
10816-EEVE,Male,0,Yes,No,62,Yes,No,Fiber optic,No,Yes,Yes,No,Yes,Yes,Month-to-month,Yes,Credit card (automatic),93.29,5815.10,Yes
10817-ZGHI,Female,1,No,No,24,Yes,Yes,Fiber optic,No,No,Yes,Yes,No,Yes,Month-to-month,Yes,Electronic check,95.98,2348.91,Yes
10818-XUKH,Female,0,Yes,Yes,52,Yes,Yes,Fiber optic,No,Yes,No,No,Yes,Yes,One year,No,Mailed check,101.36,5382.85,No
10819-FRWT,Female,0,Yes,No,27,Yes,No,No,No internet service,No internet service,No internet service,No internet service,No internet service,No internet service,One year,Yes,Electronic check,22.98,618.96,No
10820-UTLI,Male,1,No,No,70,No,No phone service,Fiber optic,No,No,Yes,No,No,No,Month-to-month,Yes,Credit card (automatic),75.32,5128.94,Yes
10821-BZCT,Male,0,No,Yes,13,Yes,Yes,DSL,Yes,No,Yes,Yes,Yes,Yes,Month-to-month,Yes,Electronic check,86.67,1099.65,Yes
10822-QMFT,Female,0,Yes,No,20,Yes,No,Fiber optic,Yes,No,Yes,No,No,No,Two year,Yes,Mailed check,81.2,1628.61,No
10823-HGBM,Male,0,Yes,No,68,No,No phone service,DSL,Yes,No,Yes,Yes,Yes,No,Month-to-month,Yes,Electronic check,70.87,4698.57,No
10824-VUXD,Female,0,Yes,Yes,18,Yes,No,Fiber optic,Yes,Yes,Yes,No,Yes,No,Two year,No,Mailed check,101.21,1854.08,No
10825-CATL,Female,0,No,Yes,45,Yes,No,No,No internet service,No internet service,No internet service,No internet service,No internet service,No internet service,Month-to-month,Yes,Credit card (automatic),20.5,897.59,No
10826-ZPCV,Male,0,Yes,No,21,Yes,Yes,Fiber optic,No,Yes,Yes,Yes,Yes,Yes,Month-to-month,Yes,Electronic check,109.43,2296.85,No
10827-PZSR,Female,0,Yes,No,21,Yes,Yes,No,No internet service,No internet service,No internet service,No internet service,No internet service,No internet service,Two year,No,Electronic check,23.77,506.81,No
10828-TVKJ,Female,0,No,No,49,Yes,Yes,Fiber optic,Yes,Yes,No,Yes,No,No,Two year,No,Credit card (automatic),101.69,5114.77,No
10829-IRSP,Male,0,No,Yes,58,Yes,No,Fiber optic,No,No,Yes,No,No,Yes,Month-to-month,No,Electronic check,83.09,4888.91,No
10830-KEIG,Female,1,Yes,Yes,17,Yes,Yes,Fiber optic,No,No,No,Yes,No,No,Month-to-month,No,Electronic check,86.03,1487.88,Yes
10831-JOOZ,Male,0,No,No,71,Yes,No,Fiber optic,Yes,No,Yes,Yes,No,Yes,Month-to-month,No,Electronic check,93.18,6652.09,Yes
10832-YBJD,Female,0,Yes,Yes,7,Yes,Yes,Fiber optic,Yes,No,Yes,Yes,No,No,Two year,No,Bank transfer (automatic),101.33,712.14,Yes
10833-AGZS,Female,0,Yes,No,8,Yes,Yes,DSL,No,No,Yes,Yes,Yes,Yes,Two year,No,Credit card (automatic),81.36,664.20,No
10834-GKZJ,Male,0,No,Yes,71,Yes,No,Fiber optic,Yes,Yes,Yes,Yes,No,Yes,One year,Yes,Mailed check,101.63,7269.65,Yes
10835-WNTA,Female,0,Yes,No,4,No,No phone service,DSL,Yes,No,Yes,Yes,Yes,No,Two year,Yes,Credit card (automatic),68.13,275.20,No
10836-MZZU,Male,0,Yes,No,23,No,No phone service,DSL,Yes,Yes,No,No,Yes,No,Month-to-month,No,Electronic check,66.99,1565.81,No
10837-HMNV,Female,0,No,No,9,Yes,No,Fiber optic,Yes,Yes,No,No,Yes,Yes,One year,No,Credit card (automatic),95.96,880.86,No
10838-EOWB,Female,0,No,Yes,17,Yes,No,No,No internet service,No internet service,No internet service,No internet service,No internet service,No internet service,Two year,No,Mailed check,22.14,365.23,No
10839-KUNX,Female,0,No,No,6,No,No phone service,DSL,No,No,No,Yes,Yes,Yes,Month-to-month,No,Electronic check,71.81,437.11,Yes
10840-SSSC,Female,1,No,No,26,Yes,Yes,No,No internet service,No internet service,No internet service,No internet service,No internet service,No internet service,Month-to-month,Yes,Bank transfer (automatic),23.94,608.55,No
10841-LWKK,Male,0,Yes,No,22,Yes,No,Fiber optic,No,No,No,No,Yes,No,One year,No,Electronic check,80.41,1727.52,No
10842-ETRZ,Female,0,No,Yes,12,Yes,No,DSL,Yes,No,Yes,No,No,Yes,Two year,Yes,Electronic check,66.24,788.31,No
10843-HFZI,Male,0,Yes,Yes,52,Yes,Yes,DSL,No,No,Yes,No,No,No,Two year,Yes,Mailed check,58.98,3088.92,No
10844-PBEV,Female,0,No,No,3,Yes,Yes,DSL,No,Yes,No,Yes,No,No,Month-to-month,Yes,Electronic check,66.58,202.46,Yes
10845-TURQ,Male,0,Yes,No,35,Yes,Yes,Fiber optic,Yes,Yes,Yes,Yes,No,No,Month-to-month,No,Mailed check,100.45,3616.34,Yes
10846-QVPF,Female,1,Yes,No,22,Yes,No,Fiber optic,No,No,No,No,No,No,One year,No,Credit card (automatic),72.17,1612.80,No
10847-PEYO,Male,1,Yes,No,47,Yes,No,Fiber optic,Yes,Yes,No,Yes,No,No,Month-to-month,Yes,Electronic check,90.65,4213.52,Yes
10848-SGWG,Female,0,No,No,25,Yes,No,DSL,No,Yes,Yes,No,No,Yes,Month-to-month,Yes,Mailed check,62.24,1581.33,Yes
10849-LSBF,Male,1,Yes,No,35,Yes,Yes,DSL,No,Yes,Yes,Yes,No,Yes,One year,Yes,Bank transfer (automatic),76.96,2722.85,No
10850-CALW,Female,0,No,No,59,Yes,No,DSL,Yes,No,No,No,Yes,No,Month-to-month,No,Mailed check,57.92,3490.38,No
10851-MZBB,Male,0,No,Yes,11,Yes,Yes,No,No internet service,No internet service,No internet service,No internet service,No internet service,No internet service,Two year,No,Bank transfer (automatic),26.73,295.25,No
10852-DJAS,Male,0,No,Yes,32,Yes,Yes,Fiber optic,No,No,No,Yes,Yes,No,Month-to-month,Yes,Electronic check,87.2,2752.81,No
10853-BAEE,Male,0,Yes,No,41,Yes,No,Fiber optic,No,Yes,No,Yes,Yes,No,Two year,Yes,Mailed check,87.09,3466.31,No
10854-DMEH,Male,0,Yes,No,54,Yes,No,Fiber optic,Yes,No,Yes,No,No,No,One year,Yes,Bank transfer (automatic),85.15,4621.77,No
10855-GMFM,Female,1,No,No,39,Yes,Yes,DSL,No,No,Yes,No,No,No,Month-to-month,No,Bank transfer (automatic),59.17,2295.64,Yes
10856-EBMN,Male,0,No,Yes,53,Yes,Yes,DSL,No,No,Yes,No,Yes,Yes,Month-to-month,No,Electronic check,75.36,4030.23,Yes
10857-SMHQ,Male,0,Yes,Yes,58,Yes,Yes,Fiber optic,No,No,Yes,No,Yes,No,Two year,Yes,Electronic check,89.8,5095.47,No
10858-DIIN,Male,0,No,No,57,Yes,No,No,No internet service,No internet service,No internet service,No internet service,No internet service,No internet service,Month-to-month,No,Bank transfer (automatic),20.18,1130.07,No
10859-CJVG,Male,0,Yes,No,45,Yes,Yes,No,No internet service,No internet service,No internet service,No internet service,No internet service,No internet service,Month-to-month,Yes,Electronic check,30.73,1360.67,Yes
10860-RURF,Female,1,Yes,No,67,No,No phone service,DSL,Yes,No,No,Yes,Yes,No,One year,Yes,Electronic check,64.44,4228.35,No
10861-XJAZ,Female,0,Yes,Yes,2,Yes,Yes,DSL,Yes,Yes,Yes,Yes,No,Yes,Two year,No,Mailed check,79.88,162.23,No
10862-SYRB,Male,0,Yes,No,36,Yes,Yes,Fiber optic,No,No,Yes,No,Yes,Yes,Two year,No,Mailed check,92.83,3321.23,No
10863-HEKX,Female,0,Yes,No,58,Yes,Yes,DSL,Yes,No,Yes,Yes,Yes,Yes,One year,Yes,Electronic check,85.43,4840.77,No
10864-TRLS,Female,0,No,No,8,Yes,No,No,No internet service,No internet service,No internet service,No internet service,No internet service,No internet service,Month-to-month,No,Mailed check,19.79,154.08,No
10865-SHFO,Female,0,Yes,Yes,59,Yes,Yes,DSL,No,No,Yes,No,No,Yes,Month-to-month,No,Mailed check,63.01,3757.53,Yes
10866-FCWI,Female,0,No,No,3,Yes,Yes,DSL,No,Yes,No,No,Yes,No,Month-to-month,Yes,Electronic check,58.84,174.75,Yes
10867-KPHA,Female,0,No,Yes,57,No,No phone service,DSL,No,No,No,No,No,Yes,Month-to-month,No,Mailed check,50.83,2934.77,No
10868-PBKV,Male,0,No,No,14,Yes,No,No,No internet service,No internet service,No internet service,No internet service,No internet service,No internet service,Two year,Yes,Bank transfer (automatic),21.31,296.32,No
10869-BSEV,Female,0,Yes,Yes,49,Yes,Yes,Fiber optic,Yes,Yes,Yes,Yes,No,No,Two year,Yes,Credit card (automatic),98.51,4844.12,Yes
10870-TJRE,Male,0,No,No,60,No,No phone service,DSL,No,No,Yes,Yes,No,No,Month-to-month,Yes,Credit card (automatic),56.75,3484.15,No
10871-VCSR,Male,0,Yes,Yes,59,Yes,Yes,Fiber optic,No,No,Yes,Yes,Yes,Yes,Month-to-month,Yes,Bank transfer (automatic),101.29,6043.88,No
10872-NDMH,Female,1,No,No,42,Yes,Yes,DSL,Yes,No,Yes,No,Yes,No,Month-to-month,No,Electronic check,77.25,3209.44,Yes
10873-JDAU,Male,1,Yes,No,66,Yes,Yes,DSL,Yes,No,Yes,Yes,Yes,No,Month-to-month,Yes,Credit card (automatic),79.58,5358.70,No
10874-KQLM,Female,0,No,Yes,11,Yes,No,No,No internet service,No internet service,No internet service,No internet service,No internet service,No internet service,Month-to-month,Yes,Electronic check,22.7,245.86,Yes
10875-UXCI,Female,0,Yes,Yes,18,Yes,No,Fiber optic,No,Yes,Yes,Yes,Yes,Yes,One year,No,Electronic check,98.9,1778.86,Yes
10876-OYHK,Female,1,No,No,10,Yes,No,Fiber optic,No,No,Yes,No,No,No,Two year,Yes,Electronic check,80.56,818.35,Yes
10877-YHGO,Male,0,Yes,No,52,Yes,Yes,Fiber optic,No,Yes,Yes,No,Yes,Yes,Month-to-month,No,Electronic check,101.36,5390.99,No
10878-EUZM,Male,0,Yes,No,65,Yes,Yes,Fiber optic,No,Yes,No,No,Yes,No,Two year,No,Mailed check,91.11,5950.55,No
10879-KZCR,Male,0,No,No,67,Yes,Yes,Fiber optic,No,Yes,No,Yes,No,Yes,Two year,No,Credit card (automatic),93.16,6069.84,Yes
10880-NQHP,Female,0,Yes,Yes,38,Yes,Yes,DSL,No,No,No,Yes,No,No,Two year,Yes,Electronic check,55.27,2061.71,No
10881-ITSG,Male,0,No,No,10,Yes,No,Fiber optic,Yes,Yes,Yes,No,Yes,No,Month-to-month,Yes,Electronic check,99.59,996.07,Yes
10882-LIHZ,Female,0,No,Yes,13,Yes,No,Fiber optic,No,No,No,No,No,Yes,Month-to-month,No,Electronic check,75.8,979.18,Yes
10883-IYJQ,Male,0,No,No,46,Yes,Yes,DSL,No,No,No,Yes,Yes,Yes,Month-to-month,Yes,Electronic check,62.7,2873.12,Yes
10884-PMLO,Male,1,No,No,65,Yes,No,DSL,No,Yes,Yes,Yes,Yes,No,One year,No,Bank transfer (automatic),68.22,4387.29,No
10885-WAPW,Male,0,No,No,72,Yes,No,No,No internet service,No internet service,No internet service,No internet service,No internet service,No internet service,Month-to-month,Yes,Electronic check,18.95,1334.13,No
10886-IZIE,Male,0,No,Yes,52,Yes,Yes,No,No internet service,No internet service,No internet service,No internet service,No internet service,No internet service,Month-to-month,No,Mailed check,24.58,1243.88,No
10887-WHTO,Male,0,Yes,Yes,64,Yes,No,DSL,No,No,Yes,Yes,Yes,Yes,Two year,Yes,Bank transfer (automatic),76.08,4838.39,No
10888-THSA,Male,0,No,No,35,Yes,Yes,DSL,No,Yes,No,Yes,Yes,Yes,Month-to-month,Yes,Electronic check,73.26,2509.36,Yes
10889-FJFR,Female,0,No,No,15,No,No phone service,Fiber optic,Yes,No,Yes,Yes,Yes,Yes,Month-to-month,No,Electronic check,102.45,1542.06,Yes
10890-OYIU,Female,0,Yes,No,34,Yes,No,Fiber optic,No,No,Yes,Yes,Yes,No,Month-to-month,No,Credit card (automatic),91.14,3064.43,Yes
10891-OEEI,Female,0,Yes,No,8,Yes,Yes,Fiber optic,Yes,No,Yes,No,Yes,No,One year,Yes,Electronic check,97.68,802.96,Yes
10892-JLLU,Male,0,Yes,Yes,49,Yes,Yes,No,No internet service,No internet service,No internet service,No internet service,No internet service,No internet service,Month-to-month,No,Credit card (automatic),28.12,1415.31,No
10893-QGPP,Male,0,No,No,24,Yes,Yes,No,No internet service,No internet service,No internet service,No internet service,No internet service,No internet service,Month-to-month,Yes,Credit card (automatic),25.11,594.32,No
10894-LJYH,Female,0,Yes,No,25,Yes,No,DSL,Yes,No,Yes,No,No,No,Month-to-month,No,Credit card (automatic),58.57,1466.89,Yes
10895-SHZC,Female,1,No,No,1,Yes,No,DSL,Yes,No,No,No,No,Yes,Month-to-month,No,Mailed check,53.66,52.35,Yes
10896-JHQI,Female,0,No,No,72,Yes,No,DSL,No,Yes,Yes,Yes,No,No,One year,Yes,Bank transfer (automatic),69.67,4941.22,No
10897-NIXC,Male,0,No,Yes,31,Yes,No,No,No internet service,No internet service,No internet service,No internet service,No internet service,No internet service,Two year,No,Electronic check,18.25,549.61,No
10898-ONWV,Male,0,Yes,No,57,Yes,No,Fiber optic,No,No,No,No,No,No,Month-to-month,No,Electronic check,69.76,3889.39,No
10899-ZQRY,Female,0,No,No,38,Yes,No,No,No internet service,No internet service,No internet service,No internet service,No internet service,No internet service,One year,Yes,Mailed check,18.25,675.97,Yes
10900-JFQU,Female,0,No,No,47,No,No phone service,Fiber optic,No,Yes,Yes,Yes,Yes,Yes,Month-to-month,No,Electronic check,100.12,4626.38,No
10901-FBDZ,Female,0,Yes,No,34,Yes,Yes,Fiber optic,Yes,Yes,No,Yes,No,No,Month-to-month,No,Bank transfer (automatic),92.67,3211.67,Yes
10902-DIUL,Female,0,Yes,No,50,Yes,Yes,DSL,No,No,No,No,Yes,No,Month-to-month,No,Mailed check,56.24,2876.63,Yes
10903-LDTF,Male,0,Yes,No,15,Yes,No,DSL,Yes,Yes,No,Yes,Yes,Yes,One year,Yes,Electronic check,78.5,1201.32,No
10904-IJQO,Female,1,No,No,72,Yes,No,No,No internet service,No internet service,No internet service,No internet service,No internet service,No internet service,One year,Yes,Bank transfer (automatic),20.24,1463.68,No
10905-FYUG,Female,0,Yes,Yes,31,Yes,No,Fiber optic,Yes,Yes,No,No,No,Yes,One year,No,Mailed check,87.75,2640.67,No
10906-IVGH,Female,0,Yes,No,1,Yes,Yes,No,No internet service,No internet service,No internet service,No internet service,No internet service,No internet service,Month-to-month,No,Mailed check,27.23,26.49,No
10907-EYKU,Female,1,Yes,No,69,No,No phone service,DSL,No,Yes,Yes,No,No,Yes,Month-to-month,No,Mailed check,70.4,4862.07,No
10908-FGOJ,Male,0,Yes,No,2,Yes,Yes,Fiber optic,No,Yes,Yes,No,No,Yes,Two year,Yes,Credit card (automatic),96.9,188.15,No
10909-UQWR,Female,0,Yes,No,35,No,No phone service,Fiber optic,Yes,Yes,Yes,No,No,Yes,Month-to-month,No,Electronic check,92.95,3176.06,No
10910-KTYB,Male,0,No,Yes,57,Yes,Yes,DSL,No,No,Yes,Yes,No,No,Two year,No,Electronic check,66.16,3675.43,No
10911-TAIP,Female,0,Yes,No,27,Yes,No,Fiber optic,Yes,Yes,No,Yes,Yes,Yes,Month-to-month,No,Electronic check,103.03,2781.55,No
10912-WSDU,Male,0,No,No,16,Yes,Yes,No,No internet service,No internet service,No internet service,No internet service,No internet service,No internet service,One year,Yes,Electronic check,30.42,497.80,Yes
10913-OOMI,Female,0,Yes,No,18,Yes,Yes,Fiber optic,Yes,No,No,Yes,Yes,Yes,One year,No,Bank transfer (automatic),100.94,1858.66,No
10914-UTBD,Female,0,Yes,No,50,Yes,Yes,Fiber optic,Yes,No,No,No,No,Yes,Month-to-month,Yes,Bank transfer (automatic),84.71,4302.34,Yes
10915-LWQN,Male,0,No,No,42,Yes,No,Fiber optic,Yes,Yes,Yes,Yes,No,No,Month-to-month,Yes,Electronic check,95.37,3994.89,No
10916-KVZS,Male,0,No,No,37,Yes,Yes,Fiber optic,Yes,No,No,Yes,Yes,Yes,Month-to-month,No,Credit card (automatic),97.09,3599.76,Yes
10917-XAVT,Female,1,No,No,38,Yes,Yes,No,No internet service,No internet service,No internet service,No internet service,No internet service,No internet service,Month-to-month,No,Electronic check,26.61,1017.04,No
10918-KNJB,Male,1,Yes,No,23,Yes,Yes,Fiber optic,Yes,Yes,No,No,Yes,No,Month-to-month,No,Electronic check,98.33,2300.05,Yes
10919-TASE,Female,0,No,No,68,Yes,Yes,Fiber optic,Yes,No,Yes,No,Yes,Yes,Month-to-month,Yes,Credit card (automatic),98.12,6847.35,No
10920-OGZC,Female,0,No,No,17,Yes,No,Fiber optic,No,Yes,Yes,No,Yes,Yes,One year,Yes,Mailed check,94.86,1625.48,No
10921-WXQF,Female,0,Yes,No,61,Yes,Yes,No,No internet service,No internet service,No internet service,No internet service,No internet service,No internet service,One year,Yes,Mailed check,26.44,1584.37,No
10922-VQMA,Male,0,No,No,56,Yes,Yes,No,No internet service,No internet service,No internet service,No internet service,No internet service,No internet service,One year,Yes,Electronic check,25.35,1414.69,No
10923-QQFB,Male,0,Yes,Yes,1,Yes,Yes,Fiber optic,Yes,No,Yes,Yes,Yes,No,Month-to-month,Yes,Electronic check,102.71,99.97,Yes
10924-NFJE,Female,0,Yes,No,13,Yes,No,DSL,Yes,No,Yes,No,No,No,Month-to-month,No,Electronic check,60.5,807.49,Yes
10925-NVBK,Female,0,No,No,40,Yes,No,No,No internet service,No internet service,No internet service,No internet service,No internet service,No internet service,Two year,Yes,Credit card (automatic),22.05,893.71,No
10926-RMUU,Female,0,No,No,12,Yes,No,DSL,No,Yes,No,No,Yes,Yes,Two year,Yes,Bank transfer (automatic),59.76,730.17,No
10927-ODQL,Male,0,No,No,62,Yes,No,DSL,No,Yes,Yes,Yes,No,Yes,Two year,No,Mailed check,78.89,5000.64,No
10928-TBSW,Female,0,No,No,32,No,No phone service,Fiber optic,Yes,No,Yes,Yes,Yes,Yes,One year,No,Bank transfer (automatic),107.07,3399.41,No
10929-XMYY,Female,0,Yes,No,61,Yes,Yes,Fiber optic,Yes,No,Yes,Yes,No,No,One year,No,Electronic check,99.34,6037.01,No
10930-CTDJ,Female,0,No,Yes,9,Yes,No,DSL,No,No,No,Yes,Yes,Yes,Month-to-month,Yes,Mailed check,63.41,568.68,Yes
10931-KSCB,Male,0,No,Yes,2,Yes,No,DSL,Yes,No,Yes,No,Yes,Yes,One year,No,Credit card (automatic),70.03,138.37,No
10932-VLOK,Female,1,Yes,No,47,Yes,No,No,No internet service,No internet service,No internet service,No internet service,No internet service,No internet service,Month-to-month,No,Electronic check,18.25,880.47,No
10933-QFLR,Female,0,Yes,No,58,Yes,Yes,Fiber optic,No,Yes,No,No,Yes,Yes,Month-to-month,Yes,Credit card (automatic),96.1,5569.11,No
10934-REZE,Male,0,No,Yes,72,No,No phone service,DSL,Yes,No,Yes,No,Yes,No,Month-to-month,Yes,Electronic check,66.54,4834.49,No
10935-MSDZ,Female,0,Yes,Yes,57,Yes,No,DSL,No,Yes,No,No,Yes,No,One year,Yes,Credit card (automatic),57.38,3331.45,No
10936-JACO,Female,0,No,Yes,54,Yes,Yes,Fiber optic,No,No,Yes,No,No,Yes,Month-to-month,No,Electronic check,91.83,4960.57,Yes
10937-FDDS,Male,0,No,Yes,5,Yes,Yes,DSL,No,No,Yes,Yes,Yes,Yes,Month-to-month,Yes,Electronic check,75.47,375.64,Yes
10938-FVFK,Female,0,No,No,44,Yes,No,DSL,Yes,No,No,No,No,No,Month-to-month,No,Mailed check,47.43,2078.78,Yes
10939-RSDT,Female,0,No,No,52,Yes,No,No,No internet service,No internet service,No internet service,No internet service,No internet service,No internet service,Two year,No,Electronic check,18.82,954.72,No
10940-TTSL,Female,0,No,No,29,No,No phone service,Fiber optic,No,No,Yes,No,Yes,Yes,One year,Yes,Electronic check,94.37,2785.51,Yes
10941-HIIX,Male,1,No,No,72,Yes,Yes,Fiber optic,Yes,No,Yes,No,No,No,Month-to-month,No,Electronic check,86.81,6416.71,No
10942-WTET,Female,1,Yes,Yes,72,No,No phone service,Fiber optic,No,No,No,Yes,No,Yes,Month-to-month,Yes,Mailed check,88.25,6208.15,Yes
10943-BTKY,Female,0,No,No,62,Yes,Yes,Fiber optic,No,Yes,No,Yes,Yes,Yes,One year,No,Electronic check,101.9,6344.94,No
10944-TOSY,Male,0,No,No,64,Yes,No,Fiber optic,No,Yes,Yes,No,Yes,No,One year,No,Credit card (automatic),89.14,5646.48,No
10945-AXIF,Female,0,No,Yes,41,Yes,No,Fiber optic,No,Yes,No,Yes,Yes,Yes,Month-to-month,Yes,Electronic check,94.66,3960.75,Yes
10946-JHNJ,Male,0,No,Yes,60,Yes,No,Fiber optic,Yes,No,No,Yes,No,No,Month-to-month,Yes,Electronic check,82.66,4975.32,Yes
10947-NEKO,Male,0,No,No,6,Yes,No,DSL,No,Yes,Yes,No,No,Yes,Two year,Yes,Bank transfer (automatic),62.08,377.68,No
10948-IIVG,Female,0,No,Yes,17,Yes,No,Fiber optic,No,No,No,Yes,Yes,No,Two year,No,Credit card (automatic),83.73,1452.29,No
10949-HOUD,Male,0,No,Yes,48,Yes,Yes,DSL,No,No,Yes,Yes,Yes,Yes,Month-to-month,Yes,Mailed check,73.59,3507.17,No
10950-IMQJ,Male,0,No,No,9,Yes,Yes,No,No internet service,No internet service,No internet service,No internet service,No internet service,No internet service,Month-to-month,Yes,Mailed check,26.2,233.58,Yes
10951-VQEA,Male,0,No,No,59,Yes,No,Fiber optic,No,No,No,No,Yes,No,Two year,Yes,Mailed check,77.38,4610.90,No
10952-LHPO,Female,0,Yes,Yes,13,Yes,No,No,No internet service,No internet service,No internet service,No internet service,No internet service,No internet service,One year,Yes,Electronic check,18.99,244.14,No
10953-IEJD,Male,0,Yes,No,26,Yes,Yes,Fiber optic,Yes,No,Yes,Yes,No,No,Month-to-month,Yes,Electronic check,103.1,2706.23,No
10954-ELXN,Female,0,No,Yes,19,Yes,Yes,Fiber optic,Yes,Yes,Yes,No,No,Yes,Two year,Yes,Mailed check,97.05,1859.20,No
10955-ELFV,Female,0,Yes,No,39,Yes,No,Fiber optic,Yes,Yes,No,No,No,No,Month-to-month,Yes,Credit card (automatic),80.87,3248.18,Yes
10956-VLKU,Female,0,Yes,No,6,Yes,Yes,DSL,No,No,No,No,Yes,No,One year,No,Mailed check,60.15,358.64,No
10957-DOST,Female,1,Yes,No,59,Yes,No,No,No internet service,No internet service,No internet service,No internet service,No internet service,No internet service,Month-to-month,Yes,Electronic check,18.25,1086.88,No
10958-EUPG,Male,0,No,No,64,Yes,Yes,Fiber optic,No,Yes,Yes,Yes,No,No,Month-to-month,Yes,Electronic check,93.03,5965.07,No
10959-THDG,Male,1,No,No,54,Yes,Yes,Fiber optic,No,Yes,Yes,No,No,Yes,Month-to-month,Yes,Credit card (automatic),96.23,5145.55,Yes
10960-MKZM,Female,0,No,No,14,Yes,Yes,No,No internet service,No internet service,No internet service,No internet service,No internet service,No internet service,Month-to-month,Yes,Credit card (automatic),23.63,335.57,Yes
10961-QTGE,Female,0,No,No,21,Yes,No,Fiber optic,Yes,No,No,Yes,No,No,Month-to-month,Yes,Bank transfer (automatic),87.11,1850.96,Yes
10962-IEYB,Female,0,No,No,17,Yes,No,Fiber optic,No,No,No,No,Yes,No,Month-to-month,No,Mailed check,78.16,1312.50,No
10963-QRZZ,Male,0,Yes,No,44,Yes,Yes,Fiber optic,Yes,No,No,No,No,No,Two year,Yes,Bank transfer (automatic),82.86,3740.01,No
10964-SJRM,Male,0,Yes,No,64,Yes,No,Fiber optic,No,No,Yes,Yes,No,Yes,Two year,Yes,Credit card (automatic),85.95,5507.07,No
10965-GEFA,Female,0,Yes,Yes,64,Yes,No,Fiber optic,Yes,No,No,No,Yes,Yes,Month-to-month,Yes,Mailed check,89.68,5737.16,No
10966-QRFK,Female,0,Yes,No,69,Yes,No,Fiber optic,No,No,No,Yes,Yes,No,One year,No,Credit card (automatic),89.42,6262.46,No
10967-GSOK,Male,0,No,Yes,50,Yes,No,No,No internet service,No internet service,No internet service,No internet service,No internet service,No internet service,One year,Yes,Credit card (automatic),22.0,1124.02,No
10968-QSWW,Female,1,Yes,No,16,Yes,Yes,DSL,Yes,No,Yes,No,No,No,Month-to-month,No,Electronic check,65.61,1052.53,No
10969-OGZH,Female,1,No,No,29,Yes,Yes,Fiber optic,No,Yes,Yes,No,No,No,Month-to-month,Yes,Mailed check,91.29,2621.38,No
10970-DNDM,Male,0,No,No,22,Yes,No,DSL,No,Yes,No,No,No,Yes,Two year,No,Bank transfer (automatic),57.19,1282.53,No
10971-MWYB,Female,0,Yes,Yes,5,Yes,No,Fiber optic,Yes,No,Yes,Yes,Yes,No,Month-to-month,Yes,Electronic check,98.13,482.36,No
10972-PRFB,Male,1,No,No,58,Yes,No,DSL,No,No,Yes,No,No,Yes,One year,Yes,Electronic check,62.59,3584.75,No
10973-MBWZ,Male,0,No,No,42,Yes,Yes,Fiber optic,Yes,No,No,No,Yes,No,Two year,Yes,Mailed check,86.81,3571.19,Yes
10974-PKUJ,Male,0,No,No,70,Yes,No,DSL,No,No,Yes,No,No,Yes,Two year,Yes,Credit card (automatic),59.19,4167.10,No
10975-XXMC,Female,0,No,No,61,No,No phone service,DSL,Yes,Yes,Yes,No,Yes,No,Month-to-month,No,Bank transfer (automatic),70.55,4303.14,No
10976-YCIW,Female,0,No,Yes,47,Yes,Yes,Fiber optic,Yes,Yes,No,No,Yes,No,Month-to-month,Yes,Mailed check,95.4,4403.04,No
10977-DGRT,Female,0,No,No,4,Yes,Yes,Fiber optic,No,Yes,Yes,Yes,No,No,Month-to-month,No,Mailed check,91.76,364.26,No
10978-LUHZ,Female,0,No,No,32,Yes,Yes,Fiber optic,Yes,Yes,No,Yes,Yes,No,One year,Yes,Bank transfer (automatic),98.62,3183.63,No
10979-EJYJ,Male,0,Yes,Yes,35,Yes,No,No,No internet service,No internet service,No internet service,No internet service,No internet service,No internet service,Two year,Yes,Credit card (automatic),21.64,753.98,No
10980-ZWVR,Male,0,No,No,49,Yes,No,DSL,Yes,No,No,No,Yes,Yes,Month-to-month,Yes,Electronic check,69.29,3439.85,Yes
10981-EJLR,Male,0,No,No,41,Yes,No,Fiber optic,Yes,Yes,Yes,Yes,Yes,No,Two year,No,Bank transfer (automatic),101.23,4236.34,Yes
10982-QRPO,Female,0,Yes,No,57,Yes,No,Fiber optic,No,No,No,Yes,Yes,No,Month-to-month,No,Electronic check,80.36,4521.56,No
10983-AOVW,Female,0,Yes,No,2,Yes,No,No,No internet service,No internet service,No internet service,No internet service,No internet service,No internet service,Month-to-month,No,Bank transfer (automatic),20.6,40.69,No
10984-IYCQ,Female,1,Yes,Yes,9,Yes,No,DSL,Yes,No,No,Yes,Yes,No,Month-to-month,No,Bank transfer (automatic),64.46,576.36,Yes
10985-IAUR,Male,1,Yes,No,69,Yes,Yes,Fiber optic,No,Yes,Yes,No,Yes,Yes,Month-to-month,Yes,Bank transfer (automatic),104.17,7293.11,Yes
10986-NIPI,Male,0,Yes,No,32,Yes,Yes,No,No internet service,No internet service,No internet service,No internet service,No internet service,No internet service,One year,Yes,Electronic check,27.4,875.24,No
10987-WXTI,Male,0,Yes,No,60,Yes,No,Fiber optic,Yes,No,Yes,No,Yes,Yes,Month-to-month,No,Credit card (automatic),94.32,5599.52,No
10988-INRG,Male,0,No,No,62,Yes,Yes,No,No internet service,No internet service,No internet service,No internet service,No internet service,No internet service,Month-to-month,Yes,Electronic check,23.94,1483.43,No
10989-DXRQ,Male,0,No,No,9,Yes,Yes,DSL,Yes,Yes,No,No,No,No,One year,No,Credit card (automatic),65.6,580.75,No
10990-TXLH,Female,0,No,No,51,Yes,Yes,DSL,No,Yes,No,Yes,No,Yes,Month-to-month,No,Electronic check,70.31,3503.88,No
10991-ERRQ,Female,0,Yes,No,13,Yes,No,Fiber optic,Yes,No,Yes,Yes,No,Yes,Month-to-month,Yes,Mailed check,96.12,1236.67,No
10992-BSZM,Male,0,No,No,12,Yes,Yes,DSL,No,No,Yes,Yes,No,Yes,Month-to-month,Yes,Electronic check,70.2,822.33,Yes
10993-QJMV,Male,0,Yes,No,18,No,No phone service,Fiber optic,Yes,No,Yes,No,Yes,No,Month-to-month,Yes,Electronic check,91.86,1639.09,Yes
10994-BABN,Female,1,Yes,No,55,Yes,No,DSL,Yes,Yes,Yes,No,No,No,Month-to-month,Yes,Mailed check,60.67,3307.71,No
10995-HJBJ,Male,0,No,No,7,Yes,No,Fiber optic,Yes,No,Yes,No,No,Yes,One year,Yes,Credit card (automatic),88.79,636.69,Yes
10996-PFCN,Male,0,No,No,49,No,No phone service,No,No internet service,No internet service,No internet service,No internet service,No internet service,No internet service,Month-to-month,Yes,Bank transfer (automatic),20.02,1007.62,No
10997-FEIJ,Female,0,No,No,28,Yes,Yes,No,No internet service,No internet service,No internet service,No internet service,No internet service,No internet service,One year,No,Bank transfer (automatic),28.62,785.71,No
10998-VMSN,Female,0,No,No,20,Yes,No,DSL,Yes,No,No,Yes,No,No,One year,Yes,Electronic check,57.33,1144.01,No
10999-HPPN,Female,0,No,No,18,Yes,Yes,DSL,Yes,No,Yes,Yes,Yes,No,Month-to-month,No,Credit card (automatic),75.88,1351.25,No
11000-JJMO,Male,0,No,No,25,Yes,Yes,No,No internet service,No internet service,No internet service,No internet service,No internet service,No internet service,Month-to-month,No,Electronic check,24.89,613.85,No
11001-XGTP,Female,0,No,No,26,Yes,Yes,Fiber optic,Yes,Yes,No,No,Yes,No,Month-to-month,No,Mailed check,98.58,2529.35,Yes
11002-CAXY,Male,0,Yes,Yes,23,Yes,Yes,Fiber optic,Yes,Yes,No,Yes,No,Yes,Month-to-month,Yes,Credit card (automatic),105.26,2486.13,Yes
11003-TLYR,Male,0,Yes,Yes,38,Yes,No,No,No internet service,No internet service,No internet service,No internet service,No internet service,No internet service,Month-to-month,Yes,Electronic check,18.7,716.99,No
11004-HWAX,Female,0,No,No,72,Yes,No,Fiber optic,No,Yes,Yes,Yes,No,Yes,One year,Yes,Electronic check,89.26,6572.98,No
11005-NYBY,Female,0,No,Yes,33,Yes,No,Fiber optic,No,Yes,Yes,No,No,Yes,One year,No,Credit card (automatic),92.74,3038.85,Yes
11006-SZZM,Male,0,Yes,No,14,Yes,No,No,No internet service,No internet service,No internet service,No internet service,No internet service,No internet service,Month-to-month,No,Electronic check,19.46,268.94,No
11007-IZBK,Female,0,Yes,Yes,45,Yes,Yes,Fiber optic,Yes,No,No,No,Yes,Yes,Month-to-month,Yes,Mailed check,93.87,4285.34,Yes
11008-CFRT,Male,0,Yes,Yes,60,No,No phone service,Fiber optic,Yes,No,No,No,No,No,Two year,Yes,Credit card (automatic),72.42,4292.76,No
11009-MFQQ,Male,0,No,No,44,Yes,No,No,No internet service,No internet service,No internet service,No internet service,No internet service,No internet service,Month-to-month,Yes,Electronic check,22.34,974.75,No
11010-FMNI,Male,0,Yes,No,39,Yes,No,Fiber optic,No,No,No,Yes,Yes,Yes,Two year,Yes,Bank transfer (automatic),91.57,3661.63,Yes
11011-XVWE,Female,0,No,No,49,Yes,Yes,No,No internet service,No internet service,No internet service,No internet service,No internet service,No internet service,Month-to-month,No,Bank transfer (automatic),28.89,1446.36,No
11012-RSLS,Female,0,Yes,No,64,Yes,No,DSL,Yes,Yes,Yes,Yes,No,No,Two year,No,Electronic check,69.61,4366.79,No
11013-MACB,Male,1,Yes,Yes,6,Yes,No,No,No internet service,No internet service,No internet service,No internet service,No internet service,No internet service,Month-to-month,Yes,Electronic check,18.25,108.75,Yes
11014-KPBJ,Male,0,Yes,Yes,71,Yes,Yes,DSL,Yes,Yes,No,Yes,Yes,No,Two year,Yes,Bank transfer (automatic),78.04,5523.36,No
11015-SJKP,Male,0,No,No,65,Yes,No,DSL,Yes,No,No,No,Yes,No,Month-to-month,Yes,Electronic check,57.61,3777.53,No
11016-MUTJ,Male,0,Yes,No,70,Yes,No,Fiber optic,Yes,Yes,No,No,No,Yes,One year,Yes,Bank transfer (automatic),93.92,6399.48,No
11017-ZCTQ,Male,0,Yes,No,36,Yes,Yes,No,No internet service,No internet service,No internet service,No internet service,No internet service,No internet service,One year,No,Credit card (automatic),31.72,1133.35,No
11018-BLPT,Male,1,No,No,62,Yes,No,Fiber optic,No,No,Yes,Yes,No,Yes,One year,No,Electronic check,82.79,5002.61,No
11019-BUDC,Female,0,No,No,6,Yes,No,Fiber optic,Yes,Yes,No,Yes,Yes,No,Month-to-month,No,Electronic check,96.79,585.64,No
11020-UZQG,Male,0,Yes,No,30,Yes,Yes,No,No internet service,No internet service,No internet service,No internet service,No internet service,No internet service,One year,No,Bank transfer (automatic),28.25,862.53,No
11021-QBDE,Male,1,No,Yes,64,Yes,Yes,Fiber optic,Yes,No,No,No,Yes,Yes,One year,No,Bank transfer (automatic),100.6,6469.66,Yes
11022-APBT,Female,0,Yes,Yes,20,Yes,Yes,No,No internet service,No internet service,No internet service,No internet service,No internet service,No internet service,One year,No,Mailed check,26.24,524.44,No
11023-TXFV,Male,0,No,Yes,55,Yes,Yes,DSL,No,Yes,Yes,Yes,No,No,One year,No,Mailed check,67.46,3671.83,No
11024-XUBG,Male,0,Yes,No,24,Yes,Yes,DSL,No,No,Yes,No,No,Yes,One year,Yes,Credit card (automatic),64.15,1545.86,No
11025-CGMG,Male,0,No,No,43,Yes,Yes,DSL,No,No,Yes,Yes,Yes,Yes,Two year,Yes,Bank transfer (automatic),74.49,3200.05,No
11026-GLEA,Male,0,No,Yes,48,Yes,No,No,No internet service,No internet service,No internet service,No internet service,No internet service,No internet service,Two year,No,Mailed check,22.5,1089.46,Yes
11027-GKEE,Male,0,No,Yes,64,No,No phone service,DSL,No,Yes,No,No,No,Yes,Month-to-month,Yes,Electronic check,55.11,3472.16,No
11028-UIBN,Female,1,No,Yes,25,Yes,No,Fiber optic,Yes,No,No,Yes,Yes,No,Two year,Yes,Electronic check,89.5,2227.14,No
11029-GYMG,Male,0,Yes,No,57,Yes,No,DSL,No,Yes,Yes,Yes,Yes,No,Two year,Yes,Bank transfer (automatic),66.74,3812.21,No
11030-XNGW,Female,0,No,No,32,Yes,Yes,DSL,No,No,Yes,Yes,No,Yes,One year,Yes,Electronic check,74.49,2426.25,No
11031-VVDX,Female,0,Yes,No,29,Yes,No,Fiber optic,Yes,No,No,No,Yes,No,One year,Yes,Electronic check,86.52,2584.07,No
11032-JDQW,Male,0,Yes,No,6,Yes,Yes,DSL,Yes,No,No,No,No,Yes,Month-to-month,No,Electronic check,62.49,372.96,No
11033-MVDV,Male,1,No,Yes,6,Yes,Yes,No,No internet service,No internet service,No internet service,No internet service,No internet service,No internet service,Month-to-month,Yes,Credit card (automatic),29.19,176.78,No
11034-UMSG,Male,0,No,No,56,Yes,No,No,No internet service,No internet service,No internet service,No internet service,No internet service,No internet service,Month-to-month,Yes,Bank transfer (automatic),21.92,1212.43,No
11035-TJAO,Male,0,No,No,8,Yes,Yes,Fiber optic,No,Yes,Yes,No,Yes,No,Two year,No,Credit card (automatic),95.95,774.75,No
11036-DQWG,Female,1,No,Yes,9,Yes,Yes,Fiber optic,Yes,Yes,Yes,Yes,Yes,No,One year,Yes,Electronic check,105.08,925.50,Yes
11037-WCWR,Female,1,No,No,14,Yes,No,No,No internet service,No internet service,No internet service,No internet service,No internet service,No internet service,Month-to-month,Yes,Mailed check,20.13,277.65,Yes
11038-JAGC,Male,1,No,No,25,Yes,Yes,Fiber optic,Yes,Yes,No,No,Yes,No,Two year,Yes,Bank transfer (automatic),102.18,2550.62,No
11039-NGCC,Male,0,No,Yes,12,Yes,No,DSL,No,No,No,No,No,Yes,One year,No,Credit card (automatic),50.28,596.34,No
11040-SMYR,Male,0,No,No,43,No,No phone service,Fiber optic,No,Yes,No,No,No,Yes,One year,Yes,Bank transfer (automatic),80.41,3393.86,No
11041-HGQZ,Female,0,Yes,No,60,Yes,Yes,Fiber optic,No,Yes,Yes,Yes,Yes,Yes,Month-to-month,Yes,Electronic check,104.63,6368.27,Yes
11042-UEEY,Female,0,No,No,39,Yes,Yes,Fiber optic,No,No,Yes,No,Yes,No,One year,Yes,Bank transfer (automatic),89.67,3510.43,No
11043-YCUT,Male,1,No,No,48,Yes,Yes,Fiber optic,Yes,Yes,Yes,Yes,Yes,No,Two year,Yes,Mailed check,112.04,5511.26,Yes
11044-RNMX,Male,0,No,Yes,65,Yes,Yes,No,No internet service,No internet service,No internet service,No internet service,No internet service,No internet service,Month-to-month,Yes,Electronic check,26.72,1685.52,No
11045-HHFK,Male,0,Yes,No,65,Yes,No,Fiber optic,Yes,No,Yes,Yes,No,No,Month-to-month,Yes,Credit card (automatic),87.86,5605.59,Yes
11046-RYVF,Male,1,Yes,Yes,48,Yes,Yes,DSL,No,Yes,No,Yes,No,Yes,Month-to-month,Yes,Mailed check,65.67,3161.04,Yes
11047-ECVZ,Male,1,Yes,Yes,5,Yes,No,Fiber optic,No,Yes,No,Yes,No,Yes,One year,No,Mailed check,83.77,417.08,No
11048-COQV,Male,0,Yes,Yes,57,Yes,Yes,Fiber optic,No,No,Yes,No,No,No,One year,Yes,Credit card (automatic),83.69,4912.50,No
11049-SOLM,Male,1,No,No,55,Yes,Yes,DSL,No,Yes,Yes,Yes,No,Yes,Two year,No,Credit card (automatic),76.51,4226.34,No
11050-ILGM,Male,0,Yes,No,22,Yes,Yes,DSL,Yes,Yes,Yes,No,Yes,Yes,Month-to-month,No,Bank transfer (automatic),81.84,1756.34,Yes
11051-ATPA,Male,0,Yes,No,12,Yes,No,Fiber optic,Yes,Yes,Yes,No,Yes,No,Two year,No,Credit card (automatic),95.32,1139.64,No
11052-KMAC,Female,0,No,No,10,Yes,Yes,Fiber optic,No,Yes,No,Yes,Yes,No,Two year,No,Mailed check,98.96,970.32,Yes
11053-EOEJ,Female,1,Yes,No,20,Yes,No,DSL,Yes,Yes,Yes,No,Yes,No,Two year,No,Credit card (automatic),73.1,1435.78,No
11054-DGGQ,Male,1,Yes,No,54,No,No phone service,Fiber optic,No,Yes,No,Yes,Yes,No,One year,Yes,Bank transfer (automatic),90.56,4832.57,No
11055-ODCW,Male,0,No,No,69,Yes,No,Fiber optic,Yes,No,No,Yes,No,Yes,Month-to-month,Yes,Credit card (automatic),88.79,6227.24,Yes
11056-ALPB,Female,0,No,Yes,12,Yes,No,DSL,Yes,No,Yes,Yes,Yes,Yes,One year,Yes,Credit card (automatic),75.91,914.45,Yes
11057-GJRL,Female,0,No,Yes,30,Yes,No,No,No internet service,No internet service,No internet service,No internet service,No internet service,No internet service,One year,No,Mailed check,21.45,649.16,No
11058-YBVL,Male,0,No,No,61,Yes,No,Fiber optic,Yes,Yes,No,No,No,Yes,Month-to-month,Yes,Credit card (automatic),96.44,5833.88,Yes
11059-CMBN,Female,1,No,No,7,Yes,Yes,DSL,Yes,Yes,Yes,Yes,Yes,Yes,Two year,Yes,Mailed check,88.42,626.98,No
11060-YUBT,Male,0,Yes,Yes,68,Yes,Yes,No,No internet service,No internet service,No internet service,No internet service,No internet service,No internet service,Month-to-month,No,Credit card (automatic),23.04,1592.43,No
11061-CJYU,Male,0,No,No,2,Yes,No,Fiber optic,Yes,Yes,Yes,No,No,No,Two year,Yes,Bank transfer (automatic),85.94,171.11,No
11062-JCCV,Female,0,No,No,21,No,No phone service,No,No internet service,No internet service,No internet service,No internet service,No internet service,No internet service,Two year,No,Credit card (automatic),18.25,375.26,No
11063-SWYU,Female,0,No,No,3,Yes,No,DSL,Yes,Yes,Yes,Yes,No,Yes,One year,Yes,Bank transfer (automatic),79.55,244.47,No
11064-GYDG,Female,0,Yes,Yes,55,Yes,Yes,Fiber optic,No,Yes,Yes,No,Yes,No,Two year,Yes,Bank transfer (automatic),94.78,5224.25,No
11065-UBTV,Male,1,Yes,Yes,31,Yes,No,Fiber optic,No,No,Yes,No,Yes,Yes,Month-to-month,Yes,Credit card (automatic),88.61,2719.86,Yes
11066-PUEI,Female,0,Yes,No,32,Yes,No,No,No internet service,No internet service,No internet service,No internet service,No internet service,No internet service,Month-to-month,Yes,Credit card (automatic),18.25,584.06,No
11067-ELWO,Male,0,No,No,40,Yes,No,No,No internet service,No internet service,No internet service,No internet service,No internet service,No internet service,Month-to-month,Yes,Bank transfer (automatic),18.25,739.38,No
11068-BACX,Female,0,No,No,22,Yes,Yes,Fiber optic,No,Yes,No,Yes,Yes,Yes,Month-to-month,No,Bank transfer (automatic),104.9,2343.89,No
11069-AWGU,Male,1,Yes,Yes,55,Yes,Yes,No,No internet service,No internet service,No internet service,No internet service,No internet service,No internet service,Month-to-month,No,Electronic check,24.69,1324.88,No
11070-KLPG,Male,0,No,Yes,32,Yes,Yes,DSL,Yes,No,Yes,Yes,Yes,Yes,Month-to-month,No,Mailed check,84.98,2784.55,No
11071-IWOH,Female,0,No,No,58,Yes,No,Fiber optic,Yes,Yes,No,No,Yes,No,Month-to-month,Yes,Credit card (automatic),91.16,5385.40,No
11072-WLHF,Female,0,No,Yes,47,Yes,Yes,Fiber optic,Yes,No,No,No,Yes,No,One year,No,Electronic check,85.74,4113.18,Yes
11073-YLPQ,Female,1,Yes,No,49,Yes,Yes,DSL,Yes,No,Yes,Yes,Yes,Yes,Month-to-month,Yes,Credit card (automatic),82.47,4081.15,Yes
11074-LBBG,Male,0,No,No,72,Yes,Yes,DSL,No,Yes,Yes,Yes,Yes,Yes,One year,Yes,Bank transfer (automatic),76.45,5530.83,No
11075-RCWL,Male,0,No,No,37,Yes,Yes,DSL,No,No,No,No,Yes,Yes,One year,Yes,Electronic check,66.32,2390.51,No
11076-IAKH,Female,0,No,Yes,22,Yes,Yes,DSL,Yes,No,No,Yes,No,No,One year,Yes,Credit card (automatic),63.25,1406.98,No
11077-UDVE,Female,0,No,No,53,Yes,No,DSL,No,No,Yes,No,Yes,No,Two year,No,Mailed check,57.06,2997.25,No
11078-IMFY,Male,1,No,No,51,Yes,Yes,DSL,No,Yes,Yes,No,No,Yes,One year,No,Mailed check,68.24,3537.66,No
11079-AQYZ,Female,1,Yes,No,35,Yes,Yes,Fiber optic,No,Yes,No,Yes,No,No,One year,No,Mailed check,91.16,3254.07,No
11080-HQQR,Female,0,No,No,25,Yes,No,Fiber optic,Yes,Yes,Yes,Yes,No,Yes,Month-to-month,Yes,Electronic check,102.89,2593.99,Yes
11081-YZTG,Male,0,Yes,No,67,Yes,No,DSL,No,No,Yes,No,No,Yes,Month-to-month,No,Bank transfer (automatic),56.04,3785.42,Yes
11082-XULN,Female,1,No,Yes,19,Yes,Yes,Fiber optic,Yes,No,Yes,No,Yes,Yes,One year,No,Mailed check,106.93,2078.73,No
11083-PCBB,Female,1,No,No,6,Yes,Yes,DSL,Yes,No,Yes,No,Yes,No,Two year,No,Credit card (automatic),68.82,422.54,No
11084-YHCK,Female,0,No,No,46,Yes,Yes,Fiber optic,No,Yes,No,Yes,Yes,Yes,One year,Yes,Bank transfer (automatic),104.02,4685.00,No
11085-UHGL,Female,0,No,No,6,Yes,No,No,No internet service,No internet service,No internet service,No internet service,No internet service,No internet service,Two year,Yes,Mailed check,22.34,131.97,No
11086-ORSQ,Male,0,Yes,No,55,Yes,No,Fiber optic,No,No,No,No,No,Yes,Two year,Yes,Credit card (automatic),75.16,4107.79,No
11087-YHFY,Female,1,Yes,No,61,No,No phone service,Fiber optic,No,No,Yes,Yes,No,Yes,Two year,No,Credit card (automatic),83.84,5242.26,No
11088-QLRJ,Female,0,No,Yes,52,Yes,Yes,Fiber optic,No,Yes,No,Yes,No,Yes,One year,No,Bank transfer (automatic),94.69,5024.39,No
11089-XHHK,Female,0,Yes,Yes,18,Yes,No,DSL,No,No,Yes,No,Yes,Yes,Two year,No,Credit card (automatic),62.52,1104.61,No
11090-NDYJ,Female,0,Yes,No,68,No,No phone service,Fiber optic,Yes,No,No,No,No,No,One year,Yes,Mailed check,79.43,5311.23,No
11091-TCER,Male,0,No,No,7,Yes,Yes,DSL,Yes,No,No,No,Yes,Yes,Month-to-month,Yes,Electronic check,69.73,479.20,Yes
11092-QJXO,Male,0,Yes,Yes,8,Yes,No,Fiber optic,Yes,Yes,No,Yes,No,No,Month-to-month,No,Mailed check,91.92,749.33,Yes
11093-MLYV,Male,0,Yes,No,22,Yes,Yes,No,No internet service,No internet service,No internet service,No internet service,No internet service,No internet service,Two year,Yes,Mailed check,29.11,633.63,No
11094-GHIR,Female,0,Yes,No,39,Yes,Yes,No,No internet service,No internet service,No internet service,No internet service,No internet service,No internet service,Month-to-month,No,Mailed check,28.08,1113.50,Yes
11095-CCJX,Female,0,No,No,52,Yes,No,Fiber optic,No,Yes,No,Yes,No,No,Month-to-month,Yes,Electronic check,76.08,3853.72,Yes
11096-KQAG,Female,0,Yes,Yes,21,Yes,No,Fiber optic,Yes,No,No,Yes,Yes,Yes,One year,No,Electronic check,93.78,2019.63,No
11097-XJNA,Male,1,No,Yes,66,Yes,No,Fiber optic,Yes,Yes,Yes,No,No,Yes,Month-to-month,No,Mailed check,93.41,6049.55,Yes
11098-FXFN,Female,0,No,No,59,Yes,Yes,Fiber optic,Yes,No,Yes,Yes,No,Yes,Month-to-month,No,Bank transfer (automatic),108.05,6249.23,No
11099-OSPP,Male,0,Yes,No,17,Yes,Yes,No,No internet service,No internet service,No internet service,No internet service,No internet service,No internet service,Two year,Yes,Electronic check,28.62,485.27,No
11100-YTSB,Male,0,Yes,Yes,5,Yes,Yes,Fiber optic,Yes,No,Yes,Yes,Yes,No,One year,No,Electronic check,100.51,513.21,No
11101-PWRQ,Female,0,Yes,No,51,Yes,Yes,Fiber optic,Yes,No,No,No,No,No,Month-to-month,Yes,Electronic check,79.47,4067.35,Yes
11102-VCKE,Male,0,No,No,13,Yes,No,DSL,No,No,Yes,No,Yes,Yes,Month-to-month,Yes,Mailed check,64.93,840.15,No
11103-HGYH,Male,0,Yes,No,21,Yes,No,Fiber optic,Yes,Yes,Yes,No,No,Yes,One year,Yes,Electronic check,98.1,2049.95,No
11104-DZVA,Male,1,Yes,No,56,Yes,No,Fiber optic,Yes,No,No,No,No,No,Month-to-month,No,Mailed check,76.28,4226.60,Yes
11105-BBEV,Male,1,Yes,No,14,Yes,No,DSL,Yes,Yes,Yes,No,No,Yes,Month-to-month,Yes,Bank transfer (automatic),71.22,987.14,No
11106-WHJM,Male,0,Yes,No,26,Yes,No,Fiber optic,No,Yes,No,No,Yes,No,Month-to-month,Yes,Credit card (automatic),87.11,2287.16,Yes
11107-ZCMM,Female,1,No,No,67,Yes,Yes,No,No internet service,No internet service,No internet service,No internet service,No internet service,No internet service,Month-to-month,No,Mailed check,23.16,1551.87,Yes
11108-TNYE,Female,0,Yes,Yes,50,Yes,Yes,Fiber optic,Yes,No,Yes,No,Yes,No,Two year,No,Bank transfer (automatic),94.33,4837.48,No
11109-BPIX,Male,0,No,No,45,Yes,Yes,DSL,No,No,Yes,Yes,Yes,No,Month-to-month,Yes,Bank transfer (automatic),73.49,3284.16,Yes
11110-BFRM,Male,1,Yes,No,72,Yes,No,DSL,No,Yes,Yes,Yes,Yes,Yes,Month-to-month,Yes,Mailed check,77.59,5450.60,No
11111-LMNW,Male,0,No,No,56,Yes,No,Fiber optic,Yes,No,No,Yes,Yes,No,One year,Yes,Mailed check,92.5,5132.07,No
11112-ZKZL,Male,0,No,No,34,Yes,No,DSL,No,Yes,No,No,Yes,Yes,Month-to-month,No,Electronic check,67.4,2274.53,Yes
11113-OKDV,Female,0,Yes,No,48,Yes,No,DSL,No,Yes,Yes,No,Yes,No,Month-to-month,No,Electronic check,71.44,3415.14,No
11114-GVHD,Male,0,No,Yes,39,Yes,Yes,DSL,No,Yes,Yes,Yes,Yes,Yes,Month-to-month,Yes,Mailed check,81.4,3224.72,No
11115-EAUW,Male,1,No,No,27,Yes,No,Fiber optic,No,No,No,No,Yes,Yes,Two year,Yes,Electronic check,78.69,2112.45,No
11116-SDRI,Male,0,No,Yes,71,Yes,No,DSL,Yes,No,No,Yes,Yes,Yes,Month-to-month,Yes,Mailed check,65.17,4591.39,No
11117-ZPAK,Male,0,No,Yes,43,Yes,Yes,DSL,Yes,Yes,Yes,No,No,No,One year,Yes,Bank transfer (automatic),68.57,2962.30,No
11118-HSCR,Male,0,No,No,54,Yes,No,No,No internet service,No internet service,No internet service,No internet service,No internet service,No internet service,One year,Yes,Bank transfer (automatic),18.49,1014.84,No
11119-BMDC,Male,1,Yes,No,30,Yes,Yes,No,No internet service,No internet service,No internet service,No internet service,No internet service,No internet service,Month-to-month,Yes,Electronic check,28.67,873.19,No
11120-XCRN,Female,0,No,No,15,Yes,No,No,No internet service,No internet service,No internet service,No internet service,No internet service,No internet service,Two year,No,Electronic check,22.0,334.36,No
11121-FKVD,Female,0,Yes,No,9,Yes,No,DSL,Yes,Yes,No,No,No,No,Month-to-month,Yes,Credit card (automatic),59.48,546.24,No
11122-POOF,Female,0,No,No,58,Yes,Yes,DSL,No,No,Yes,No,No,No,Month-to-month,Yes,Mailed check,55.73,3174.99,No
11123-NOCK,Male,0,No,No,38,Yes,No,Fiber optic,Yes,Yes,Yes,Yes,Yes,No,One year,No,Electronic check,102.47,3818.68,No
11124-AENI,Female,0,No,No,38,Yes,No,Fiber optic,Yes,Yes,Yes,Yes,Yes,Yes,Month-to-month,Yes,Bank transfer (automatic),107.59,4049.26,Yes
11125-PGJX,Female,0,No,Yes,9,Yes,No,Fiber optic,Yes,Yes,No,No,No,No,Two year,Yes,Credit card (automatic),89.55,824.96,Yes
11126-ZALQ,Male,0,Yes,No,57,Yes,No,No,No internet service,No internet service,No internet service,No internet service,No internet service,No internet service,One year,Yes,Bank transfer (automatic),18.25,1014.94,No
11127-JPCG,Male,0,No,No,19,Yes,No,Fiber optic,No,No,Yes,No,Yes,Yes,Month-to-month,Yes,Bank transfer (automatic),89.82,1665.56,Yes
11128-PSPQ,Female,0,Yes,Yes,44,Yes,No,No,No internet service,No internet service,No internet service,No internet service,No internet service,No internet service,Month-to-month,No,Credit card (automatic),20.65,916.67,No
11129-JXNU,Male,0,No,Yes,26,Yes,No,No,No internet service,No internet service,No internet service,No internet service,No internet service,No internet service,One year,No,Electronic check,20.56,540.24,No
11130-JFTG,Male,0,No,Yes,17,Yes,No,DSL,No,Yes,Yes,Yes,No,No,Two year,Yes,Mailed check,71.76,1228.99,No
11131-FMDP,Female,0,Yes,No,12,Yes,Yes,Fiber optic,No,No,No,No,No,No,Month-to-month,Yes,Electronic check,76.74,909.65,Yes
11132-QZLC,Female,0,No,No,59,Yes,No,Fiber optic,No,No,No,No,Yes,Yes,Month-to-month,Yes,Bank transfer (automatic),79.85,4769.81,No
11133-FWLB,Female,0,Yes,No,7,Yes,Yes,DSL,Yes,Yes,Yes,Yes,No,No,One year,Yes,Bank transfer (automatic),78.93,564.75,No
11134-UOQG,Female,0,No,Yes,1,Yes,No,Fiber optic,No,No,Yes,Yes,No,No,One year,Yes,Credit card (automatic),83.45,83.77,Yes
11135-QTBC,Female,0,No,No,23,No,No phone service,Fiber optic,Yes,No,No,No,Yes,No,One year,Yes,Bank transfer (automatic),81.02,1820.04,No
11136-DDLL,Female,0,No,No,64,Yes,No,Fiber optic,No,Yes,Yes,Yes,No,No,Month-to-month,No,Bank transfer (automatic),88.64,5747.11,Yes
11137-EIST,Male,0,No,No,51,Yes,Yes,No,No internet service,No internet service,No internet service,No internet service,No internet service,No internet service,Month-to-month,Yes,Mailed check,24.75,1274.73,No
11138-TNQY,Female,0,Yes,No,59,Yes,No,DSL,No,Yes,No,No,Yes,No,Month-to-month,No,Electronic check,58.91,3435.93,Yes
11139-UFRW,Female,1,Yes,No,15,Yes,No,No,No internet service,No internet service,No internet service,No internet service,No internet service,No internet service,Two year,No,Mailed check,22.69,336.97,No
11140-DXOF,Female,0,Yes,No,70,Yes,No,DSL,No,No,No,No,Yes,Yes,Month-to-month,No,Electronic check,59.6,4294.32,No
11141-FTCX,Female,1,Yes,No,9,Yes,No,No,No internet service,No internet service,No internet service,No internet service,No internet service,No internet service,Month-to-month,Yes,Bank transfer (automatic),18.81,168.26,No
11142-SXLB,Male,0,Yes,No,3,No,No phone service,DSL,Yes,Yes,No,No,No,No,Month-to-month,Yes,Electronic check,54.56,159.83,Yes
11143-WCHP,Male,0,No,No,35,Yes,Yes,Fiber optic,Yes,Yes,Yes,No,Yes,Yes,Month-to-month,No,Electronic check,109.26,3773.08,Yes
11144-HANS,Male,0,No,No,32,Yes,No,No,No internet service,No internet service,No internet service,No internet service,No internet service,No internet service,Month-to-month,No,Bank transfer (automatic),19.26,613.26,Yes
11145-RODF,Male,0,Yes,Yes,21,Yes,Yes,DSL,Yes,Yes,Yes,No,Yes,No,Two year,No,Electronic check,83.42,1755.36,No
11146-EHAE,Male,0,No,No,13,Yes,No,No,No internet service,No internet service,No internet service,No internet service,No internet service,No internet service,Two year,Yes,Bank transfer (automatic),20.1,260.57,No
11147-SGCF,Female,0,No,No,24,Yes,Yes,Fiber optic,No,No,No,Yes,No,No,One year,Yes,Bank transfer (automatic),83.52,2038.97,No
11148-QMZU,Female,1,Yes,No,27,Yes,Yes,Fiber optic,No,No,No,Yes,No,Yes,Month-to-month,Yes,Mailed check,91.49,2522.14,Yes
11149-IORZ,Male,0,No,No,44,Yes,No,Fiber optic,Yes,No,No,Yes,Yes,Yes,One year,Yes,Electronic check,97.4,4344.45,No
11150-JBKI,Male,1,Yes,No,26,Yes,No,DSL,Yes,Yes,Yes,No,No,Yes,Month-to-month,Yes,Credit card (automatic),66.47,1715.84,Yes
11151-SGRU,Female,0,No,No,18,Yes,No,Fiber optic,No,Yes,No,Yes,No,No,Month-to-month,No,Mailed check,81.11,1440.81,Yes
11152-YMBS,Female,0,No,No,44,Yes,No,DSL,No,Yes,No,No,Yes,No,Month-to-month,No,Electronic check,61.12,2753.70,No
11153-WCWT,Female,0,Yes,No,42,Yes,Yes,Fiber optic,No,Yes,Yes,No,No,No,One year,Yes,Bank transfer (automatic),94.34,3967.07,No
11154-AAGB,Male,0,Yes,Yes,32,Yes,No,Fiber optic,Yes,No,No,Yes,Yes,Yes,Month-to-month,No,Credit card (automatic),95.69,3013.31,Yes
11155-PZGV,Male,1,No,Yes,8,Yes,No,DSL,No,No,Yes,No,Yes,Yes,Month-to-month,No,Credit card (automatic),62.2,484.96,Yes
11156-HFFM,Female,1,Yes,No,70,Yes,Yes,DSL,No,Yes,Yes,Yes,Yes,No,Month-to-month,Yes,Bank transfer (automatic),76.33,5264.47,Yes
11157-THUB,Male,1,No,No,38,Yes,Yes,Fiber optic,Yes,Yes,No,Yes,Yes,No,Two year,No,Electronic check,99.25,3865.53,No
11158-MXWE,Male,1,No,No,20,Yes,No,DSL,No,Yes,No,Yes,No,Yes,One year,Yes,Bank transfer (automatic),67.17,1375.69,No
11159-DEIK,Male,0,Yes,No,53,Yes,Yes,Fiber optic,Yes,Yes,Yes,No,Yes,No,Month-to-month,Yes,Electronic check,101.59,5475.71,No
11160-KSVR,Male,0,No,No,31,No,No phone service,No,No internet service,No internet service,No internet service,No internet service,No internet service,No internet service,Month-to-month,Yes,Electronic check,19.52,609.84,No
11161-TEBJ,Male,1,No,No,12,Yes,Yes,DSL,Yes,Yes,Yes,Yes,Yes,No,Month-to-month,No,Electronic check,84.75,1015.17,Yes
11162-JSNP,Female,0,Yes,No,51,Yes,No,Fiber optic,Yes,Yes,Yes,No,No,No,Month-to-month,Yes,Electronic check,91.0,4768.04,Yes
11163-DTCB,Male,0,No,No,7,Yes,Yes,No,No internet service,No internet service,No internet service,No internet service,No internet service,No internet service,Month-to-month,Yes,Bank transfer (automatic),27.65,193.23,No
11164-AHOZ,Female,0,No,No,20,Yes,No,No,No internet service,No internet service,No internet service,No internet service,No internet service,No internet service,Month-to-month,No,Bank transfer (automatic),19.2,391.40,No
11165-CPZJ,Female,0,No,Yes,48,Yes,Yes,DSL,No,Yes,No,No,Yes,No,Two year,No,Bank transfer (automatic),63.59,3040.73,No
11166-KNBS,Male,0,Yes,No,53,Yes,No,No,No internet service,No internet service,No internet service,No internet service,No internet service,No internet service,Month-to-month,No,Electronic check,22.24,1210.41,No
11167-EJGT,Male,0,Yes,Yes,72,Yes,Yes,DSL,No,Yes,Yes,Yes,No,Yes,Month-to-month,Yes,Mailed check,70.19,5039.44,Yes
11168-XXPK,Female,0,No,Yes,52,Yes,No,Fiber optic,Yes,Yes,Yes,No,No,No,Month-to-month,No,Bank transfer (automatic),90.16,4553.79,Yes
11169-IXSX,Female,0,No,No,17,No,No phone service,Fiber optic,Yes,Yes,Yes,No,Yes,No,Month-to-month,Yes,Mailed check,96.73,1636.74,No
11170-GUTR,Male,0,Yes,No,52,Yes,Yes,DSL,No,Yes,Yes,Yes,No,Yes,Month-to-month,Yes,Electronic check,76.78,4048.81,Yes
11171-LTHB,Male,0,No,No,55,Yes,No,Fiber optic,Yes,Yes,No,No,Yes,No,One year,Yes,Electronic check,95.55,5221.23,No
11172-RNUC,Female,0,No,No,49,Yes,No,DSL,Yes,No,No,Yes,No,Yes,One year,Yes,Electronic check,66.68,3273.74,No
11173-BXXW,Male,0,Yes,No,54,Yes,Yes,Fiber optic,No,Yes,Yes,Yes,Yes,No,Month-to-month,Yes,Mailed check,105.47,5602.82,No
11174-RNKJ,Male,0,No,No,59,Yes,No,Fiber optic,No,Yes,No,Yes,No,Yes,Two year,No,Electronic check,90.26,5229.52,No
11175-VUXH,Male,0,No,No,41,Yes,Yes,No,No internet service,No internet service,No internet service,No internet service,No internet service,No internet service,Month-to-month,No,Credit card (automatic),21.9,912.80,No
11176-TOVR,Male,0,No,No,72,Yes,No,Fiber optic,Yes,Yes,No,Yes,Yes,Yes,Month-to-month,Yes,Bank transfer (automatic),95.55,7011.84,Yes
11177-YTEJ,Female,0,No,No,47,No,No phone service,Fiber optic,No,No,Yes,No,No,Yes,Two year,No,Electronic check,79.22,3651.16,No
11178-QOTY,Male,0,No,Yes,4,Yes,Yes,DSL,Yes,No,No,No,Yes,Yes,Two year,No,Electronic check,66.38,267.15,No
11179-VIKS,Male,0,No,No,13,Yes,No,No,No internet service,No internet service,No internet service,No internet service,No internet service,No internet service,Month-to-month,Yes,Electronic check,19.88,257.96,Yes
11180-YRIG,Female,0,No,No,36,No,No phone service,Fiber optic,No,Yes,No,No,No,No,One year,Yes,Credit card (automatic),77.51,2712.54,No
11181-LBXQ,Male,0,Yes,No,32,Yes,No,DSL,No,No,No,No,Yes,Yes,One year,No,Electronic check,57.84,1810.07,No
11182-REBU,Male,0,Yes,No,59,Yes,No,Fiber optic,No,No,No,Yes,Yes,Yes,Two year,Yes,Credit card (automatic),93.26,5442.74,No
11183-WSBL,Female,0,No,No,49,Yes,No,DSL,Yes,Yes,No,Yes,No,Yes,Month-to-month,Yes,Credit card (automatic),73.73,3632.32,No
11184-PWQC,Male,0,No,No,1,Yes,No,DSL,Yes,No,No,Yes,Yes,Yes,Month-to-month,Yes,Electronic check,73.24,74.18,No
11185-ELRC,Female,0,Yes,No,33,Yes,Yes,DSL,Yes,Yes,No,Yes,Yes,No,One year,No,Credit card (automatic),80.34,2647.89,No
11186-JKSL,Male,0,Yes,No,40,Yes,No,Fiber optic,Yes,No,Yes,No,No,Yes,Month-to-month,Yes,Mailed check,89.99,3496.79,Yes
11187-IKPI,Male,0,Yes,Yes,71,Yes,No,DSL,No,No,No,No,No,Yes,Two year,Yes,Electronic check,55.09,3951.03,No
11188-KXZT,Male,0,No,No,48,Yes,No,Fiber optic,Yes,Yes,No,No,No,No,Month-to-month,Yes,Credit card (automatic),82.3,4057.41,Yes
11189-XTOR,Female,0,No,No,13,Yes,Yes,DSL,Yes,Yes,No,Yes,Yes,No,Two year,Yes,Bank transfer (automatic),79.07,1027.25,Yes
11190-MTJS,Male,0,No,Yes,14,Yes,No,DSL,No,No,Yes,No,No,No,Month-to-month,No,Bank transfer (automatic),50.84,719.84,No
11191-AFVU,Male,0,Yes,No,23,Yes,Yes,DSL,No,No,No,No,Yes,No,One year,Yes,Mailed check,60.57,1379.01,No
11192-LDTK,Female,0,No,No,29,Yes,Yes,Fiber optic,Yes,No,No,No,Yes,No,Month-to-month,No,Mailed check,89.3,2606.76,Yes
11193-YPHM,Male,0,Yes,No,8,Yes,Yes,DSL,Yes,Yes,Yes,Yes,Yes,Yes,Month-to-month,Yes,Bank transfer (automatic),90.93,739.88,No
11194-WWDR,Female,0,Yes,No,57,Yes,No,DSL,No,Yes,Yes,Yes,Yes,No,Month-to-month,Yes,Electronic check,73.87,4192.71,Yes
11195-OEBR,Male,0,Yes,Yes,5,Yes,Yes,DSL,Yes,Yes,Yes,No,No,Yes,One year,Yes,Credit card (automatic),72.77,368.63,No
11196-CAUX,Female,0,No,Yes,5,Yes,No,No,No internet service,No internet service,No internet service,No internet service,No internet service,No internet service,Month-to-month,Yes,Credit card (automatic),18.56,93.90,Yes
11197-IMIV,Male,0,No,No,10,Yes,Yes,DSL,Yes,Yes,Yes,No,No,Yes,Month-to-month,Yes,Electronic check,74.92,747.50,Yes
11198-PJGU,Female,0,Yes,Yes,10,Yes,No,DSL,Yes,No,Yes,No,Yes,Yes,Two year,Yes,Bank transfer (automatic),73.38,751.37,No
11199-UHAX,Male,1,Yes,No,41,Yes,Yes,Fiber optic,No,Yes,No,No,Yes,No,Month-to-month,Yes,Electronic check,86.03,3422.13,Yes
11200-PEFK,Female,0,No,No,59,Yes,Yes,Fiber optic,Yes,Yes,Yes,Yes,Yes,No,Month-to-month,No,Bank transfer (automatic),104.85,6297.74,No
11201-GTHE,Female,0,Yes,No,68,No,No phone service,DSL,Yes,No,Yes,No,No,No,One year,No,Credit card (automatic),58.73,4051.84,No
11202-CSHA,Male,1,No,No,59,Yes,Yes,No,No internet service,No internet service,No internet service,No internet service,No internet service,No internet service,Month-to-month,Yes,Electronic check,25.7,1483.59,Yes
11203-BEXW,Male,0,Yes,Yes,50,Yes,Yes,Fiber optic,Yes,No,Yes,Yes,No,Yes,One year,Yes,Electronic check,104.7,5182.74,Yes
11204-HQFL,Male,0,Yes,No,43,Yes,No,Fiber optic,Yes,No,No,Yes,No,No,Month-to-month,Yes,Bank transfer (automatic),83.0,3529.41,No
11205-EAPY,Female,0,Yes,No,23,Yes,No,Fiber optic,Yes,Yes,No,No,No,Yes,Two year,Yes,Bank transfer (automatic),90.72,2141.69,Yes
11206-UZQH,Female,0,No,No,30,Yes,Yes,No,No internet service,No internet service,No internet service,No internet service,No internet service,No internet service,Month-to-month,Yes,Electronic check,27.57,831.75,No
11207-RTSG,Female,0,Yes,No,63,Yes,Yes,DSL,No,Yes,Yes,No,Yes,Yes,Month-to-month,No,Mailed check,79.13,4848.09,No
11208-KUSF,Male,0,Yes,Yes,8,Yes,Yes,No,No internet service,No internet service,No internet service,No internet service,No internet service,No internet service,Two year,No,Mailed check,31.18,254.58,No
11209-JFOX,Female,0,No,No,60,Yes,Yes,DSL,No,Yes,Yes,No,Yes,Yes,One year,No,Bank transfer (automatic),71.47,4324.66,No
11210-ASOE,Male,0,Yes,Yes,59,Yes,No,Fiber optic,Yes,Yes,Yes,No,No,No,Month-to-month,No,Mailed check,92.61,5320.42,Yes
11211-CLTN,Female,0,No,No,5,Yes,No,DSL,Yes,Yes,Yes,No,No,Yes,Month-to-month,No,Mailed check,68.11,344.02,Yes
11212-AHHI,Male,0,Yes,Yes,18,Yes,Yes,Fiber optic,No,Yes,No,Yes,Yes,No,One year,No,Electronic check,91.13,1617.52,No
11213-GCAX,Female,0,No,No,23,Yes,Yes,No,No internet service,No internet service,No internet service,No internet service,No internet service,No internet service,One year,Yes,Credit card (automatic),28.86,669.32,No
11214-JTGZ,Female,0,Yes,Yes,66,Yes,Yes,Fiber optic,Yes,Yes,No,Yes,No,Yes,Month-to-month,No,Electronic check,105.83,7084.45,Yes
11215-QBCO,Female,0,No,No,32,Yes,Yes,DSL,No,Yes,No,Yes,No,Yes,Two year,Yes,Mailed check,68.85,2229.03,No
11216-AUHL,Male,0,No,Yes,56,Yes,Yes,Fiber optic,No,Yes,Yes,Yes,No,No,Month-to-month,Yes,Electronic check,100.25,5776.83,Yes
11217-BLOH,Male,0,No,Yes,44,Yes,No,No,No internet service,No internet service,No internet service,No internet service,No internet service,No internet service,Two year,Yes,Electronic check,21.6,958.84,No
11218-LBDQ,Female,0,No,Yes,6,Yes,Yes,DSL,Yes,No,No,No,Yes,No,One year,Yes,Bank transfer (automatic),67.9,396.36,No
11219-ZQQZ,Male,0,Yes,Yes,49,No,No phone service,DSL,Yes,No,Yes,Yes,Yes,Yes,One year,No,Electronic check,70.13,3379.37,No
11220-YIBR,Male,0,Yes,No,46,Yes,Yes,Fiber optic,Yes,Yes,Yes,No,No,No,One year,Yes,Bank transfer (automatic),95.41,4281.69,Yes
11221-KYKX,Female,1,No,No,63,Yes,Yes,Fiber optic,Yes,Yes,No,Yes,Yes,Yes,Month-to-month,Yes,Bank transfer (automatic),102.88,6587.90,Yes
11222-ETKH,Female,0,No,Yes,67,No,No phone service,DSL,No,No,Yes,Yes,Yes,No,Month-to-month,No,Credit card (automatic),61.66,4170.23,Yes
11223-YRPG,Female,0,No,No,43,Yes,Yes,DSL,No,Yes,No,Yes,Yes,Yes,Two year,No,Mailed check,77.24,3296.34,No
11224-GZRK,Female,0,No,No,64,Yes,Yes,Fiber optic,Yes,Yes,Yes,Yes,Yes,Yes,Two year,No,Electronic check,118.75,7392.33,No
11225-AHYH,Male,0,No,Yes,11,Yes,Yes,No,No internet service,No internet service,No internet service,No internet service,No internet service,No internet service,Month-to-month,No,Mailed check,26.69,293.53,Yes
11226-BVUO,Male,0,No,No,45,Yes,No,DSL,Yes,No,No,Yes,Yes,No,Two year,Yes,Electronic check,59.89,2757.72,No
11227-MOAP,Female,0,No,No,42,No,No phone service,Fiber optic,Yes,No,No,Yes,No,No,Month-to-month,Yes,Mailed check,84.56,3540.92,Yes
11228-NPTR,Male,1,No,No,13,Yes,Yes,No,No internet service,No internet service,No internet service,No internet service,No internet service,No internet service,One year,Yes,Mailed check,27.05,360.14,No
11229-EPZL,Male,0,Yes,No,39,Yes,Yes,DSL,Yes,Yes,Yes,Yes,No,No,Two year,Yes,Mailed check,73.48,2930.69,No
11230-BZXT,Male,1,No,No,49,Yes,No,DSL,No,Yes,No,No,No,Yes,Month-to-month,No,Credit card (automatic),61.09,3071.40,Yes
11231-UWCI,Female,1,No,No,30,No,No phone service,DSL,No,No,No,Yes,Yes,No,Month-to-month,No,Mailed check,54.86,1623.03,No
11232-DVRA,Female,0,Yes,No,48,Yes,No,Fiber optic,No,No,No,Yes,Yes,Yes,Month-to-month,No,Bank transfer (automatic),93.03,4413.84,No
11233-CAFT,Male,1,No,No,54,Yes,Yes,Fiber optic,Yes,No,No,Yes,No,Yes,One year,Yes,Bank transfer (automatic),97.7,5325.55,No
11234-MPBR,Male,0,No,No,43,Yes,No,No,No internet service,No internet service,No internet service,No internet service,No internet service,No internet service,One year,Yes,Mailed check,20.03,866.51,No
11235-KNSE,Male,0,Yes,No,29,No,No phone service,Fiber optic,No,No,Yes,Yes,No,No,One year,Yes,Electronic check,78.86,2311.82,No
11236-XRED,Female,0,No,No,20,No,No phone service,DSL,No,No,No,No,Yes,Yes,Two year,Yes,Electronic check,58.3,1179.87,No
11237-WSCK,Male,0,Yes,No,48,Yes,Yes,Fiber optic,No,Yes,Yes,No,No,No,Month-to-month,Yes,Bank transfer (automatic),96.63,4626.92,Yes
11238-GUIO,Female,0,Yes,Yes,65,Yes,Yes,Fiber optic,No,Yes,Yes,Yes,Yes,Yes,Two year,Yes,Bank transfer (automatic),107.67,7030.72,No
11239-BLBO,Male,1,No,Yes,34,Yes,No,Fiber optic,Yes,No,Yes,Yes,Yes,No,Month-to-month,Yes,Electronic check,95.03,3207.57,Yes
11240-MPEK,Male,0,No,Yes,37,Yes,No,No,No internet service,No internet service,No internet service,No internet service,No internet service,No internet service,Two year,Yes,Electronic check,18.25,674.13,No
11241-FPHB,Male,0,No,Yes,66,Yes,No,Fiber optic,Yes,No,No,No,Yes,No,One year,No,Bank transfer (automatic),83.83,5434.19,No
11242-JVQY,Female,0,Yes,No,22,Yes,Yes,Fiber optic,Yes,Yes,No,No,No,Yes,Two year,Yes,Electronic check,96.23,2076.66,No
11243-TRSD,Male,0,No,No,59,Yes,No,DSL,Yes,No,Yes,Yes,Yes,No,Two year,Yes,Credit card (automatic),68.96,4013.83,No
11244-ZAHV,Male,0,Yes,Yes,19,Yes,No,Fiber optic,Yes,Yes,No,No,Yes,Yes,Month-to-month,No,Electronic check,87.8,1663.33,Yes
11245-HSPJ,Male,0,No,No,19,Yes,Yes,Fiber optic,No,Yes,No,No,No,Yes,One year,Yes,Mailed check,88.99,1662.53,No
11246-JIIF,Male,1,Yes,Yes,21,No,No phone service,Fiber optic,No,No,No,No,No,No,Month-to-month,No,Electronic check,68.28,1423.00,Yes
11247-LXYE,Male,0,No,No,4,Yes,Yes,No,No internet service,No internet service,No internet service,No internet service,No internet service,No internet service,Month-to-month,No,Electronic check,24.21,95.12,Yes
11248-XXZD,Female,0,Yes,No,34,Yes,Yes,No,No internet service,No internet service,No internet service,No internet service,No internet service,No internet service,Month-to-month,Yes,Bank transfer (automatic),24.27,813.44,No
11249-VDQL,Male,0,Yes,Yes,26,Yes,No,Fiber optic,No,No,No,Yes,No,Yes,One year,Yes,Credit card (automatic),82.28,2151.92,Yes
11250-GGAR,Male,0,Yes,No,17,Yes,Yes,No,No internet service,No internet service,No internet service,No internet service,No internet service,No internet service,One year,Yes,Bank transfer (automatic),26.07,435.78,No
11251-SNUM,Male,1,No,No,55,Yes,Yes,Fiber optic,No,Yes,No,No,No,Yes,One year,No,Electronic check,91.03,4961.91,Yes
11252-JSKM,Female,0,No,No,38,Yes,No,Fiber optic,Yes,No,No,Yes,No,No,Month-to-month,Yes,Mailed check,82.51,3225.87,Yes
11253-NIXT,Male,0,No,No,15,Yes,No,DSL,No,No,Yes,No,Yes,No,Month-to-month,No,Electronic check,55.77,841.64,Yes
11254-UOQA,Male,0,Yes,No,14,No,No phone service,No,No internet service,No internet service,No internet service,No internet service,No internet service,No internet service,Two year,No,Mailed check,19.56,276.26,No
11255-NAJD,Male,1,Yes,Yes,59,Yes,No,No,No internet service,No internet service,No internet service,No internet service,No internet service,No internet service,One year,No,Electronic check,20.66,1240.38,Yes
11256-LNKO,Male,0,No,No,20,Yes,No,Fiber optic,Yes,No,Yes,Yes,No,No,Month-to-month,No,Bank transfer (automatic),82.59,1672.96,Yes
11257-GNQI,Male,0,Yes,Yes,29,No,No phone service,Fiber optic,Yes,Yes,No,Yes,Yes,No,Month-to-month,Yes,Credit card (automatic),95.71,2701.93,No
11258-SDHZ,Female,0,No,No,9,Yes,No,DSL,Yes,No,Yes,No,No,No,Two year,No,Bank transfer (automatic),57.16,502.47,No
11259-NAQR,Male,0,Yes,No,58,Yes,Yes,DSL,No,No,No,Yes,Yes,Yes,Month-to-month,Yes,Mailed check,70.99,4099.61,No
11260-LCRM,Male,0,No,No,26,Yes,Yes,No,No internet service,No internet service,No internet service,No internet service,No internet service,No internet service,Two year,Yes,Credit card (automatic),28.78,729.95,No
11261-HTUE,Male,0,No,No,51,Yes,No,Fiber optic,Yes,No,No,No,Yes,Yes,Month-to-month,No,Mailed check,96.04,4793.51,Yes
11262-XZNQ,Male,0,Yes,No,30,Yes,Yes,Fiber optic,No,Yes,No,Yes,Yes,Yes,One year,Yes,Mailed check,106.19,3258.49,No
11263-YHDC,Female,1,Yes,No,58,Yes,Yes,DSL,No,No,Yes,Yes,Yes,Yes,Month-to-month,No,Electronic check,77.24,4609.84,No
11264-LPHO,Female,0,No,No,30,Yes,No,Fiber optic,No,No,No,Yes,Yes,No,Month-to-month,Yes,Credit card (automatic),78.91,2403.25,Yes
11265-UGYJ,Female,1,Yes,No,65,Yes,Yes,Fiber optic,Yes,Yes,No,Yes,No,Yes,Month-to-month,Yes,Electronic check,101.97,6455.32,Yes
11266-UNPU,Male,0,No,Yes,53,Yes,Yes,No,No internet service,No internet service,No internet service,No internet service,No internet service,No internet service,One year,Yes,Credit card (automatic),22.96,1188.14,No
11267-BYCW,Female,0,No,No,35,Yes,No,Fiber optic,Yes,No,No,No,Yes,No,One year,Yes,Bank transfer (automatic),83.88,2979.73,No
11268-OIXY,Male,0,Yes,No,35,Yes,No,DSL,Yes,Yes,No,No,No,Yes,Month-to-month,No,Credit card (automatic),61.87,2218.44,No
11269-AJWD,Female,0,No,Yes,45,Yes,No,DSL,Yes,No,Yes,No,No,Yes,Two year,Yes,Mailed check,67.14,3065.18,No
11270-WGCO,Female,0,Yes,No,50,Yes,Yes,No,No internet service,No internet service,No internet service,No internet service,No internet service,No internet service,Month-to-month,Yes,Electronic check,22.73,1145.19,Yes
11271-EQVL,Female,0,No,No,51,Yes,Yes,No,No internet service,No internet service,No internet service,No internet service,No internet service,No internet service,Two year,Yes,Mailed check,26.55,1326.31,No
11272-YURC,Female,0,Yes,No,3,Yes,No,Fiber optic,No,No,Yes,No,No,Yes,One year,Yes,Credit card (automatic),82.37,249.48,No
11273-IWNU,Male,0,No,No,20,Yes,Yes,DSL,No,Yes,No,No,No,No,Month-to-month,Yes,Mailed check,60.72,1245.25,No
11274-NNSE,Male,0,Yes,No,32,Yes,No,Fiber optic,Yes,No,No,No,Yes,No,Month-to-month,Yes,Electronic check,87.88,2775.36,No
11275-SUHV,Female,1,Yes,No,39,Yes,Yes,Fiber optic,No,No,Yes,Yes,No,Yes,Month-to-month,No,Mailed check,96.9,3834.14,No
11276-IGXA,Male,0,Yes,No,7,Yes,Yes,Fiber optic,Yes,Yes,Yes,No,Yes,Yes,Two year,No,Electronic check,104.69,713.80,Yes
11277-FCSH,Female,0,Yes,Yes,15,Yes,No,DSL,No,No,Yes,Yes,Yes,Yes,Month-to-month,Yes,Bank transfer (automatic),71.85,1083.81,Yes
11278-QDSZ,Female,0,No,No,34,Yes,No,No,No internet service,No internet service,No internet service,No internet service,No internet service,No internet service,One year,No,Bank transfer (automatic),21.37,739.82,No
11279-EAUE,Female,0,Yes,No,33,Yes,No,Fiber optic,Yes,No,No,Yes,Yes,No,One year,No,Electronic check,87.54,2838.87,Yes
11280-NTKZ,Male,0,Yes,No,45,Yes,No,Fiber optic,Yes,No,Yes,No,No,No,Two year,No,Electronic check,79.03,3636.25,No
11281-WTQJ,Female,0,Yes,No,6,Yes,Yes,DSL,No,Yes,No,Yes,No,No,Month-to-month,Yes,Bank transfer (automatic),64.65,383.52,Yes
11282-VTCW,Male,0,Yes,Yes,58,Yes,No,DSL,Yes,No,Yes,No,No,No,One year,No,Electronic check,60.27,3424.03,No
11283-FNCZ,Male,0,Yes,No,22,Yes,Yes,DSL,No,Yes,No,No,No,Yes,Month-to-month,Yes,Mailed check,69.13,1489.46,Yes
11284-QUMP,Male,0,Yes,No,40,Yes,Yes,Fiber optic,Yes,Yes,No,No,No,No,Month-to-month,Yes,Mailed check,86.44,3426.15,No
11285-BPPA,Female,0,No,Yes,69,Yes,Yes,No,No internet service,No internet service,No internet service,No internet service,No internet service,No internet service,Month-to-month,No,Bank transfer (automatic),23.38,1632.02,No
11286-MUCM,Female,1,No,No,28,Yes,No,Fiber optic,Yes,Yes,No,No,Yes,Yes,Month-to-month,Yes,Electronic check,98.37,2693.67,Yes
11287-PHWS,Female,0,No,No,23,Yes,No,No,No internet service,No internet service,No internet service,No internet service,No internet service,No internet service,Month-to-month,No,Mailed check,20.87,473.10,Yes
11288-OLDK,Female,0,Yes,Yes,20,Yes,No,Fiber optic,No,No,Yes,Yes,Yes,No,Month-to-month,Yes,Bank transfer (automatic),88.57,1819.70,Yes
11289-GQMH,Male,0,No,No,47,No,No phone service,DSL,Yes,No,No,No,No,Yes,Two year,Yes,Bank transfer (automatic),56.22,2610.58,No
11290-CLAJ,Male,0,No,No,69,Yes,Yes,Fiber optic,Yes,Yes,Yes,Yes,No,Yes,Two year,No,Mailed check,108.52,7623.59,No
11291-SYCX,Female,0,No,No,41,Yes,Yes,Fiber optic,No,No,Yes,Yes,No,No,Month-to-month,Yes,Electronic check,83.75,3380.50,Yes
11292-RNUN,Male,0,Yes,Yes,15,Yes,No,No,No internet service,No internet service,No internet service,No internet service,No internet service,No internet service,Month-to-month,Yes,Mailed check,18.29,270.25,No
11293-BQCG,Male,0,Yes,Yes,69,Yes,No,Fiber optic,Yes,No,No,Yes,No,Yes,Month-to-month,Yes,Bank transfer (automatic),87.04,6161.65,Yes
11294-QJOZ,Female,0,Yes,No,4,Yes,Yes,DSL,Yes,Yes,Yes,Yes,Yes,Yes,One year,Yes,Credit card (automatic),86.41,342.56,No
11295-IONE,Female,0,Yes,No,30,Yes,No,Fiber optic,No,Yes,Yes,No,No,No,One year,Yes,Bank transfer (automatic),81.81,2458.76,No
11296-YROU,Male,1,No,Yes,10,Yes,No,Fiber optic,Yes,No,Yes,No,Yes,Yes,Month-to-month,No,Mailed check,91.57,916.23,Yes
11297-JPYW,Female,0,Yes,No,3,Yes,Yes,Fiber optic,No,Yes,Yes,No,No,No,One year,No,Bank transfer (automatic),91.54,280.00,No
11298-DQYV,Male,0,Yes,Yes,72,Yes,No,DSL,Yes,Yes,Yes,Yes,No,No,Month-to-month,Yes,Mailed check,75.6,5559.58,No
11299-OCCX,Male,0,Yes,No,7,Yes,Yes,Fiber optic,Yes,No,Yes,Yes,Yes,No,Month-to-month,Yes,Electronic check,93.92,650.39,Yes
11300-HXYA,Male,0,Yes,No,66,Yes,Yes,No,No internet service,No internet service,No internet service,No internet service,No internet service,No internet service,Month-to-month,Yes,Electronic check,24.64,1604.06,No
11301-DCKI,Female,0,Yes,Yes,40,Yes,No,DSL,Yes,No,Yes,Yes,No,Yes,One year,No,Bank transfer (automatic),67.86,2703.92,No
11302-PNWR,Male,1,Yes,No,24,Yes,Yes,Fiber optic,Yes,No,No,Yes,Yes,Yes,One year,Yes,Bank transfer (automatic),101.19,2356.97,No
11303-CCSQ,Male,0,No,No,63,Yes,Yes,DSL,Yes,No,Yes,Yes,Yes,Yes,Month-to-month,Yes,Bank transfer (automatic),75.35,4874.62,No
11304-DNRR,Female,0,Yes,No,1,No,No phone service,DSL,Yes,No,No,No,Yes,Yes,Month-to-month,No,Mailed check,62.57,61.44,No
11305-TQVH,Female,0,No,No,50,Yes,Yes,DSL,Yes,Yes,No,No,Yes,Yes,Month-to-month,Yes,Mailed check,76.62,3748.70,Yes
11306-JLBM,Female,0,No,Yes,56,Yes,No,DSL,Yes,Yes,Yes,No,No,Yes,One year,No,Electronic check,67.86,3864.36,No
11307-GMXD,Female,0,No,Yes,27,Yes,Yes,Fiber optic,No,No,No,Yes,No,Yes,Month-to-month,Yes,Bank transfer (automatic),94.83,2621.67,No
11308-EBUQ,Female,1,No,No,22,Yes,Yes,Fiber optic,Yes,Yes,No,Yes,Yes,No,Two year,Yes,Mailed check,97.95,2132.64,No
11309-NTZV,Female,0,Yes,No,1,Yes,No,Fiber optic,No,No,Yes,Yes,No,No,One year,No,Electronic check,83.79,85.48,No
11310-WSJP,Female,0,No,Yes,2,Yes,No,DSL,No,No,No,Yes,Yes,No,One year,No,Mailed check,58.8,120.72,Yes
11311-LTIT,Female,0,No,No,4,Yes,Yes,Fiber optic,Yes,No,No,Yes,No,Yes,Month-to-month,Yes,Electronic check,92.71,366.30,No
11312-AKAQ,Male,0,No,Yes,33,Yes,No,Fiber optic,Yes,No,Yes,Yes,Yes,No,One year,Yes,Mailed check,94.46,3101.18,No
11313-VNMG,Male,0,Yes,Yes,39,Yes,No,Fiber optic,Yes,Yes,No,Yes,No,No,Month-to-month,No,Mailed check,85.26,3308.43,No
11314-LRVD,Female,0,No,No,31,Yes,Yes,No,No internet service,No internet service,No internet service,No internet service,No internet service,No internet service,Month-to-month,Yes,Electronic check,26.49,842.37,Yes
11315-FBHY,Male,0,Yes,No,51,Yes,Yes,Fiber optic,Yes,No,Yes,Yes,No,No,Month-to-month,No,Mailed check,95.47,4827.83,No
11316-WGSP,Female,0,No,No,27,Yes,No,Fiber optic,Yes,Yes,No,Yes,Yes,No,Month-to-month,Yes,Credit card (automatic),101.0,2648.01,Yes
11317-MHIY,Male,0,Yes,Yes,57,Yes,No,DSL,No,No,Yes,No,Yes,Yes,Month-to-month,No,Mailed check,58.62,3270.85,No
11318-GGGL,Female,1,Yes,No,48,No,No phone service,DSL,No,No,No,Yes,Yes,No,One year,No,Mailed check,57.45,2702.18,No
11319-GFEW,Male,0,No,Yes,68,Yes,Yes,DSL,Yes,Yes,No,No,Yes,No,Two year,No,Bank transfer (automatic),72.26,4921.40,No
11320-FBJV,Female,0,No,No,53,Yes,Yes,No,No internet service,No internet service,No internet service,No internet service,No internet service,No internet service,Two year,Yes,Mailed check,31.45,1631.67,No
11321-IZAQ,Male,0,No,No,10,Yes,Yes,DSL,No,No,Yes,Yes,No,Yes,One year,No,Electronic check,68.71,667.10,Yes
11322-HTBH,Male,0,No,No,41,Yes,No,Fiber optic,No,Yes,Yes,Yes,Yes,Yes,Two year,Yes,Credit card (automatic),101.07,4221.15,No
11323-UKFA,Male,0,No,No,48,No,No phone service,Fiber optic,No,Yes,Yes,No,No,No,Month-to-month,Yes,Credit card (automatic),85.72,4085.71,Yes
11324-HSVM,Female,0,Yes,No,2,Yes,Yes,DSL,No,Yes,No,Yes,Yes,No,Two year,No,Bank transfer (automatic),71.19,146.44,Yes
11325-PTGY,Male,0,No,Yes,4,Yes,No,DSL,Yes,No,No,No,Yes,No,Month-to-month,Yes,Electronic check,53.94,216.81,Yes
11326-CIQA,Female,0,Yes,Yes,2,Yes,Yes,DSL,No,Yes,Yes,Yes,Yes,No,One year,Yes,Mailed check,77.88,154.10,No
11327-SEID,Male,0,Yes,No,13,Yes,No,DSL,Yes,Yes,No,No,Yes,No,Month-to-month,No,Mailed check,61.14,786.48,No
11328-UESB,Male,0,No,Yes,64,No,No phone service,No,No internet service,No internet service,No internet service,No internet service,No internet service,No internet service,One year,No,Bank transfer (automatic),18.67,1230.53,Yes
11329-LAAW,Female,1,Yes,Yes,18,Yes,No,DSL,No,No,No,Yes,Yes,No,One year,No,Bank transfer (automatic),56.89,1045.85,No
11330-FLIS,Male,0,No,Yes,14,No,No phone service,Fiber optic,No,Yes,No,Yes,No,Yes,Two year,Yes,Mailed check,91.88,1265.50,No
11331-OJBY,Male,0,Yes,No,33,Yes,Yes,DSL,No,No,No,Yes,No,No,Month-to-month,Yes,Bank transfer (automatic),56.81,1909.06,Yes
11332-PCBD,Female,0,Yes,No,29,Yes,No,Fiber optic,Yes,No,No,Yes,No,Yes,Two year,Yes,Bank transfer (automatic),90.34,2654.94,No
11333-OOEG,Female,0,Yes,No,72,No,No phone service,DSL,Yes,Yes,No,No,Yes,Yes,Month-to-month,No,Bank transfer (automatic),67.67,4904.07,No
11334-XIPP,Female,0,No,No,8,No,No phone service,Fiber optic,Yes,Yes,No,Yes,Yes,Yes,Month-to-month,Yes,Bank transfer (automatic),96.93,773.47,Yes
11335-FWRB,Male,0,No,No,61,Yes,Yes,DSL,Yes,No,Yes,Yes,No,No,Month-to-month,No,Bank transfer (automatic),71.43,4306.82,No
11336-FNKC,Female,1,Yes,Yes,17,No,No phone service,No,No internet service,No internet service,No internet service,No internet service,No internet service,No internet service,Month-to-month,No,Bank transfer (automatic),20.21,340.34,No
11337-SSTN,Male,0,Yes,No,23,Yes,Yes,Fiber optic,No,Yes,Yes,Yes,Yes,No,One year,No,Bank transfer (automatic),106.35,2389.30,No
11338-YXDU,Female,0,Yes,No,35,Yes,Yes,DSL,Yes,Yes,No,No,No,Yes,Month-to-month,Yes,Electronic check,66.39,2364.14,Yes
11339-VDGF,Female,0,Yes,No,71,Yes,Yes,Fiber optic,Yes,Yes,No,Yes,No,No,One year,Yes,Mailed check,102.69,7282.70,No
11340-TQLK,Male,0,No,No,17,Yes,Yes,Fiber optic,No,Yes,No,No,No,Yes,Two year,Yes,Credit card (automatic),91.32,1546.97,No
11341-PLGX,Male,0,No,No,25,Yes,Yes,Fiber optic,Yes,No,No,No,Yes,Yes,One year,No,Electronic check,96.46,2356.17,Yes
11342-OLTL,Male,0,Yes,Yes,48,Yes,Yes,No,No internet service,No internet service,No internet service,No internet service,No internet service,No internet service,One year,No,Mailed check,25.5,1244.23,No
11343-RBJU,Male,0,Yes,No,49,Yes,Yes,DSL,Yes,No,No,Yes,Yes,Yes,Month-to-month,No,Bank transfer (automatic),72.44,3570.93,No
11344-QMRU,Male,0,No,No,27,Yes,No,No,No internet service,No internet service,No internet service,No internet service,No internet service,No internet service,Month-to-month,Yes,Electronic check,18.25,504.95,No
11345-EZQR,Female,0,Yes,Yes,10,Yes,Yes,No,No internet service,No internet service,No internet service,No internet service,No internet service,No internet service,Month-to-month,Yes,Electronic check,22.87,227.13,Yes
11346-GKKJ,Male,0,Yes,Yes,57,Yes,No,Fiber optic,Yes,No,Yes,Yes,Yes,No,Month-to-month,Yes,Credit card (automatic),97.67,5692.62,No
11347-NXER,Male,0,No,No,65,Yes,No,Fiber optic,No,Yes,No,No,No,No,Month-to-month,Yes,Electronic check,72.98,4639.65,Yes
11348-QAIL,Female,0,Yes,No,44,Yes,Yes,DSL,Yes,Yes,No,Yes,No,Yes,One year,No,Electronic check,75.26,3304.34,No
11349-EEFD,Male,0,Yes,No,63,Yes,No,DSL,No,Yes,No,Yes,Yes,No,Month-to-month,No,Bank transfer (automatic),62.57,3829.87,No
11350-FRFF,Female,0,Yes,Yes,19,Yes,Yes,Fiber optic,Yes,Yes,No,No,Yes,Yes,Two year,No,Credit card (automatic),107.48,2067.70,Yes
11351-FKTC,Female,0,No,No,63,Yes,Yes,No,No internet service,No internet service,No internet service,No internet service,No internet service,No internet service,One year,Yes,Electronic check,28.17,1760.14,No
11352-LBLM,Female,0,Yes,Yes,59,Yes,No,DSL,Yes,No,Yes,No,Yes,Yes,One year,No,Electronic check,66.23,3920.79,No
11353-NHOM,Male,0,No,No,65,Yes,No,Fiber optic,Yes,No,Yes,Yes,No,No,Two year,Yes,Credit card (automatic),90.74,5846.56,No
11354-CRQT,Male,0,Yes,Yes,68,Yes,Yes,DSL,Yes,Yes,Yes,No,No,No,Month-to-month,Yes,Electronic check,66.46,4513.66,No
11355-AIXI,Female,0,Yes,Yes,25,Yes,Yes,DSL,Yes,Yes,No,No,Yes,Yes,Two year,No,Electronic check,74.62,1833.70,No
11356-VCKC,Female,1,No,No,9,No,No phone service,Fiber optic,Yes,Yes,No,No,No,Yes,Month-to-month,Yes,Electronic check,85.97,766.44,Yes
11357-RVWU,Male,1,Yes,Yes,54,Yes,No,No,No internet service,No internet service,No internet service,No internet service,No internet service,No internet service,Month-to-month,No,Credit card (automatic),18.25,996.14,No
11358-CGZO,Female,0,Yes,No,49,Yes,No,DSL,Yes,No,Yes,No,No,No,Two year,Yes,Credit card (automatic),56.05,2710.92,No
11359-WCYC,Female,0,Yes,Yes,47,Yes,Yes,DSL,Yes,No,Yes,No,No,Yes,Two year,No,Mailed check,78.32,3772.91,No
11360-ZXJO,Male,0,No,No,46,Yes,Yes,DSL,Yes,Yes,No,Yes,No,Yes,Month-to-month,No,Credit card (automatic),74.38,3462.44,No
11361-YOEE,Female,0,Yes,Yes,3,Yes,Yes,Fiber optic,No,Yes,Yes,Yes,No,No,One year,Yes,Electronic check,96.48,284.41,No
11362-XKUL,Male,0,No,No,49,Yes,Yes,Fiber optic,Yes,Yes,Yes,No,No,No,Two year,Yes,Electronic check,99.97,5037.76,No
11363-RTPS,Female,0,Yes,Yes,35,Yes,Yes,DSL,Yes,Yes,No,No,No,No,Month-to-month,Yes,Mailed check,68.47,2463.44,No
11364-ALQU,Female,0,Yes,No,3,No,No phone service,DSL,No,Yes,No,Yes,No,No,Two year,No,Bank transfer (automatic),59.97,178.97,No
11365-XGQF,Female,0,Yes,Yes,62,Yes,Yes,DSL,Yes,Yes,Yes,No,No,Yes,Month-to-month,Yes,Electronic check,76.49,4671.03,No
11366-EFST,Male,0,Yes,No,3,No,No phone service,DSL,Yes,Yes,No,Yes,Yes,No,Two year,No,Mailed check,67.31,203.83,No
11367-FEJS,Male,0,No,No,17,Yes,No,No,No internet service,No internet service,No internet service,No internet service,No internet service,No internet service,Month-to-month,No,Electronic check,18.97,324.56,No
11368-LOFW,Female,0,Yes,Yes,22,Yes,No,Fiber optic,No,No,No,No,No,Yes,One year,No,Bank transfer (automatic),73.63,1662.53,Yes
11369-INSJ,Female,1,No,Yes,57,Yes,No,DSL,Yes,Yes,Yes,No,No,No,Two year,No,Electronic check,60.86,3450.08,No
11370-FHOO,Female,0,Yes,Yes,6,Yes,No,Fiber optic,No,No,No,No,No,Yes,Month-to-month,No,Mailed check,76.49,465.36,Yes
11371-OCYE,Male,0,No,Yes,28,Yes,Yes,DSL,No,Yes,No,No,Yes,No,Two year,Yes,Electronic check,63.25,1808.29,No
11372-LTDY,Male,0,Yes,No,27,Yes,Yes,DSL,Yes,Yes,Yes,Yes,No,Yes,Month-to-month,No,Mailed check,79.71,2176.91,No
11373-NJVV,Female,0,No,No,30,Yes,Yes,Fiber optic,No,No,Yes,No,Yes,No,Month-to-month,No,Electronic check,85.37,2548.24,Yes
11374-ZNLR,Male,0,Yes,No,63,Yes,No,Fiber optic,No,Yes,No,No,No,Yes,One year,No,Credit card (automatic),82.71,5290.12,No
11375-PNZX,Female,0,No,No,24,Yes,Yes,DSL,No,Yes,Yes,Yes,Yes,Yes,Month-to-month,No,Bank transfer (automatic),82.58,2039.34,Yes
11376-QGQL,Male,1,No,Yes,26,Yes,No,DSL,Yes,Yes,Yes,No,No,Yes,Two year,Yes,Mailed check,71.28,1829.47,No
11377-PZVM,Male,0,No,Yes,30,Yes,Yes,DSL,Yes,Yes,Yes,No,Yes,Yes,Month-to-month,Yes,Electronic check,80.53,2449.12,Yes
11378-XWIH,Male,0,Yes,Yes,29,Yes,No,Fiber optic,No,No,Yes,Yes,Yes,No,Two year,Yes,Electronic check,90.76,2664.59,Yes
11379-AXTW,Female,0,No,Yes,69,Yes,Yes,Fiber optic,Yes,No,No,No,No,No,One year,No,Mailed check,84.93,5813.58,Yes
11380-CXKR,Female,1,Yes,No,20,Yes,No,Fiber optic,No,No,Yes,No,No,No,Two year,No,Electronic check,77.35,1516.00,No
11381-WYMI,Male,0,Yes,Yes,9,No,No phone service,DSL,No,Yes,No,Yes,Yes,No,Month-to-month,No,Mailed check,62.24,559.25,Yes
11382-AQFS,Male,1,No,Yes,31,Yes,Yes,Fiber optic,Yes,Yes,Yes,Yes,Yes,Yes,Month-to-month,Yes,Electronic check,115.54,3602.68,No
11383-WUVR,Female,0,No,Yes,7,Yes,No,No,No internet service,No internet service,No internet service,No internet service,No internet service,No internet service,Month-to-month,Yes,Mailed check,20.08,138.98,No
11384-XXEP,Male,0,Yes,No,58,Yes,No,DSL,No,No,Yes,Yes,No,No,Month-to-month,No,Credit card (automatic),55.9,3241.32,No
11385-VGAG,Female,0,No,Yes,65,Yes,Yes,Fiber optic,No,Yes,Yes,No,No,No,Two year,Yes,Mailed check,92.09,6001.52,No
11386-JFHA,Male,0,No,No,60,Yes,No,Fiber optic,No,No,No,Yes,Yes,Yes,Two year,No,Electronic check,84.22,5089.33,No
11387-TOWQ,Male,0,Yes,No,58,Yes,Yes,Fiber optic,Yes,No,No,No,No,No,Month-to-month,No,Bank transfer (automatic),85.34,4995.71,No
11388-WIVR,Male,1,Yes,No,31,Yes,No,No,No internet service,No internet service,No internet service,No internet service,No internet service,No internet service,Month-to-month,Yes,Credit card (automatic),21.49,680.52,Yes
11389-YAVF,Female,0,No,No,51,Yes,No,No,No internet service,No internet service,No internet service,No internet service,No internet service,No internet service,Month-to-month,No,Credit card (automatic),22.28,1104.53,Yes
11390-TQNK,Male,0,Yes,No,29,No,No phone service,Fiber optic,Yes,No,No,Yes,No,Yes,Month-to-month,No,Mailed check,90.0,2620.63,Yes
11391-FLBI,Female,1,Yes,No,62,Yes,No,Fiber optic,Yes,No,Yes,Yes,No,No,Month-to-month,No,Mailed check,94.63,5818.04,No
11392-NCVS,Male,1,Yes,No,15,Yes,No,Fiber optic,No,Yes,No,No,Yes,Yes,Two year,Yes,Electronic check,94.21,1371.89,No
11393-APYQ,Male,1,No,No,11,Yes,No,Fiber optic,Yes,No,No,Yes,No,Yes,Month-to-month,No,Credit card (automatic),97.01,1067.26,No
11394-FEIP,Female,1,Yes,No,71,Yes,Yes,No,No internet service,No internet service,No internet service,No internet service,No internet service,No internet service,One year,Yes,Electronic check,25.06,1759.79,No
11395-SPHR,Female,0,Yes,Yes,26,Yes,Yes,Fiber optic,No,Yes,Yes,Yes,No,No,Two year,Yes,Mailed check,101.45,2703.79,No
11396-VIRF,Male,1,Yes,No,23,Yes,No,DSL,No,Yes,Yes,Yes,Yes,Yes,Month-to-month,Yes,Mailed check,81.08,1815.15,No
11397-UCSO,Male,0,Yes,No,49,Yes,No,DSL,No,No,Yes,Yes,No,No,Two year,Yes,Electronic check,57.59,2754.52,No
11398-GSED,Male,0,No,No,25,Yes,Yes,No,No internet service,No internet service,No internet service,No internet service,No internet service,No internet service,One year,Yes,Mailed check,26.63,685.59,No
11399-GHXS,Female,0,No,No,54,No,No phone service,DSL,Yes,No,No,No,Yes,No,Two year,No,Mailed check,58.47,3107.16,No
11400-TDXC,Male,0,No,No,31,Yes,Yes,Fiber optic,No,Yes,Yes,Yes,No,No,Two year,Yes,Electronic check,102.11,3085.81,No
11401-YEEN,Male,0,No,No,57,Yes,No,Fiber optic,No,Yes,No,No,Yes,No,One year,No,Electronic check,81.97,4557.07,No
11402-JFPX,Male,1,Yes,No,6,Yes,Yes,No,No internet service,No internet service,No internet service,No internet service,No internet service,No internet service,One year,No,Mailed check,29.03,171.47,Yes
11403-ALZC,Female,0,No,No,53,Yes,Yes,No,No internet service,No internet service,No internet service,No internet service,No internet service,No internet service,Two year,Yes,Credit card (automatic),25.02,1365.53,No
11404-LXEY,Male,0,No,No,24,Yes,No,DSL,No,No,No,No,Yes,Yes,Two year,Yes,Credit card (automatic),59.38,1389.13,No
11405-ACHK,Female,0,No,Yes,31,Yes,Yes,Fiber optic,Yes,No,Yes,Yes,Yes,No,One year,Yes,Mailed check,96.22,3030.27,Yes
11406-GSPE,Male,0,No,Yes,68,Yes,No,No,No internet service,No internet service,No internet service,No internet service,No internet service,No internet service,Month-to-month,No,Credit card (automatic),19.68,1311.75,No
11407-TPZT,Male,0,Yes,No,35,Yes,Yes,DSL,No,Yes,No,No,No,No,Month-to-month,No,Bank transfer (automatic),59.86,2058.14,Yes
11408-VRIH,Male,0,No,Yes,6,Yes,Yes,Fiber optic,No,No,Yes,No,Yes,Yes,Two year,No,Credit card (automatic),97.59,577.21,Yes
11409-VEYZ,Male,0,Yes,Yes,34,Yes,Yes,Fiber optic,No,Yes,No,No,Yes,No,Month-to-month,No,Bank transfer (automatic),88.6,3011.30,No
11410-CLZS,Male,0,No,No,18,Yes,No,DSL,Yes,Yes,No,No,Yes,No,Two year,Yes,Electronic check,61.69,1077.67,No
11411-QXFU,Female,0,Yes,No,35,No,No phone service,Fiber optic,Yes,No,Yes,Yes,No,No,One year,Yes,Credit card (automatic),83.04,2885.07,Yes
11412-YECX,Male,0,No,Yes,16,Yes,Yes,DSL,Yes,Yes,No,Yes,Yes,No,Two year,Yes,Mailed check,82.75,1311.68,No
11413-LWPV,Female,0,No,Yes,47,Yes,Yes,Fiber optic,No,Yes,No,No,No,No,Month-to-month,Yes,Electronic check,85.58,3986.12,Yes
11414-MGMB,Male,0,No,No,17,Yes,Yes,DSL,Yes,Yes,No,Yes,No,No,Month-to-month,No,Mailed check,75.68,1295.11,No
11415-ASCQ,Male,0,Yes,No,34,Yes,Yes,Fiber optic,Yes,Yes,Yes,No,Yes,No,Two year,No,Credit card (automatic),101.5,3412.45,No
11416-DBSB,Male,0,No,No,69,No,No phone service,Fiber optic,Yes,No,Yes,No,Yes,Yes,One year,No,Bank transfer (automatic),93.79,6400.86,No
11417-IHTQ,Male,0,No,Yes,46,Yes,No,DSL,No,No,Yes,No,No,No,One year,Yes,Bank transfer (automatic),48.91,2222.40,No
11418-UOQQ,Female,0,No,No,52,Yes,Yes,Fiber optic,Yes,No,Yes,No,Yes,No,Two year,Yes,Electronic check,98.71,5047.79,No
11419-NQCF,Male,0,No,No,56,Yes,No,DSL,No,Yes,Yes,No,No,No,Month-to-month,No,Bank transfer (automatic),58.73,3234.25,No
11420-EZUX,Female,0,No,No,67,Yes,No,DSL,No,No,No,Yes,Yes,Yes,Month-to-month,Yes,Electronic check,65.78,4330.96,Yes
11421-ROSA,Female,0,No,No,64,No,No phone service,Fiber optic,No,No,No,No,No,No,Month-to-month,Yes,Electronic check,69.35,4363.48,Yes
11422-SIZB,Female,0,Yes,No,62,Yes,Yes,Fiber optic,Yes,No,No,Yes,Yes,No,One year,Yes,Credit card (automatic),95.39,5982.94,No
11423-YREL,Male,0,Yes,No,25,Yes,No,Fiber optic,No,Yes,No,No,No,Yes,Two year,Yes,Mailed check,88.72,2181.39,No
11424-YAXI,Male,1,No,No,45,No,No phone service,DSL,Yes,Yes,No,No,Yes,No,Month-to-month,Yes,Credit card (automatic),67.73,3130.02,No
11425-VAAO,Female,0,No,No,59,Yes,Yes,Fiber optic,Yes,Yes,No,Yes,No,No,One year,Yes,Electronic check,96.71,5748.32,No
11426-QKCU,Male,0,Yes,No,41,Yes,Yes,DSL,Yes,Yes,No,No,No,No,One year,Yes,Bank transfer (automatic),63.4,2670.26,No
11427-FYHP,Male,1,Yes,No,10,Yes,Yes,DSL,No,No,Yes,No,Yes,Yes,Month-to-month,Yes,Electronic check,66.86,660.16,Yes
11428-EITW,Female,0,Yes,No,37,Yes,Yes,DSL,Yes,Yes,Yes,No,No,No,Month-to-month,Yes,Electronic check,71.95,2665.79,No
11429-EIGN,Female,0,No,No,16,Yes,No,DSL,No,No,No,Yes,No,Yes,Two year,No,Electronic check,59.69,982.33,No
11430-MYJY,Female,1,No,No,50,Yes,No,Fiber optic,No,No,No,Yes,No,No,Month-to-month,Yes,Electronic check,79.72,4069.53,No
11431-JNBB,Male,0,No,No,62,Yes,Yes,No,No internet service,No internet service,No internet service,No internet service,No internet service,No internet service,One year,Yes,Credit card (automatic),28.85,1749.53,No
11432-IGRK,Female,0,Yes,No,51,Yes,No,DSL,No,Yes,Yes,Yes,No,No,One year,No,Bank transfer (automatic),58.57,2973.69,No
11433-ANWZ,Male,0,Yes,No,40,Yes,No,Fiber optic,Yes,No,No,No,Yes,Yes,One year,No,Credit card (automatic),87.68,3445.75,Yes
11434-CZWS,Female,0,No,Yes,44,Yes,Yes,DSL,No,Yes,Yes,No,No,Yes,Two year,Yes,Electronic check,76.02,3406.27,No
11435-ENMP,Female,0,Yes,Yes,39,Yes,Yes,DSL,Yes,No,No,Yes,No,No,Two year,Yes,Credit card (automatic),64.22,2495.73,No
11436-BWXE,Female,0,Yes,No,33,Yes,Yes,Fiber optic,Yes,No,No,Yes,No,No,Two year,No,Electronic check,90.9,3065.92,No
11437-RAWA,Female,1,Yes,Yes,17,Yes,No,DSL,No,No,Yes,Yes,Yes,Yes,Month-to-month,Yes,Electronic check,68.21,1175.78,No
11438-GKUK,Male,0,No,No,49,Yes,No,Fiber optic,Yes,Yes,Yes,No,Yes,No,Month-to-month,Yes,Credit card (automatic),101.04,4926.24,No
11439-FHVL,Male,0,No,Yes,26,Yes,No,DSL,Yes,No,No,No,Yes,Yes,One year,Yes,Electronic check,63.52,1635.82,Yes
11440-NUEH,Male,0,Yes,No,12,Yes,No,No,No internet service,No internet service,No internet service,No internet service,No internet service,No internet service,One year,No,Credit card (automatic),22.22,273.77,No
11441-MRBQ,Male,0,Yes,No,58,No,No phone service,Fiber optic,No,Yes,No,Yes,No,Yes,Month-to-month,No,Credit card (automatic),85.54,5000.13,No
11442-FZJP,Female,0,No,No,40,Yes,Yes,Fiber optic,Yes,Yes,No,No,Yes,Yes,One year,No,Electronic check,103.83,4186.81,No
11443-FLEB,Male,0,Yes,No,38,Yes,No,DSL,Yes,No,Yes,Yes,No,Yes,One year,No,Credit card (automatic),67.72,2536.68,No
11444-IWDJ,Female,0,Yes,No,38,Yes,No,DSL,No,Yes,No,Yes,No,No,Month-to-month,Yes,Mailed check,56.28,2152.68,No
11445-EUCR,Male,1,Yes,Yes,6,Yes,No,Fiber optic,No,No,No,Yes,Yes,Yes,Two year,No,Bank transfer (automatic),89.25,537.63,No
11446-KMXH,Male,0,Yes,No,39,Yes,No,Fiber optic,No,No,Yes,No,No,Yes,Two year,Yes,Credit card (automatic),85.72,3272.14,Yes
11447-LFOK,Male,0,No,Yes,40,Yes,No,Fiber optic,Yes,No,Yes,Yes,No,Yes,Month-to-month,No,Bank transfer (automatic),98.74,3863.29,Yes
11448-VUOG,Female,0,No,No,37,Yes,No,Fiber optic,Yes,No,Yes,No,No,No,Month-to-month,Yes,Credit card (automatic),76.44,2838.69,No
11449-RFKE,Female,0,Yes,No,1,Yes,No,Fiber optic,No,No,No,No,Yes,Yes,Month-to-month,Yes,Credit card (automatic),81.16,82.74,Yes
11450-WIUD,Female,0,No,No,55,Yes,Yes,Fiber optic,Yes,Yes,Yes,Yes,No,No,Two year,No,Electronic check,102.37,5572.93,No
11451-PYBS,Male,0,Yes,No,45,Yes,No,DSL,No,No,Yes,No,No,No,Month-to-month,No,Bank transfer (automatic),46.98,2117.76,Yes
11452-TSVM,Male,0,No,No,55,Yes,No,No,No internet service,No internet service,No internet service,No internet service,No internet service,No internet service,Month-to-month,Yes,Mailed check,18.26,995.71,No
11453-NHEW,Female,1,Yes,Yes,37,Yes,Yes,Fiber optic,Yes,No,No,No,No,No,Month-to-month,No,Electronic check,79.75,2954.20,Yes
11454-IOIH,Female,1,Yes,No,24,Yes,No,DSL,No,Yes,Yes,Yes,No,Yes,One year,Yes,Electronic check,72.44,1781.21,No
11455-CAER,Male,1,No,Yes,60,Yes,Yes,DSL,Yes,Yes,Yes,Yes,No,Yes,Month-to-month,Yes,Electronic check,81.2,4967.31,Yes
11456-HSWV,Female,1,No,No,26,Yes,No,Fiber optic,Yes,No,Yes,Yes,Yes,No,Month-to-month,Yes,Mailed check,93.92,2500.54,Yes
11457-ENFD,Male,0,No,No,33,Yes,No,Fiber optic,No,No,No,Yes,No,Yes,One year,No,Electronic check,81.39,2645.08,No
11458-LGSL,Male,0,No,No,2,Yes,No,No,No internet service,No internet service,No internet service,No internet service,No internet service,No internet service,Month-to-month,Yes,Electronic check,20.82,41.74,Yes
11459-RPVJ,Female,1,No,No,12,Yes,No,Fiber optic,Yes,No,Yes,Yes,Yes,Yes,Month-to-month,Yes,Credit card (automatic),99.74,1164.88,Yes
11460-IHOK,Male,1,No,Yes,9,Yes,Yes,DSL,Yes,Yes,Yes,Yes,No,No,Two year,Yes,Credit card (automatic),75.41,660.28,No
11461-ETLR,Male,1,Yes,Yes,31,Yes,Yes,DSL,No,No,Yes,Yes,No,No,Month-to-month,No,Bank transfer (automatic),60.42,1841.20,Yes
11462-UUHL,Female,0,Yes,No,19,No,No phone service,Fiber optic,No,Yes,Yes,No,No,Yes,Two year,Yes,Credit card (automatic),92.65,1711.90,No
11463-QUXJ,Female,0,No,Yes,24,Yes,Yes,Fiber optic,Yes,No,Yes,No,No,No,Two year,Yes,Mailed check,94.58,2239.24,No
11464-KXFV,Male,1,No,No,56,No,No phone service,No,No internet service,No internet service,No internet service,No internet service,No internet service,No internet service,Month-to-month,No,Mailed check,22.96,1292.87,No
11465-OZLW,Male,1,No,No,50,Yes,No,Fiber optic,Yes,No,Yes,Yes,Yes,No,Month-to-month,No,Mailed check,95.34,4853.07,No
11466-YNYU,Female,0,Yes,No,58,Yes,Yes,No,No internet service,No internet service,No internet service,No internet service,No internet service,No internet service,Month-to-month,Yes,Electronic check,27.52,1549.19,No
11467-GENS,Female,1,Yes,No,59,Yes,Yes,Fiber optic,No,No,No,Yes,No,Yes,One year,No,Mailed check,94.24,5421.09,No
11468-UUCL,Female,0,Yes,No,18,Yes,Yes,Fiber optic,No,Yes,No,No,No,Yes,Month-to-month,Yes,Mailed check,92.83,1635.79,Yes
11469-BIIE,Female,1,No,No,45,Yes,Yes,Fiber optic,No,No,Yes,No,Yes,Yes,Month-to-month,Yes,Mailed check,96.06,4427.21,Yes
11470-ZOCY,Male,0,Yes,No,63,Yes,No,Fiber optic,No,Yes,Yes,Yes,No,Yes,One year,Yes,Mailed check,100.22,6195.19,No
11471-WDFV,Female,1,No,No,22,Yes,No,Fiber optic,No,No,Yes,No,No,No,Two year,No,Mailed check,73.58,1657.24,No
11472-NKIK,Male,0,Yes,No,28,Yes,Yes,No,No internet service,No internet service,No internet service,No internet service,No internet service,No internet service,One year,No,Bank transfer (automatic),27.63,788.30,No
11473-KWCT,Male,0,Yes,Yes,39,Yes,Yes,DSL,No,Yes,No,Yes,Yes,Yes,Month-to-month,No,Credit card (automatic),80.03,3083.64,Yes
11474-QTOG,Female,0,No,No,58,Yes,Yes,No,No internet service,No internet service,No internet service,No internet service,No internet service,No internet service,One year,No,Credit card (automatic),24.63,1445.69,No
11475-MLMU,Male,0,Yes,No,11,Yes,No,Fiber optic,Yes,Yes,No,Yes,No,No,One year,No,Electronic check,89.73,999.37,Yes
11476-DPGR,Female,0,No,No,34,Yes,No,Fiber optic,No,No,Yes,Yes,No,No,Two year,No,Electronic check,84.77,2936.32,No
11477-JPKI,Male,1,Yes,No,18,Yes,Yes,DSL,No,No,No,No,No,No,One year,Yes,Credit card (automatic),56.21,992.18,No
11478-XRGF,Female,0,No,No,52,Yes,Yes,DSL,No,Yes,Yes,No,Yes,No,One year,No,Electronic check,71.1,3633.89,Yes
11479-MTDE,Female,1,No,Yes,18,No,No phone service,Fiber optic,Yes,No,Yes,No,No,No,One year,Yes,Electronic check,81.42,1454.02,No
11480-SDFH,Male,0,No,Yes,26,Yes,Yes,DSL,Yes,Yes,Yes,No,Yes,No,Month-to-month,Yes,Electronic check,78.66,2059.69,Yes
11481-SFUD,Male,0,Yes,No,25,No,No phone service,DSL,Yes,Yes,No,No,No,Yes,One year,Yes,Mailed check,67.12,1694.08,No
11482-FWGM,Female,0,Yes,No,6,Yes,No,DSL,Yes,Yes,Yes,Yes,Yes,Yes,Two year,No,Electronic check,83.05,490.64,No
11483-OUJT,Male,0,No,No,49,Yes,No,DSL,Yes,Yes,Yes,Yes,Yes,No,Two year,No,Electronic check,73.75,3586.43,No
11484-WDGJ,Male,0,No,No,19,Yes,Yes,No,No internet service,No internet service,No internet service,No internet service,No internet service,No internet service,Month-to-month,Yes,Electronic check,24.15,466.86,Yes
11485-TXHW,Male,0,No,No,36,Yes,No,Fiber optic,Yes,No,Yes,Yes,Yes,No,Month-to-month,No,Mailed check,95.44,3425.81,Yes
11486-APEX,Female,1,No,No,51,Yes,Yes,Fiber optic,No,Yes,Yes,Yes,No,No,Month-to-month,No,Bank transfer (automatic),99.79,5120.44,Yes
11487-YHHB,Male,0,No,No,57,Yes,No,No,No internet service,No internet service,No internet service,No internet service,No internet service,No internet service,Two year,No,Credit card (automatic),18.53,1075.96,No
11488-LEAF,Female,1,No,Yes,67,Yes,Yes,Fiber optic,Yes,Yes,Yes,No,No,Yes,One year,No,Electronic check,100.66,6624.91,No
11489-IUWV,Male,0,No,No,10,Yes,No,No,No internet service,No internet service,No internet service,No internet service,No internet service,No internet service,Two year,Yes,Bank transfer (automatic),19.33,189.68,No
11490-QUSK,Male,0,No,No,46,Yes,Yes,No,No internet service,No internet service,No internet service,No internet service,No internet service,No internet service,Month-to-month,Yes,Electronic check,27.69,1269.82,Yes
11491-EGWH,Male,0,No,Yes,24,Yes,Yes,Fiber optic,Yes,No,Yes,Yes,Yes,Yes,One year,Yes,Bank transfer (automatic),110.88,2593.11,Yes
11492-IMWQ,Female,0,No,No,56,Yes,Yes,Fiber optic,Yes,Yes,Yes,Yes,No,No,Month-to-month,Yes,Electronic check,101.35,5685.41,Yes
11493-QKEK,Male,0,No,Yes,28,Yes,No,No,No internet service,No internet service,No internet service,No internet service,No internet service,No internet service,One year,Yes,Mailed check,21.46,606.50,No
11494-IPAD,Male,0,Yes,No,2,Yes,No,DSL,No,No,No,Yes,No,No,Two year,Yes,Mailed check,51.56,103.44,No
11495-XPPT,Female,0,Yes,No,62,Yes,No,Fiber optic,Yes,No,Yes,Yes,No,No,Two year,No,Credit card (automatic),86.07,5448.48,No
11496-UBEW,Male,0,No,Yes,55,Yes,Yes,DSL,No,Yes,No,Yes,Yes,Yes,Month-to-month,Yes,Electronic check,77.33,4192.90,Yes
11497-VOLH,Male,0,No,No,24,Yes,No,DSL,No,No,No,No,No,Yes,Two year,No,Credit card (automatic),48.22,1143.29,No
11498-GYSZ,Male,0,Yes,No,61,No,No phone service,DSL,No,Yes,Yes,No,No,No,Two year,Yes,Bank transfer (automatic),55.13,3279.33,No
11499-TRYG,Male,0,No,Yes,30,Yes,No,No,No internet service,No internet service,No internet service,No internet service,No internet service,No internet service,Two year,Yes,Mailed check,18.25,533.45,No
11500-JBXJ,Female,1,No,No,30,Yes,Yes,DSL,Yes,No,Yes,No,Yes,Yes,Month-to-month,No,Bank transfer (automatic),75.91,2281.87,No
11501-YHVB,Female,0,No,No,22,Yes,No,Fiber optic,No,No,No,No,No,Yes,Month-to-month,No,Mailed check,76.16,1634.28,No
11502-DTKT,Female,0,No,No,36,Yes,No,Fiber optic,No,No,No,No,Yes,No,Month-to-month,No,Bank transfer (automatic),75.3,2702.10,Yes
11503-PUTD,Female,0,Yes,No,72,Yes,Yes,Fiber optic,Yes,Yes,Yes,No,No,Yes,Two year,No,Electronic check,98.09,6943.48,No
11504-IJGG,Male,0,Yes,Yes,4,Yes,No,No,No internet service,No internet service,No internet service,No internet service,No internet service,No internet service,Month-to-month,No,Credit card (automatic),18.25,73.79,Yes
11505-GEJE,Male,0,Yes,No,43,Yes,No,No,No internet service,No internet service,No internet service,No internet service,No internet service,No internet service,Two year,Yes,Electronic check,18.25,783.25,No
11506-ZWGH,Male,1,No,No,13,Yes,Yes,Fiber optic,Yes,Yes,Yes,Yes,No,No,Two year,Yes,Credit card (automatic),95.83,1243.87,No
11507-FTUM,Female,0,Yes,Yes,9,Yes,No,Fiber optic,Yes,No,Yes,No,Yes,No,Month-to-month,No,Mailed check,88.0,811.64,Yes
11508-GNGY,Male,0,No,No,5,Yes,No,No,No internet service,No internet service,No internet service,No internet service,No internet service,No internet service,Month-to-month,Yes,Credit card (automatic),21.91,110.41,Yes
11509-NPIQ,Female,0,No,No,20,Yes,No,Fiber optic,Yes,Yes,Yes,No,No,No,Month-to-month,Yes,Electronic check,91.71,1818.91,Yes
11510-FXCN,Male,0,No,No,53,Yes,Yes,Fiber optic,No,Yes,Yes,Yes,No,No,Month-to-month,No,Electronic check,98.96,5324.36,Yes
11511-EJAG,Female,0,No,No,54,Yes,No,DSL,Yes,No,Yes,Yes,Yes,Yes,One year,Yes,Credit card (automatic),73.6,4017.32,No
11512-FXRK,Male,0,No,No,58,Yes,Yes,DSL,No,Yes,Yes,Yes,Yes,Yes,Month-to-month,No,Credit card (automatic),84.11,4971.01,No
11513-EPJB,Female,1,No,No,11,Yes,Yes,No,No internet service,No internet service,No internet service,No internet service,No internet service,No internet service,One year,Yes,Mailed check,29.45,328.35,No
11514-QHBW,Female,0,Yes,No,8,Yes,Yes,Fiber optic,No,Yes,No,No,Yes,Yes,Two year,Yes,Electronic check,99.91,786.95,No
11515-WQRN,Female,0,Yes,Yes,71,Yes,Yes,Fiber optic,No,No,No,No,Yes,No,Month-to-month,Yes,Mailed check,84.48,6152.71,Yes
11516-XNZO,Male,0,No,No,67,Yes,No,DSL,No,No,No,No,No,No,Month-to-month,Yes,Credit card (automatic),42.71,2826.38,No
11517-WHST,Male,0,Yes,Yes,51,Yes,No,Fiber optic,No,Yes,Yes,Yes,Yes,No,Two year,Yes,Mailed check,95.14,4946.54,No
11518-XMML,Female,0,No,Yes,61,Yes,Yes,No,No internet service,No internet service,No internet service,No internet service,No internet service,No internet service,One year,No,Bank transfer (automatic),24.9,1563.66,No
11519-QTHJ,Male,0,Yes,Yes,58,Yes,Yes,No,No internet service,No internet service,No internet service,No internet service,No internet service,No internet service,Month-to-month,Yes,Mailed check,25.96,1506.97,No
11520-USNK,Female,1,No,No,42,Yes,Yes,Fiber optic,No,Yes,Yes,No,Yes,No,Month-to-month,Yes,Electronic check,102.31,4349.68,Yes
11521-MEYR,Female,0,Yes,No,35,Yes,No,Fiber optic,Yes,No,Yes,Yes,No,Yes,Month-to-month,Yes,Bank transfer (automatic),99.0,3557.99,No
11522-CZGE,Female,1,No,No,71,Yes,No,DSL,No,Yes,Yes,No,Yes,No,Month-to-month,Yes,Electronic check,71.14,5097.78,No
11523-CODF,Female,0,Yes,No,49,Yes,Yes,DSL,No,No,Yes,No,No,No,Two year,Yes,Mailed check,59.41,2891.67,No
11524-BJIA,Female,0,No,No,64,Yes,No,DSL,No,Yes,No,Yes,No,Yes,Month-to-month,Yes,Credit card (automatic),70.24,4413.19,Yes
11525-MXRJ,Male,1,Yes,Yes,15,No,No phone service,Fiber optic,No,Yes,No,Yes,No,Yes,Month-to-month,No,Electronic check,89.24,1326.08,Yes
11526-KYCN,Male,0,No,Yes,17,Yes,No,No,No internet service,No internet service,No internet service,No internet service,No internet service,No internet service,Month-to-month,No,Mailed check,20.69,350.16,Yes
11527-MPUA,Male,0,Yes,Yes,46,Yes,No,No,No internet service,No internet service,No internet service,No internet service,No internet service,No internet service,Two year,Yes,Electronic check,20.22,914.45,No
11528-TRFV,Male,0,No,No,69,Yes,No,DSL,No,Yes,Yes,Yes,No,Yes,Month-to-month,Yes,Electronic check,69.15,4811.34,No
11529-AIJB,Female,0,No,Yes,45,Yes,No,Fiber optic,No,No,No,Yes,Yes,Yes,Month-to-month,Yes,Mailed check,82.9,3697.66,Yes
11530-EUIC,Male,1,No,No,32,Yes,No,DSL,Yes,No,No,Yes,Yes,No,Month-to-month,No,Electronic check,64.52,2050.29,No
11531-QJCK,Male,0,No,No,2,Yes,No,Fiber optic,No,No,Yes,Yes,Yes,Yes,Two year,Yes,Electronic check,99.57,201.66,No
11532-VBNY,Female,1,No,No,12,Yes,No,No,No internet service,No internet service,No internet service,No internet service,No internet service,No internet service,Two year,Yes,Credit card (automatic),22.91,276.20,No
11533-VEIS,Female,0,No,No,17,Yes,Yes,Fiber optic,Yes,Yes,Yes,Yes,Yes,No,Two year,No,Electronic check,111.08,1881.85,No
11534-QFQA,Male,0,Yes,No,15,Yes,Yes,No,No internet service,No internet service,No internet service,No internet service,No internet service,No internet service,Two year,Yes,Bank transfer (automatic),28.18,416.07,No
11535-EEVM,Female,0,No,Yes,51,Yes,No,Fiber optic,Yes,No,No,Yes,Yes,Yes,Two year,Yes,Mailed check,100.52,5183.37,No
11536-PTET,Male,0,Yes,No,50,No,No phone service,Fiber optic,Yes,Yes,No,No,No,No,Month-to-month,Yes,Mailed check,85.71,4311.63,Yes
11537-UVTB,Female,1,No,Yes,28,Yes,Yes,No,No internet service,No internet service,No internet service,No internet service,No internet service,No internet service,Two year,Yes,Mailed check,23.3,669.13,No
11538-LHLB,Female,0,Yes,No,72,Yes,Yes,Fiber optic,Yes,Yes,Yes,Yes,Yes,No,Two year,Yes,Mailed check,108.7,7804.82,No
11539-FZGH,Female,0,Yes,Yes,29,Yes,Yes,DSL,Yes,No,No,Yes,Yes,Yes,Month-to-month,Yes,Electronic check,79.43,2264.75,Yes
11540-PTVF,Female,0,No,No,33,Yes,No,DSL,Yes,Yes,Yes,Yes,No,No,Month-to-month,Yes,Credit card (automatic),73.82,2368.05,No
11541-WMRK,Female,0,Yes,No,38,Yes,Yes,DSL,No,No,Yes,No,Yes,No,One year,Yes,Electronic check,63.52,2446.21,Yes
11542-OOMO,Female,1,Yes,No,42,Yes,Yes,DSL,No,Yes,No,Yes,No,No,Two year,Yes,Bank transfer (automatic),64.62,2655.51,No
11543-IFOD,Female,0,Yes,No,14,Yes,Yes,Fiber optic,No,No,No,Yes,Yes,Yes,One year,No,Bank transfer (automatic),95.41,1313.76,No
11544-YFQG,Male,0,No,Yes,22,Yes,Yes,Fiber optic,No,Yes,No,Yes,Yes,Yes,One year,Yes,Electronic check,98.9,2227.48,Yes
11545-YZIG,Female,0,Yes,No,50,Yes,No,DSL,No,Yes,No,Yes,Yes,Yes,Month-to-month,No,Electronic check,73.94,3724.31,No
11546-EVRD,Female,0,Yes,No,61,No,No phone service,DSL,No,Yes,No,Yes,No,Yes,Month-to-month,No,Credit card (automatic),63.59,3885.78,No
11547-NRME,Female,1,No,Yes,31,Yes,No,DSL,Yes,No,Yes,Yes,Yes,No,Month-to-month,No,Electronic check,73.28,2299.78,Yes
11548-VTWG,Female,0,No,Yes,9,Yes,No,No,No internet service,No internet service,No internet service,No internet service,No internet service,No internet service,Month-to-month,No,Mailed check,18.29,165.14,No
11549-YMBF,Female,0,Yes,Yes,62,Yes,No,DSL,No,Yes,Yes,No,Yes,No,Month-to-month,No,Electronic check,67.14,4061.19,Yes
11550-HQWX,Male,0,No,Yes,42,Yes,Yes,DSL,Yes,No,No,No,No,No,Month-to-month,No,Mailed check,60.6,2544.24,No
11551-CPKE,Male,0,Yes,No,32,Yes,No,Fiber optic,Yes,No,No,Yes,Yes,No,Two year,Yes,Electronic check,90.33,2907.59,No
11552-WJXQ,Male,1,No,Yes,43,Yes,No,Fiber optic,No,No,Yes,No,Yes,No,One year,Yes,Credit card (automatic),81.01,3458.79,No
11553-PECF,Female,0,Yes,No,60,Yes,No,DSL,Yes,Yes,Yes,Yes,No,No,Month-to-month,Yes,Electronic check,76.23,4493.67,No
11554-FTGG,Female,0,Yes,Yes,1,Yes,Yes,Fiber optic,Yes,Yes,No,No,No,Yes,Month-to-month,Yes,Credit card (automatic),95.09,95.79,No
11555-TLIX,Male,0,Yes,No,26,No,No phone service,Fiber optic,No,Yes,Yes,No,Yes,No,Month-to-month,Yes,Mailed check,96.13,2449.38,Yes
11556-TNDE,Male,1,No,Yes,68,Yes,No,Fiber optic,No,Yes,No,Yes,Yes,Yes,Month-to-month,No,Mailed check,100.19,6957.38,Yes
11557-IAXU,Female,1,Yes,No,22,Yes,No,Fiber optic,Yes,No,Yes,No,Yes,Yes,Month-to-month,No,Bank transfer (automatic),96.91,2096.84,Yes
11558-HACR,Female,0,No,No,71,Yes,No,DSL,Yes,Yes,Yes,No,Yes,No,Month-to-month,Yes,Bank transfer (automatic),74.57,5360.44,No
11559-HLOW,Female,0,No,No,21,Yes,No,DSL,Yes,Yes,Yes,No,No,No,Two year,Yes,Credit card (automatic),63.98,1372.03,No
11560-ZFQX,Male,0,No,No,34,No,No phone service,Fiber optic,Yes,No,Yes,No,Yes,Yes,Month-to-month,No,Electronic check,94.79,3287.55,Yes
11561-JEDH,Male,0,No,No,6,Yes,No,DSL,Yes,Yes,Yes,No,No,Yes,Two year,Yes,Mailed check,74.75,452.16,Yes
11562-PQQO,Male,0,Yes,No,53,Yes,Yes,DSL,Yes,Yes,No,Yes,No,Yes,Two year,Yes,Credit card (automatic),76.64,3965.52,No
11563-SLOT,Male,0,Yes,No,18,Yes,No,DSL,Yes,Yes,Yes,No,No,No,Month-to-month,No,Electronic check,64.43,1129.12,Yes
11564-XFUK,Female,1,Yes,No,62,Yes,Yes,Fiber optic,No,Yes,Yes,Yes,Yes,Yes,Month-to-month,No,Electronic check,107.14,6762.55,Yes
11565-KYZR,Male,0,No,Yes,10,Yes,Yes,No,No internet service,No internet service,No internet service,No internet service,No internet service,No internet service,One year,Yes,Electronic check,23.79,235.54,No
11566-YISZ,Female,0,Yes,Yes,9,Yes,Yes,Fiber optic,Yes,No,No,No,No,Yes,Two year,No,Electronic check,90.78,801.20,No
11567-VAJB,Female,0,No,Yes,34,Yes,No,No,No internet service,No internet service,No internet service,No internet service,No internet service,No internet service,One year,Yes,Electronic check,21.45,708.28,No
11568-FMYB,Male,0,No,No,7,Yes,Yes,Fiber optic,No,No,No,No,No,No,Month-to-month,No,Electronic check,80.76,571.28,Yes
11569-BRKR,Male,0,No,Yes,24,Yes,No,Fiber optic,Yes,Yes,No,Yes,Yes,Yes,Two year,Yes,Electronic check,97.57,2400.13,No
11570-WBCJ,Female,0,No,Yes,50,Yes,No,DSL,Yes,Yes,No,No,Yes,Yes,One year,Yes,Electronic check,74.66,3795.40,No
11571-GLCE,Male,1,Yes,No,37,Yes,No,DSL,Yes,No,No,Yes,No,No,Month-to-month,Yes,Credit card (automatic),58.12,2198.62,No
11572-BFGT,Male,0,Yes,No,41,Yes,Yes,DSL,Yes,No,No,Yes,No,No,Month-to-month,Yes,Bank transfer (automatic),61.58,2455.23,Yes
11573-CEDX,Female,1,No,No,7,Yes,Yes,DSL,Yes,Yes,No,No,No,Yes,Month-to-month,Yes,Electronic check,71.16,501.98,No
11574-OZBP,Female,0,Yes,No,49,Yes,No,Fiber optic,Yes,Yes,No,No,No,Yes,One year,Yes,Credit card (automatic),88.02,4259.15,No
11575-ICKY,Female,0,No,Yes,7,Yes,Yes,Fiber optic,Yes,No,Yes,Yes,Yes,Yes,Month-to-month,No,Bank transfer (automatic),111.84,777.15,Yes
11576-SPGG,Male,0,No,No,42,Yes,Yes,DSL,No,Yes,Yes,No,No,Yes,Two year,No,Electronic check,70.62,2880.86,No
11577-XUSR,Male,1,Yes,Yes,57,Yes,Yes,Fiber optic,No,Yes,Yes,Yes,Yes,Yes,Month-to-month,Yes,Bank transfer (automatic),115.24,6686.24,No
11578-RVFW,Male,0,Yes,Yes,53,Yes,No,DSL,Yes,No,Yes,No,No,No,Month-to-month,Yes,Credit card (automatic),55.63,2884.30,Yes
11579-AYYL,Male,0,Yes,No,26,Yes,Yes,No,No internet service,No internet service,No internet service,No internet service,No internet service,No internet service,Month-to-month,Yes,Electronic check,23.86,615.35,Yes
11580-FXAF,Male,0,Yes,Yes,12,Yes,No,No,No internet service,No internet service,No internet service,No internet service,No internet service,No internet service,Month-to-month,Yes,Credit card (automatic),18.25,213.48,Yes
11581-EHNL,Female,0,No,No,60,Yes,Yes,DSL,No,No,No,No,No,Yes,One year,Yes,Mailed check,56.93,3314.68,No
11582-XCJT,Male,0,No,No,16,Yes,No,DSL,No,Yes,Yes,No,Yes,No,Month-to-month,Yes,Mailed check,63.11,1024.05,No
11583-KJNL,Female,0,Yes,Yes,36,Yes,Yes,No,No internet service,No internet service,No internet service,No internet service,No internet service,No internet service,Month-to-month,No,Electronic check,25.25,893.93,No
11584-IQVX,Female,0,No,Yes,18,Yes,No,No,No internet service,No internet service,No internet service,No internet service,No internet service,No internet service,Month-to-month,No,Electronic check,19.39,339.74,No
11585-CZKV,Female,1,Yes,Yes,3,No,No phone service,No,No internet service,No internet service,No internet service,No internet service,No internet service,No internet service,Month-to-month,No,Mailed check,18.25,54.23,No
11586-TOWG,Male,0,No,Yes,30,Yes,No,DSL,Yes,Yes,No,Yes,No,Yes,Month-to-month,Yes,Credit card (automatic),75.09,2233.78,Yes
11587-AYTJ,Male,0,No,No,40,Yes,Yes,Fiber optic,Yes,No,Yes,Yes,No,Yes,Month-to-month,No,Bank transfer (automatic),99.68,4101.38,No
11588-LEDQ,Female,0,Yes,No,55,Yes,Yes,DSL,No,No,No,No,No,Yes,Two year,No,Credit card (automatic),57.78,3261.32,No
11589-RJDV,Male,0,No,Yes,53,Yes,No,Fiber optic,No,No,Yes,No,Yes,No,Two year,No,Bank transfer (automatic),83.46,4517.00,No
11590-SZVV,Female,1,No,Yes,60,Yes,Yes,DSL,Yes,Yes,Yes,Yes,No,No,Month-to-month,Yes,Credit card (automatic),73.14,4279.34,Yes
11591-OHST,Male,0,Yes,No,59,Yes,Yes,Fiber optic,Yes,Yes,Yes,Yes,Yes,No,Month-to-month,Yes,Electronic check,108.33,6368.63,No
11592-MCGG,Male,0,Yes,No,29,Yes,No,Fiber optic,Yes,No,No,Yes,Yes,Yes,Month-to-month,Yes,Credit card (automatic),94.62,2789.67,Yes
11593-HXSX,Female,1,No,No,25,Yes,No,No,No internet service,No internet service,No internet service,No internet service,No internet service,No internet service,Month-to-month,Yes,Credit card (automatic),18.25,445.27,No
11594-CRIZ,Female,0,Yes,Yes,44,Yes,Yes,DSL,Yes,No,Yes,Yes,Yes,No,Month-to-month,No,Bank transfer (automatic),69.4,3140.43,No
11595-MGTO,Male,0,Yes,No,35,Yes,Yes,No,No internet service,No internet service,No internet service,No internet service,No internet service,No internet service,One year,No,Bank transfer (automatic),25.94,918.87,No
11596-RYPA,Female,0,Yes,Yes,22,No,No phone service,Fiber optic,Yes,No,Yes,No,No,No,Month-to-month,Yes,Bank transfer (automatic),80.68,1815.36,No
11597-AFTT,Male,0,No,No,3,Yes,Yes,No,No internet service,No internet service,No internet service,No internet service,No internet service,No internet service,Month-to-month,Yes,Electronic check,21.99,67.14,No
11598-ZSOT,Female,0,Yes,No,35,Yes,Yes,Fiber optic,No,No,No,Yes,No,No,Month-to-month,Yes,Electronic check,84.27,2982.30,Yes
11599-WDQJ,Female,0,No,No,34,Yes,No,DSL,Yes,No,No,Yes,Yes,Yes,Two year,Yes,Credit card (automatic),62.78,2087.08,No
11600-DJHM,Female,0,Yes,Yes,68,Yes,Yes,Fiber optic,No,Yes,Yes,No,Yes,No,One year,Yes,Electronic check,101.6,7051.43,No
11601-GEOU,Female,0,Yes,No,59,Yes,Yes,Fiber optic,No,Yes,No,Yes,Yes,No,Two year,Yes,Electronic check,102.27,6137.23,No
11602-BJXU,Male,1,No,Yes,20,Yes,No,DSL,Yes,Yes,No,No,Yes,No,Month-to-month,Yes,Bank transfer (automatic),61.98,1216.71,Yes
11603-GOYP,Female,0,Yes,No,8,Yes,No,DSL,No,No,No,No,No,No,Two year,No,Mailed check,43.71,357.05,No
11604-BOUM,Male,0,No,Yes,57,Yes,Yes,No,No internet service,No internet service,No internet service,No internet service,No internet service,No internet service,Two year,Yes,Credit card (automatic),25.36,1407.07,No
11605-IYVS,Male,0,Yes,No,36,Yes,Yes,No,No internet service,No internet service,No internet service,No internet service,No internet service,No internet service,Two year,Yes,Bank transfer (automatic),26.89,946.96,No
11606-JLAX,Male,0,No,Yes,4,Yes,No,Fiber optic,Yes,No,No,Yes,Yes,Yes,Month-to-month,No,Credit card (automatic),93.7,368.18,Yes
11607-DGQO,Male,0,Yes,No,55,Yes,No,DSL,No,Yes,Yes,No,Yes,No,Month-to-month,Yes,Bank transfer (automatic),68.43,3775.03,Yes
11608-PFOS,Female,0,No,No,25,Yes,No,DSL,Yes,No,No,No,No,No,Two year,Yes,Bank transfer (automatic),51.01,1290.33,No
11609-IKRU,Male,1,Yes,No,13,Yes,No,DSL,No,Yes,Yes,Yes,Yes,Yes,Month-to-month,No,Mailed check,87.58,1104.41,Yes
11610-SIFH,Male,0,No,Yes,48,Yes,Yes,Fiber optic,Yes,Yes,Yes,No,No,Yes,Two year,Yes,Electronic check,108.04,5104.32,No
11611-BUBU,Male,0,Yes,No,57,Yes,Yes,Fiber optic,No,Yes,No,Yes,No,No,Month-to-month,Yes,Electronic check,85.85,4875.82,Yes
11612-LCOA,Female,0,Yes,Yes,56,Yes,Yes,Fiber optic,Yes,Yes,No,No,Yes,No,Month-to-month,No,Bank transfer (automatic),92.52,5108.04,Yes
11613-KAMU,Female,0,No,No,20,Yes,No,No,No internet service,No internet service,No internet service,No internet service,No internet service,No internet service,Month-to-month,No,Bank transfer (automatic),21.56,426.59,Yes
11614-FUCL,Female,0,Yes,Yes,43,Yes,Yes,No,No internet service,No internet service,No internet service,No internet service,No internet service,No internet service,Two year,Yes,Electronic check,26.62,1139.09,No
11615-MZBX,Male,0,Yes,Yes,34,Yes,Yes,DSL,Yes,Yes,No,Yes,Yes,No,Month-to-month,Yes,Mailed check,78.07,2732.58,Yes
11616-HJMV,Male,0,No,Yes,63,Yes,No,Fiber optic,No,Yes,Yes,No,No,No,Month-to-month,Yes,Electronic check,79.75,5065.84,Yes
11617-CVLO,Female,0,No,Yes,14,Yes,Yes,Fiber optic,No,No,Yes,Yes,Yes,No,Two year,Yes,Bank transfer (automatic),98.27,1336.37,No
11618-MWAT,Female,0,No,Yes,60,Yes,No,DSL,Yes,No,Yes,Yes,Yes,No,Two year,Yes,Credit card (automatic),65.63,3854.41,No
11619-WDSL,Female,0,No,No,25,Yes,Yes,Fiber optic,Yes,No,No,No,Yes,Yes,Two year,Yes,Mailed check,96.65,2459.75,No
11620-IOQR,Female,0,Yes,Yes,45,Yes,No,DSL,No,No,Yes,Yes,No,Yes,Month-to-month,Yes,Bank transfer (automatic),60.03,2625.25,Yes
11621-HTMG,Female,0,Yes,No,37,Yes,Yes,DSL,No,Yes,Yes,No,No,Yes,One year,No,Mailed check,68.6,2510.07,No
11622-FBGW,Female,0,No,No,26,Yes,Yes,No,No internet service,No internet service,No internet service,No internet service,No internet service,No internet service,Month-to-month,Yes,Mailed check,24.03,612.13,Yes
11623-OZVB,Male,0,Yes,No,17,No,No phone service,DSL,No,No,No,No,Yes,Yes,Two year,No,Bank transfer (automatic),61.82,1077.27,No
11624-VMGP,Male,0,Yes,No,27,Yes,Yes,Fiber optic,No,Yes,Yes,Yes,Yes,No,One year,Yes,Electronic check,107.42,2917.87,No
11625-XAQE,Male,0,Yes,No,44,Yes,Yes,DSL,No,No,No,Yes,No,Yes,Two year,Yes,Electronic check,59.64,2688.14,No
11626-NXDF,Male,0,Yes,No,45,Yes,Yes,Fiber optic,Yes,No,Yes,No,Yes,Yes,Month-to-month,No,Bank transfer (automatic),94.72,4265.53,No
11627-CSEV,Male,0,Yes,No,45,Yes,No,Fiber optic,Yes,Yes,Yes,Yes,No,Yes,Two year,Yes,Credit card (automatic),107.59,4910.14,No
11628-KEMF,Female,0,Yes,No,48,Yes,Yes,No,No internet service,No internet service,No internet service,No internet service,No internet service,No internet service,Month-to-month,No,Bank transfer (automatic),25.19,1210.88,No
11629-ZTSC,Male,0,No,Yes,4,Yes,No,DSL,Yes,No,No,Yes,Yes,Yes,Month-to-month,Yes,Electronic check,69.82,279.11,No
11630-GWCD,Male,0,No,No,29,Yes,No,Fiber optic,No,No,No,Yes,Yes,No,Two year,Yes,Mailed check,81.94,2347.13,No
11631-CMKI,Male,1,No,Yes,23,Yes,No,No,No internet service,No internet service,No internet service,No internet service,No internet service,No internet service,Month-to-month,No,Mailed check,18.25,417.51,No
11632-NIDH,Male,0,Yes,No,29,Yes,No,DSL,Yes,No,Yes,Yes,No,No,Month-to-month,Yes,Credit card (automatic),69.91,1984.40,No
11633-VOAL,Male,1,Yes,No,28,Yes,No,DSL,Yes,No,Yes,Yes,Yes,Yes,Month-to-month,No,Bank transfer (automatic),77.14,2164.85,Yes
11634-NMBV,Male,1,No,Yes,13,Yes,Yes,Fiber optic,Yes,No,Yes,No,Yes,Yes,Month-to-month,Yes,Mailed check,95.63,1245.55,Yes
11635-NBDZ,Female,0,Yes,Yes,70,Yes,No,No,No internet service,No internet service,No internet service,No internet service,No internet service,No internet service,One year,No,Mailed check,21.44,1506.37,No
11636-BJXQ,Female,0,Yes,No,1,Yes,No,DSL,Yes,Yes,Yes,Yes,No,No,Two year,Yes,Mailed check,74.31,74.07,No
11637-AKJL,Male,0,No,Yes,43,Yes,Yes,DSL,Yes,No,No,Yes,No,No,Two year,Yes,Electronic check,66.53,2832.42,No
11638-TPCS,Female,0,No,Yes,34,Yes,Yes,No,No internet service,No internet service,No internet service,No internet service,No internet service,No internet service,One year,Yes,Bank transfer (automatic),23.04,773.10,No
11639-ZVVC,Female,0,Yes,No,51,Yes,No,Fiber optic,No,Yes,Yes,No,Yes,No,Month-to-month,No,Mailed check,93.99,4713.38,No
11640-RCRS,Female,0,No,No,60,Yes,No,DSL,Yes,No,No,No,No,No,Month-to-month,No,Electronic check,51.01,3099.82,Yes
11641-ALVQ,Male,0,No,No,47,Yes,Yes,Fiber optic,Yes,No,Yes,Yes,No,No,Month-to-month,Yes,Mailed check,98.52,4758.55,Yes
11642-UBMY,Female,0,No,No,56,Yes,No,DSL,No,No,No,Yes,No,No,Two year,Yes,Bank transfer (automatic),51.38,2950.27,No
11643-XMJB,Male,0,Yes,No,20,Yes,Yes,Fiber optic,No,Yes,No,Yes,Yes,Yes,Month-to-month,Yes,Electronic check,107.55,2168.90,Yes
11644-YSAC,Male,0,No,No,72,Yes,No,DSL,Yes,No,Yes,Yes,No,No,Month-to-month,No,Bank transfer (automatic),68.06,4874.35,No
11645-HAQY,Male,1,No,No,7,Yes,No,Fiber optic,No,Yes,No,No,Yes,Yes,Two year,Yes,Mailed check,86.08,611.17,No
11646-NNBU,Female,0,Yes,No,49,Yes,Yes,Fiber optic,Yes,Yes,Yes,Yes,Yes,Yes,Two year,No,Electronic check,118.75,5904.05,No
11647-FUIC,Male,0,No,No,11,Yes,Yes,DSL,No,No,Yes,Yes,Yes,Yes,One year,No,Credit card (automatic),78.43,885.04,No
11648-IHHH,Male,1,No,No,17,No,No phone service,Fiber optic,Yes,Yes,Yes,Yes,Yes,Yes,One year,Yes,Electronic check,109.18,1807.96,Yes
11649-ZDGG,Male,0,Yes,Yes,60,Yes,No,No,No internet service,No internet service,No internet service,No internet service,No internet service,No internet service,Month-to-month,No,Electronic check,18.25,1096.93,Yes
11650-WUTH,Male,0,Yes,Yes,49,Yes,Yes,Fiber optic,Yes,Yes,Yes,Yes,Yes,Yes,Two year,No,Mailed check,108.0,5191.32,No
11651-GJCO,Female,0,Yes,Yes,46,Yes,No,No,No internet service,No internet service,No internet service,No internet service,No internet service,No internet service,Two year,Yes,Electronic check,21.21,947.42,No
11652-IROE,Male,0,No,No,60,No,No phone service,No,No internet service,No internet service,No internet service,No internet service,No internet service,No internet service,Month-to-month,Yes,Electronic check,18.25,1117.72,No
11653-OCUI,Male,1,Yes,No,21,Yes,Yes,DSL,Yes,Yes,Yes,No,Yes,Yes,Month-to-month,No,Bank transfer (automatic),81.09,1730.48,No
11654-EIJK,Male,0,No,No,47,Yes,No,Fiber optic,No,Yes,No,Yes,Yes,No,Month-to-month,Yes,Electronic check,88.42,4268.30,Yes
11655-ZPBS,Male,0,Yes,No,15,Yes,No,No,No internet service,No internet service,No internet service,No internet service,No internet service,No internet service,One year,Yes,Credit card (automatic),19.9,306.03,No
11656-HTAC,Male,0,No,No,35,Yes,No,Fiber optic,Yes,Yes,Yes,Yes,Yes,Yes,Month-to-month,Yes,Credit card (automatic),105.56,3671.74,No
11657-JCNU,Female,0,No,No,30,Yes,No,Fiber optic,Yes,Yes,Yes,No,No,No,One year,No,Credit card (automatic),86.98,2589.97,Yes
11658-MAFW,Male,0,No,No,45,Yes,No,DSL,Yes,Yes,Yes,No,No,No,Month-to-month,No,Bank transfer (automatic),61.07,2732.55,No
11659-MVRZ,Male,0,No,Yes,5,Yes,No,No,No internet service,No internet service,No internet service,No internet service,No internet service,No internet service,One year,No,Mailed check,19.39,99.79,No
11660-FKHO,Female,0,Yes,No,2,Yes,Yes,DSL,No,Yes,Yes,No,No,No,Two year,Yes,Bank transfer (automatic),63.17,123.12,No
11661-KAKQ,Female,0,Yes,No,3,Yes,Yes,Fiber optic,Yes,No,No,No,No,Yes,One year,Yes,Bank transfer (automatic),90.97,265.50,Yes
11662-VYHD,Male,0,No,Yes,20,Yes,Yes,No,No internet service,No internet service,No internet service,No internet service,No internet service,No internet service,Month-to-month,No,Credit card (automatic),29.24,589.76,No
11663-MLLH,Male,1,Yes,Yes,42,Yes,Yes,Fiber optic,Yes,Yes,No,No,No,No,Two year,No,Electronic check,88.07,3670.51,No
11664-BBUA,Male,0,No,Yes,12,Yes,No,Fiber optic,No,No,No,No,Yes,No,One year,Yes,Electronic check,77.53,932.30,No
11665-DDLJ,Female,0,No,Yes,72,Yes,Yes,Fiber optic,No,No,No,No,No,Yes,Two year,No,Bank transfer (automatic),80.48,5805.21,No
11666-VRIL,Male,0,No,Yes,30,Yes,Yes,No,No internet service,No internet service,No internet service,No internet service,No internet service,No internet service,Month-to-month,No,Electronic check,26.92,786.93,No
11667-BCUS,Male,0,Yes,No,22,Yes,No,Fiber optic,No,No,Yes,Yes,Yes,Yes,Month-to-month,No,Credit card (automatic),93.27,2032.36,No
11668-RZHT,Female,0,No,No,65,Yes,Yes,Fiber optic,Yes,Yes,Yes,No,Yes,No,Two year,Yes,Electronic check,99.59,6414.50,No
11669-JWRK,Male,1,Yes,No,13,Yes,No,DSL,No,Yes,Yes,No,No,No,Two year,No,Bank transfer (automatic),55.38,720.17,No
11670-WVYU,Male,0,No,Yes,14,Yes,Yes,DSL,No,No,No,Yes,Yes,Yes,Month-to-month,Yes,Credit card (automatic),69.16,996.44,No
11671-DHSM,Female,1,No,No,28,Yes,Yes,DSL,Yes,Yes,No,No,Yes,Yes,Two year,No,Electronic check,77.69,2126.90,No
11672-HPXT,Male,1,No,No,6,Yes,No,Fiber optic,No,No,Yes,Yes,No,Yes,One year,No,Bank transfer (automatic),83.55,513.09,Yes
11673-WZRP,Female,0,No,No,50,Yes,No,Fiber optic,Yes,Yes,No,No,No,No,Month-to-month,No,Credit card (automatic),87.8,4367.02,No
11674-YCPR,Female,0,Yes,No,56,Yes,Yes,DSL,Yes,No,No,No,No,Yes,Month-to-month,Yes,Credit card (automatic),63.84,3643.03,Yes
11675-WEKY,Male,0,No,No,26,Yes,Yes,DSL,Yes,Yes,Yes,Yes,No,Yes,One year,Yes,Electronic check,79.69,2033.53,No
11676-BZVW,Female,0,No,No,63,No,No phone service,DSL,No,No,No,Yes,No,No,Month-to-month,Yes,Electronic check,53.67,3331.69,Yes
11677-SCMZ,Female,0,Yes,No,1,Yes,No,No,No internet service,No internet service,No internet service,No internet service,No internet service,No internet service,One year,Yes,Electronic check,22.43,22.71,No
11678-YJTS,Female,0,No,No,39,Yes,Yes,DSL,No,No,No,No,Yes,Yes,Two year,Yes,Electronic check,62.93,2484.28,No
11679-WKKN,Male,1,No,Yes,53,Yes,Yes,Fiber optic,No,Yes,Yes,No,Yes,No,Month-to-month,No,Electronic check,97.74,5193.40,Yes
11680-HFNX,Male,0,No,Yes,28,Yes,No,No,No internet service,No internet service,No internet service,No internet service,No internet service,No internet service,Two year,Yes,Mailed check,18.25,502.90,No
11681-MSSO,Male,0,No,No,69,Yes,No,No,No internet service,No internet service,No internet service,No internet service,No internet service,No internet service,One year,Yes,Electronic check,19.31,1311.71,No
11682-SFBK,Female,0,Yes,Yes,31,Yes,No,Fiber optic,No,Yes,Yes,No,No,No,One year,No,Electronic check,85.45,2586.35,No
11683-GKWC,Male,0,No,No,67,Yes,No,DSL,No,No,No,No,Yes,Yes,Month-to-month,Yes,Credit card (automatic),61.14,4175.62,No
11684-JPUP,Female,0,Yes,Yes,48,Yes,No,DSL,Yes,Yes,Yes,No,No,No,One year,No,Bank transfer (automatic),62.44,2961.91,No
11685-AOOL,Female,0,No,No,17,Yes,No,DSL,Yes,No,Yes,No,No,Yes,Two year,Yes,Electronic check,63.23,1100.84,No
11686-TFBP,Female,0,Yes,Yes,60,Yes,Yes,Fiber optic,Yes,Yes,No,Yes,No,No,Month-to-month,No,Electronic check,101.23,5908.24,No
11687-XMGP,Male,1,No,No,3,Yes,No,DSL,Yes,Yes,Yes,Yes,No,No,Month-to-month,Yes,Mailed check,70.11,213.50,No
11688-AGPL,Male,0,Yes,No,14,Yes,Yes,DSL,No,No,Yes,Yes,No,Yes,One year,Yes,Bank transfer (automatic),70.71,1001.70,No
11689-UVNQ,Female,1,Yes,No,57,No,No phone service,DSL,Yes,Yes,No,No,Yes,No,Two year,No,Electronic check,66.4,3843.76,No
11690-HAOS,Male,0,Yes,Yes,65,Yes,Yes,Fiber optic,No,No,No,Yes,Yes,No,Month-to-month,No,Bank transfer (automatic),91.92,5981.91,No
11691-EUMF,Male,0,No,No,28,Yes,Yes,DSL,Yes,No,Yes,No,No,No,Month-to-month,Yes,Mailed check,66.21,1812.62,No
11692-LOFX,Female,0,Yes,No,48,Yes,Yes,Fiber optic,No,No,Yes,No,Yes,Yes,Two year,Yes,Bank transfer (automatic),102.12,4799.24,No
11693-WAQU,Female,0,Yes,Yes,51,Yes,No,DSL,No,No,No,No,Yes,No,Month-to-month,Yes,Mailed check,52.16,2687.12,No
11694-DUAX,Female,1,Yes,Yes,54,Yes,Yes,Fiber optic,No,No,Yes,No,No,Yes,Month-to-month,No,Mailed check,93.42,5142.67,Yes
11695-GYZG,Female,0,Yes,No,66,Yes,No,DSL,Yes,Yes,Yes,Yes,No,Yes,Month-to-month,Yes,Electronic check,79.36,5389.04,No
11696-SGVT,Male,0,No,No,7,Yes,No,Fiber optic,No,No,Yes,No,No,No,Month-to-month,Yes,Electronic check,73.61,525.60,Yes
11697-FQFF,Male,0,No,No,14,Yes,No,Fiber optic,No,Yes,No,No,No,No,Month-to-month,No,Mailed check,76.26,1083.38,No
11698-IHJR,Male,0,Yes,Yes,67,Yes,Yes,Fiber optic,Yes,No,Yes,Yes,Yes,No,Month-to-month,Yes,Mailed check,103.16,6795.13,No
11699-TQJV,Male,0,Yes,No,40,Yes,No,DSL,Yes,No,Yes,Yes,No,Yes,One year,Yes,Bank transfer (automatic),73.06,2909.79,No
11700-VKKQ,Female,0,Yes,No,39,Yes,No,Fiber optic,No,Yes,No,No,Yes,Yes,Month-to-month,Yes,Electronic check,87.3,3430.16,Yes
11701-VWHT,Male,1,Yes,No,30,Yes,Yes,Fiber optic,No,No,No,No,No,Yes,Month-to-month,No,Bank transfer (automatic),79.85,2449.25,Yes
11702-WYLA,Female,0,Yes,No,27,Yes,No,Fiber optic,Yes,No,Yes,No,Yes,No,Month-to-month,Yes,Mailed check,97.07,2552.84,Yes
11703-MWQN,Female,0,Yes,No,18,Yes,No,DSL,Yes,Yes,Yes,No,No,No,Month-to-month,No,Electronic check,60.01,1071.90,Yes
11704-LZZW,Female,0,Yes,No,29,Yes,No,No,No internet service,No internet service,No internet service,No internet service,No internet service,No internet service,Two year,Yes,Electronic check,22.23,649.33,No
11705-CGRT,Male,0,Yes,No,6,Yes,No,Fiber optic,No,Yes,No,No,No,Yes,Month-to-month,Yes,Mailed check,79.4,482.74,Yes
11706-ZSSX,Male,1,No,No,22,No,No phone service,Fiber optic,No,Yes,Yes,No,Yes,No,Month-to-month,Yes,Bank transfer (automatic),92.63,2007.64,Yes
11707-YLQT,Female,0,Yes,Yes,72,Yes,No,DSL,No,Yes,No,Yes,No,No,Month-to-month,No,Credit card (automatic),55.53,4007.39,Yes
11708-MNUJ,Female,0,No,No,12,No,No phone service,Fiber optic,No,Yes,Yes,No,No,No,Month-to-month,Yes,Electronic check,83.31,974.25,Yes
11709-YQVS,Male,0,No,No,53,Yes,Yes,DSL,Yes,No,Yes,Yes,No,Yes,One year,Yes,Credit card (automatic),77.98,4245.54,No
11710-HWGK,Male,1,No,Yes,3,Yes,Yes,Fiber optic,No,No,No,No,Yes,Yes,Month-to-month,Yes,Electronic check,88.7,270.65,Yes
11711-QIYM,Female,0,Yes,No,53,Yes,No,DSL,No,Yes,No,Yes,No,Yes,One year,Yes,Bank transfer (automatic),57.56,3011.64,No
11712-BRZR,Female,1,No,No,20,Yes,Yes,DSL,No,Yes,No,Yes,Yes,No,Month-to-month,Yes,Electronic check,68.57,1379.29,Yes
11713-OZHB,Male,0,No,Yes,51,Yes,No,Fiber optic,No,No,Yes,Yes,Yes,Yes,Two year,Yes,Bank transfer (automatic),93.37,4703.76,No
11714-CKWM,Male,1,No,No,36,Yes,No,Fiber optic,Yes,No,Yes,Yes,No,No,Two year,Yes,Electronic check,87.73,3207.72,No
11715-GBJD,Female,0,No,Yes,56,Yes,Yes,DSL,Yes,No,Yes,Yes,Yes,No,Two year,No,Mailed check,76.78,4366.75,No
11716-TTCD,Female,0,Yes,No,49,Yes,Yes,No,No internet service,No internet service,No internet service,No internet service,No internet service,No internet service,Two year,Yes,Bank transfer (automatic),30.29,1478.91,No
11717-BNEX,Female,0,No,No,41,Yes,No,No,No internet service,No internet service,No internet service,No internet service,No internet service,No internet service,One year,No,Mailed check,20.24,815.08,No
11718-BVOK,Male,0,No,No,53,Yes,Yes,Fiber optic,Yes,Yes,No,Yes,No,No,Month-to-month,Yes,Electronic check,94.95,4985.17,Yes
11719-HZBD,Male,1,Yes,No,70,Yes,Yes,Fiber optic,Yes,No,No,Yes,No,Yes,Month-to-month,Yes,Bank transfer (automatic),101.01,7208.00,No
11720-UOLD,Female,1,Yes,No,43,Yes,No,Fiber optic,No,Yes,No,No,No,Yes,Month-to-month,No,Mailed check,84.98,3675.07,Yes
11721-JGKJ,Female,0,No,No,13,Yes,Yes,Fiber optic,Yes,Yes,Yes,Yes,Yes,No,Two year,Yes,Bank transfer (automatic),108.32,1446.92,No
11722-WVXQ,Female,1,Yes,No,9,Yes,Yes,Fiber optic,Yes,No,No,Yes,Yes,Yes,Two year,No,Credit card (automatic),100.33,878.00,No
11723-RJYG,Male,0,No,No,40,Yes,Yes,Fiber optic,Yes,No,No,Yes,Yes,Yes,Month-to-month,No,Electronic check,105.78,4343.21,Yes
11724-RYEU,Male,0,Yes,No,32,Yes,No,DSL,Yes,Yes,No,Yes,No,No,Month-to-month,Yes,Bank transfer (automatic),64.18,1992.88,Yes
11725-EKLD,Male,0,No,No,44,Yes,Yes,DSL,Yes,No,No,No,No,No,Month-to-month,Yes,Mailed check,57.61,2526.28,No
11726-PXDO,Male,0,Yes,No,49,No,No phone service,Fiber optic,Yes,No,Yes,Yes,No,No,Two year,Yes,Electronic check,89.43,4381.11,No
11727-MPSC,Female,0,No,No,14,Yes,No,Fiber optic,No,No,Yes,Yes,No,Yes,Month-to-month,No,Bank transfer (automatic),93.59,1337.13,Yes
11728-BXTH,Male,0,No,No,54,Yes,Yes,Fiber optic,Yes,No,Yes,Yes,Yes,No,Two year,Yes,Mailed check,101.96,5347.62,No
11729-YEAK,Female,0,No,No,72,Yes,Yes,DSL,No,No,Yes,No,Yes,Yes,Two year,No,Credit card (automatic),71.53,5210.71,No
11730-LNHU,Female,0,Yes,Yes,24,No,No phone service,Fiber optic,No,No,Yes,Yes,No,No,Two year,No,Electronic check,82.9,2001.30,No
11731-IBOV,Female,0,Yes,No,67,Yes,Yes,Fiber optic,Yes,No,No,No,No,No,One year,Yes,Electronic check,85.36,5873.43,No
11732-HNEL,Female,0,Yes,Yes,67,Yes,Yes,DSL,No,Yes,No,Yes,Yes,No,Month-to-month,Yes,Mailed check,68.18,4486.02,No
11733-CCIG,Male,0,Yes,No,31,Yes,Yes,No,No internet service,No internet service,No internet service,No internet service,No internet service,No internet service,Month-to-month,No,Credit card (automatic),24.6,743.25,No
11734-EMNX,Female,0,No,Yes,58,Yes,Yes,Fiber optic,No,No,Yes,No,No,No,Two year,Yes,Mailed check,86.23,5147.22,No
11735-VMFM,Male,0,Yes,No,68,Yes,No,No,No internet service,No internet service,No internet service,No internet service,No internet service,No internet service,One year,Yes,Mailed check,19.26,1280.44,No
11736-GROL,Male,0,Yes,Yes,62,Yes,No,DSL,No,No,Yes,Yes,Yes,Yes,One year,No,Bank transfer (automatic),68.83,4198.49,No
11737-RYHD,Male,0,No,No,28,Yes,No,Fiber optic,No,No,Yes,Yes,No,No,Month-to-month,No,Mailed check,85.61,2382.72,No
11738-YQTE,Male,0,Yes,No,48,Yes,Yes,No,No internet service,No internet service,No internet service,No internet service,No internet service,No internet service,Month-to-month,Yes,Bank transfer (automatic),24.66,1213.16,No
11739-MVZC,Female,0,Yes,No,43,Yes,No,Fiber optic,Yes,No,Yes,Yes,Yes,No,One year,Yes,Bank transfer (automatic),103.15,4392.31,No
11740-SILF,Male,0,No,No,30,Yes,No,DSL,Yes,Yes,No,Yes,No,Yes,Two year,No,Credit card (automatic),75.56,2258.47,Yes
11741-TWJA,Male,1,Yes,No,47,No,No phone service,No,No internet service,No internet service,No internet service,No internet service,No internet service,No internet service,Month-to-month,Yes,Electronic check,19.06,884.57,No
11742-ZFZZ,Male,0,No,Yes,68,Yes,No,Fiber optic,No,Yes,Yes,Yes,Yes,No,Month-to-month,Yes,Bank transfer (automatic),100.66,7029.98,No
11743-GIHQ,Male,1,No,No,2,Yes,No,Fiber optic,Yes,Yes,Yes,No,No,No,Month-to-month,Yes,Bank transfer (automatic),91.53,184.07,Yes
11744-OWGG,Female,1,Yes,No,65,Yes,No,DSL,Yes,No,Yes,Yes,Yes,No,Two year,Yes,Electronic check,73.36,4898.44,No
11745-YGPI,Male,0,No,No,27,Yes,Yes,No,No internet service,No internet service,No internet service,No internet service,No internet service,No internet service,One year,Yes,Credit card (automatic),26.28,722.66,No
11746-ZQPF,Female,0,No,No,60,Yes,Yes,No,No internet service,No internet service,No internet service,No internet service,No internet service,No internet service,One year,Yes,Credit card (automatic),26.84,1654.17,No
11747-RXQK,Male,0,Yes,No,8,Yes,Yes,Fiber optic,Yes,Yes,No,Yes,Yes,No,Month-to-month,No,Electronic check,105.85,841.92,Yes
11748-EIKH,Female,0,No,No,65,Yes,Yes,DSL,Yes,No,Yes,Yes,Yes,Yes,Month-to-month,Yes,Credit card (automatic),85.02,5611.70,No
11749-NSDD,Male,0,Yes,No,33,Yes,No,Fiber optic,No,Yes,No,Yes,Yes,Yes,Month-to-month,Yes,Electronic check,95.71,3224.25,Yes
11750-DKSG,Male,1,No,No,66,No,No phone service,DSL,Yes,No,Yes,No,Yes,No,One year,No,Electronic check,62.11,4140.41,No
11751-VDAY,Male,0,No,No,31,Yes,Yes,Fiber optic,Yes,Yes,No,No,No,No,Month-to-month,Yes,Electronic check,92.1,2848.35,Yes
11752-ZXTE,Female,0,Yes,No,54,No,No phone service,Fiber optic,Yes,No,No,No,No,Yes,Two year,No,Electronic check,81.36,4474.13,No
11753-HIDG,Female,0,Yes,No,43,Yes,No,DSL,No,Yes,Yes,Yes,No,No,One year,No,Electronic check,61.65,2580.42,Yes
11754-NIUU,Male,0,Yes,Yes,15,Yes,Yes,No,No internet service,No internet service,No internet service,No internet service,No internet service,No internet service,Month-to-month,Yes,Credit card (automatic),27.71,410.00,No
11755-YDON,Female,0,No,No,18,Yes,Yes,Fiber optic,Yes,No,Yes,Yes,No,Yes,Month-to-month,No,Credit card (automatic),103.02,1897.99,No
11756-JBBK,Female,1,No,No,39,Yes,Yes,Fiber optic,Yes,No,Yes,No,Yes,No,Month-to-month,Yes,Bank transfer (automatic),99.55,3825.91,Yes
11757-VCEJ,Male,0,Yes,Yes,36,No,No phone service,Fiber optic,Yes,Yes,Yes,No,Yes,Yes,Month-to-month,Yes,Mailed check,100.93,3731.97,Yes
11758-OMYO,Male,0,Yes,No,45,Yes,No,No,No internet service,No internet service,No internet service,No internet service,No internet service,No internet service,Two year,No,Bank transfer (automatic),20.97,950.71,No
11759-FLYT,Female,0,No,Yes,59,Yes,No,Fiber optic,Yes,No,No,No,Yes,Yes,Two year,No,Mailed check,94.28,5507.02,No
11760-AWLY,Female,0,Yes,No,56,Yes,Yes,No,No internet service,No internet service,No internet service,No internet service,No internet service,No internet service,Month-to-month,Yes,Credit card (automatic),25.1,1412.57,No
11761-YRQG,Female,0,Yes,No,5,Yes,No,DSL,Yes,No,No,No,Yes,Yes,Month-to-month,No,Electronic check,64.32,323.78,Yes
11762-RWQC,Male,0,Yes,Yes,36,Yes,Yes,DSL,No,Yes,Yes,Yes,Yes,Yes,Month-to-month,Yes,Electronic check,82.97,3004.86,No
11763-IJZC,Male,0,No,Yes,11,No,No phone service,Fiber optic,No,No,Yes,No,No,Yes,Month-to-month,No,Mailed check,80.67,902.70,Yes
11764-GSEE,Male,0,Yes,No,37,Yes,No,DSL,No,Yes,No,No,Yes,Yes,Month-to-month,Yes,Credit card (automatic),62.24,2252.15,No
11765-OXIG,Male,1,No,Yes,39,Yes,Yes,Fiber optic,No,Yes,No,Yes,Yes,Yes,Month-to-month,Yes,Bank transfer (automatic),103.0,3984.36,No
11766-YUEH,Female,0,No,Yes,72,No,No phone service,Fiber optic,Yes,No,Yes,No,No,No,Month-to-month,Yes,Electronic check,81.49,5962.62,Yes
11767-TGIE,Male,0,Yes,No,28,Yes,Yes,DSL,No,Yes,Yes,Yes,No,No,Month-to-month,No,Electronic check,63.7,1745.69,No
11768-IETV,Male,0,No,No,33,Yes,Yes,DSL,No,No,No,No,Yes,No,Month-to-month,Yes,Mailed check,58.15,1874.06,No
11769-GYCH,Male,1,Yes,No,37,Yes,Yes,DSL,Yes,Yes,No,Yes,No,Yes,Month-to-month,Yes,Mailed check,77.73,2878.82,No
11770-CWBJ,Male,0,Yes,No,10,Yes,Yes,DSL,Yes,No,Yes,Yes,Yes,No,One year,Yes,Electronic check,75.77,757.68,No
11771-QYRO,Female,0,No,No,5,Yes,No,DSL,Yes,Yes,Yes,No,No,No,Month-to-month,Yes,Credit card (automatic),59.65,291.37,No
11772-WJSH,Male,0,Yes,No,52,Yes,Yes,DSL,Yes,Yes,Yes,Yes,Yes,Yes,Month-to-month,Yes,Bank transfer (automatic),83.95,4417.47,No
11773-UDEI,Female,0,No,Yes,22,Yes,Yes,No,No internet service,No internet service,No internet service,No internet service,No internet service,No internet service,One year,Yes,Mailed check,26.26,573.54,No
11774-YEJR,Male,0,No,No,27,Yes,Yes,DSL,Yes,Yes,No,No,Yes,Yes,One year,Yes,Electronic check,81.57,2161.94,No
11775-TNLK,Male,0,Yes,No,72,Yes,No,DSL,Yes,No,Yes,No,Yes,No,Two year,No,Mailed check,61.63,4389.71,No
11776-ANXL,Male,0,No,No,18,No,No phone service,No,No internet service,No internet service,No internet service,No internet service,No internet service,No internet service,Month-to-month,Yes,Bank transfer (automatic),21.29,377.53,No
11777-DEGF,Female,0,No,Yes,66,Yes,Yes,Fiber optic,Yes,No,No,No,No,Yes,Month-to-month,No,Credit card (automatic),89.89,5993.93,No
11778-CXPV,Male,0,Yes,No,46,Yes,Yes,DSL,Yes,No,No,Yes,No,Yes,Month-to-month,No,Electronic check,68.03,3150.82,No
11779-KYDV,Male,0,No,No,20,Yes,No,No,No internet service,No internet service,No internet service,No internet service,No internet service,No internet service,Month-to-month,Yes,Bank transfer (automatic),19.29,396.10,No
11780-WNBL,Female,0,No,Yes,69,Yes,Yes,No,No internet service,No internet service,No internet service,No internet service,No internet service,No internet service,Month-to-month,Yes,Mailed check,22.98,1567.00,Yes
11781-IUGJ,Female,0,Yes,No,45,Yes,No,Fiber optic,No,Yes,Yes,No,No,Yes,Month-to-month,No,Electronic check,91.76,4236.43,No
11782-OPRG,Male,0,Yes,Yes,23,Yes,Yes,Fiber optic,No,Yes,Yes,No,Yes,Yes,One year,No,Credit card (automatic),101.99,2340.36,Yes
11783-SMJR,Female,0,Yes,No,33,Yes,Yes,Fiber optic,Yes,Yes,No,Yes,Yes,Yes,Month-to-month,Yes,Bank transfer (automatic),107.16,3495.21,Yes
11784-JKIN,Female,0,Yes,No,27,Yes,No,No,No internet service,No internet service,No internet service,No internet service,No internet service,No internet service,Month-to-month,Yes,Electronic check,18.9,509.79,No
11785-HYBW,Male,0,Yes,Yes,61,Yes,No,Fiber optic,Yes,Yes,Yes,No,No,No,Month-to-month,No,Bank transfer (automatic),88.08,5528.13,Yes
11786-LPPX,Female,0,No,No,34,Yes,No,No,No internet service,No internet service,No internet service,No internet service,No internet service,No internet service,Two year,No,Mailed check,18.25,604.50,No
11787-WOHE,Male,1,No,Yes,3,Yes,No,DSL,Yes,Yes,Yes,Yes,Yes,No,Month-to-month,No,Mailed check,74.02,215.61,Yes
11788-REMM,Male,1,No,No,50,Yes,Yes,Fiber optic,Yes,Yes,No,No,No,Yes,Month-to-month,Yes,Electronic check,98.4,4821.56,Yes
11789-NXWE,Female,0,Yes,No,55,Yes,No,No,No internet service,No internet service,No internet service,No internet service,No internet service,No internet service,Two year,Yes,Credit card (automatic),18.9,1058.34,No
11790-AVPE,Male,0,Yes,No,29,Yes,No,DSL,No,Yes,No,Yes,Yes,Yes,Month-to-month,Yes,Credit card (automatic),65.81,1875.57,Yes
11791-CNLV,Female,0,Yes,Yes,67,Yes,No,DSL,Yes,No,Yes,No,Yes,No,One year,Yes,Credit card (automatic),64.78,4271.72,No
11792-JNDO,Female,0,Yes,No,31,Yes,No,No,No internet service,No internet service,No internet service,No internet service,No internet service,No internet service,One year,Yes,Bank transfer (automatic),22.18,669.06,No
11793-ZCUG,Male,0,No,No,20,Yes,Yes,Fiber optic,Yes,No,No,No,No,No,Month-to-month,Yes,Electronic check,79.93,1558.57,Yes
11794-PSOZ,Male,1,Yes,No,51,Yes,No,Fiber optic,No,Yes,No,Yes,Yes,No,Two year,No,Bank transfer (automatic),87.82,4554.09,No
11795-SSNV,Male,1,No,No,10,Yes,Yes,No,No internet service,No internet service,No internet service,No internet service,No internet service,No internet service,One year,Yes,Credit card (automatic),23.02,231.42,No
11796-CHUH,Female,0,Yes,No,71,Yes,Yes,DSL,Yes,Yes,Yes,Yes,No,Yes,One year,Yes,Credit card (automatic),83.55,5832.88,No
11797-HHPW,Male,0,No,No,50,Yes,No,Fiber optic,No,Yes,No,No,No,Yes,Month-to-month,Yes,Mailed check,80.41,4033.26,No
11798-VGBU,Male,0,No,No,23,Yes,Yes,Fiber optic,No,No,Yes,Yes,Yes,No,Month-to-month,Yes,Mailed check,95.11,2148.44,No
11799-YHIF,Female,0,No,No,6,Yes,Yes,DSL,No,Yes,Yes,Yes,Yes,Yes,Month-to-month,Yes,Mailed check,88.4,543.51,Yes
11800-SYQX,Female,0,No,Yes,43,Yes,Yes,DSL,No,No,Yes,Yes,Yes,Yes,Month-to-month,Yes,Bank transfer (automatic),75.54,3175.49,No
11801-WOGG,Female,1,No,No,0,Yes,Yes,Fiber optic,Yes,No,Yes,Yes,No,Yes,Month-to-month,Yes,Credit card (automatic),104.48,,Yes
11802-MDLJ,Male,1,No,No,58,Yes,No,Fiber optic,No,No,Yes,No,Yes,No,Month-to-month,Yes,Credit card (automatic),85.79,4965.51,Yes
11803-WNTK,Female,0,Yes,No,21,No,No phone service,Fiber optic,Yes,No,Yes,Yes,Yes,Yes,Month-to-month,Yes,Electronic check,100.71,2144.89,No
11804-BQOC,Female,0,Yes,No,16,Yes,No,Fiber optic,Yes,Yes,Yes,Yes,Yes,No,Two year,Yes,Electronic check,105.6,1647.49,Yes
11805-GCWP,Female,0,No,No,30,Yes,No,Fiber optic,No,No,No,No,No,No,Two year,Yes,Credit card (automatic),68.54,2009.08,No
11806-ZFSK,Male,0,Yes,Yes,59,Yes,No,DSL,Yes,Yes,Yes,No,Yes,Yes,Month-to-month,No,Mailed check,80.47,4830.66,No
11807-PEJT,Female,0,No,No,66,Yes,Yes,DSL,No,No,No,No,No,Yes,Month-to-month,No,Electronic check,57.81,3877.26,Yes
11808-SYMQ,Male,0,Yes,No,26,Yes,Yes,Fiber optic,Yes,Yes,Yes,Yes,Yes,No,Month-to-month,Yes,Electronic check,108.84,2894.06,Yes
11809-LPQP,Female,0,No,Yes,4,Yes,Yes,Fiber optic,Yes,Yes,Yes,No,No,No,Month-to-month,No,Electronic check,94.29,381.29,No
11810-UESR,Male,0,Yes,Yes,8,Yes,No,No,No internet service,No internet service,No internet service,No internet service,No internet service,No internet service,Month-to-month,Yes,Electronic check,18.25,148.04,No
11811-AGHY,Male,0,No,Yes,40,Yes,Yes,Fiber optic,Yes,Yes,Yes,Yes,No,No,One year,Yes,Electronic check,101.3,4048.43,No
11812-JHEZ,Female,0,Yes,No,2,Yes,No,Fiber optic,No,No,Yes,No,No,No,Month-to-month,No,Credit card (automatic),78.71,152.81,No
11813-LJXK,Female,0,Yes,No,53,Yes,Yes,No,No internet service,No internet service,No internet service,No internet service,No internet service,No internet service,Two year,Yes,Mailed check,27.91,1451.35,No
11814-LJZO,Female,0,No,Yes,3,Yes,No,Fiber optic,No,No,No,No,No,No,Two year,Yes,Credit card (automatic),69.49,202.83,No
11815-FORJ,Male,0,Yes,No,31,Yes,No,Fiber optic,No,No,Yes,Yes,No,Yes,Month-to-month,Yes,Mailed check,86.13,2661.18,Yes
11816-XUXG,Female,0,Yes,No,58,No,No phone service,No,No internet service,No internet service,No internet service,No internet service,No internet service,No internet service,Month-to-month,Yes,Credit card (automatic),18.25,1035.38,No
11817-KFUX,Male,0,No,No,34,Yes,Yes,DSL,No,Yes,Yes,Yes,Yes,No,Month-to-month,No,Mailed check,77.88,2646.08,Yes
11818-TFTA,Female,0,No,No,49,Yes,Yes,Fiber optic,Yes,No,Yes,Yes,No,Yes,One year,No,Mailed check,101.81,4975.53,No
11819-JVLA,Female,0,Yes,No,25,Yes,Yes,Fiber optic,Yes,No,Yes,No,No,Yes,Month-to-month,No,Bank transfer (automatic),95.61,2450.18,No
11820-ZJMO,Female,0,No,No,58,Yes,Yes,Fiber optic,No,No,Yes,Yes,No,Yes,Month-to-month,Yes,Mailed check,99.98,5738.75,No
11821-GRCK,Female,0,Yes,No,31,No,No phone service,No,No internet service,No internet service,No internet service,No internet service,No internet service,No internet service,Month-to-month,Yes,Electronic check,18.25,570.51,No
11822-ARSP,Female,0,Yes,No,55,Yes,No,DSL,Yes,No,No,No,No,Yes,Two year,Yes,Electronic check,57.06,3178.37,No
11823-GZUV,Female,0,No,No,69,Yes,No,DSL,No,Yes,No,No,Yes,No,Month-to-month,No,Electronic check,58.47,4128.80,No
11824-NPXO,Male,0,Yes,No,28,Yes,Yes,DSL,Yes,Yes,No,No,Yes,Yes,Month-to-month,Yes,Electronic check,72.6,1973.85,Yes
11825-DGTB,Male,0,Yes,No,17,Yes,Yes,No,No internet service,No internet service,No internet service,No internet service,No internet service,No internet service,Month-to-month,Yes,Electronic check,28.13,483.76,Yes
11826-AZYA,Male,0,Yes,No,68,Yes,No,DSL,No,No,No,No,No,No,Month-to-month,Yes,Mailed check,46.79,3263.70,No
11827-GKMY,Female,0,No,Yes,50,Yes,No,Fiber optic,Yes,Yes,Yes,Yes,No,No,One year,No,Mailed check,95.08,4813.08,No
11828-OBYM,Female,1,No,No,64,Yes,No,DSL,Yes,Yes,Yes,No,Yes,No,Two year,No,Bank transfer (automatic),72.26,4623.74,No
11829-XSGS,Male,1,Yes,Yes,28,Yes,Yes,Fiber optic,No,Yes,Yes,Yes,Yes,Yes,One year,No,Mailed check,111.28,3104.01,No
11830-NANC,Male,0,No,Yes,26,Yes,No,Fiber optic,No,Yes,Yes,Yes,No,No,One year,No,Electronic check,88.05,2344.01,No
11831-BQWB,Male,0,No,No,9,Yes,No,DSL,Yes,No,Yes,Yes,Yes,No,One year,No,Mailed check,73.22,646.46,Yes
11832-LSMD,Male,0,Yes,Yes,56,Yes,Yes,Fiber optic,Yes,Yes,Yes,Yes,Yes,Yes,Month-to-month,Yes,Bank transfer (automatic),118.75,6537.90,Yes
11833-CEIL,Male,0,No,No,61,No,No phone service,DSL,No,Yes,No,Yes,No,Yes,Two year,Yes,Mailed check,58.31,3483.51,No
11834-GFKA,Female,0,Yes,No,60,Yes,No,DSL,No,No,Yes,Yes,Yes,Yes,Two year,Yes,Mailed check,79.38,4819.14,No
11835-IVZF,Female,0,Yes,No,21,Yes,No,Fiber optic,Yes,Yes,Yes,Yes,No,Yes,Month-to-month,Yes,Mailed check,106.79,2191.62,Yes
11836-PVBT,Male,1,Yes,No,36,Yes,Yes,Fiber optic,No,No,No,Yes,Yes,No,Month-to-month,No,Bank transfer (automatic),86.54,3028.08,No
11837-NRMZ,Male,0,Yes,Yes,36,Yes,Yes,DSL,No,No,No,Yes,No,No,One year,Yes,Bank transfer (automatic),55.97,2022.35,No
11838-QFGO,Female,0,No,Yes,9,Yes,No,Fiber optic,No,Yes,Yes,No,Yes,Yes,Two year,Yes,Bank transfer (automatic),93.83,865.12,No
11839-ZBDA,Female,1,No,No,1,Yes,Yes,Fiber optic,No,Yes,No,No,Yes,Yes,One year,No,Bank transfer (automatic),103.19,102.11,No
11840-WXQT,Female,0,No,Yes,25,Yes,Yes,No,No internet service,No internet service,No internet service,No internet service,No internet service,No internet service,Month-to-month,Yes,Mailed check,27.26,679.22,No
11841-HRMI,Male,0,Yes,No,0,Yes,Yes,Fiber optic,Yes,Yes,Yes,Yes,Yes,Yes,Month-to-month,Yes,Bank transfer (automatic),110.98,,Yes
11842-UIVY,Male,0,Yes,Yes,72,Yes,No,No,No internet service,No internet service,No internet service,No internet service,No internet service,No internet service,Month-to-month,No,Credit card (automatic),18.25,1343.11,No
11843-XEBG,Male,1,Yes,No,63,Yes,Yes,Fiber optic,No,Yes,No,No,No,No,Two year,No,Electronic check,81.98,5163.33,Yes
11844-EBHA,Female,0,Yes,Yes,52,Yes,No,No,No internet service,No internet service,No internet service,No internet service,No internet service,No internet service,Two year,No,Credit card (automatic),18.25,943.84,No
11845-GUMV,Female,0,No,No,70,No,No phone service,DSL,No,Yes,Yes,Yes,Yes,No,Two year,Yes,Electronic check,68.5,4662.26,No
11846-FAGJ,Female,0,No,Yes,56,No,No phone service,Fiber optic,No,No,Yes,Yes,No,Yes,Month-to-month,No,Electronic check,87.17,4920.56,Yes
11847-FDDG,Male,0,No,No,38,Yes,No,Fiber optic,Yes,No,Yes,Yes,No,Yes,Month-to-month,Yes,Bank transfer (automatic),92.32,3427.52,Yes
11848-HDIW,Male,0,No,Yes,66,Yes,No,Fiber optic,Yes,No,Yes,Yes,Yes,Yes,Two year,Yes,Mailed check,103.48,6897.76,No
11849-EAQJ,Female,0,Yes,Yes,67,Yes,Yes,No,No internet service,No internet service,No internet service,No internet service,No internet service,No internet service,Month-to-month,Yes,Credit card (automatic),23.95,1588.35,Yes
11850-IFKK,Female,0,Yes,Yes,15,Yes,Yes,Fiber optic,Yes,No,Yes,No,No,Yes,Month-to-month,Yes,Mailed check,96.9,1480.83,No
11851-ZRVI,Female,0,Yes,No,21,Yes,No,DSL,Yes,No,Yes,No,Yes,No,Two year,No,Bank transfer (automatic),64.21,1386.48,No
11852-PTOQ,Male,0,No,No,70,Yes,No,Fiber optic,Yes,Yes,No,Yes,No,No,One year,No,Electronic check,92.84,6406.31,No
11853-NPLV,Male,0,Yes,No,1,Yes,Yes,Fiber optic,No,Yes,No,Yes,Yes,No,Month-to-month,Yes,Mailed check,98.27,96.94,No
11854-LIXC,Male,0,Yes,No,38,Yes,No,DSL,No,Yes,No,Yes,Yes,Yes,Month-to-month,No,Bank transfer (automatic),76.41,2949.08,No
11855-ENQC,Female,0,No,No,28,Yes,No,DSL,Yes,Yes,No,No,No,Yes,Month-to-month,Yes,Electronic check,65.67,1850.95,No
11856-XFGJ,Female,0,Yes,Yes,54,Yes,No,Fiber optic,No,No,No,No,No,No,Two year,Yes,Bank transfer (automatic),70.67,3801.45,No
11857-ARAE,Female,0,No,No,69,Yes,Yes,DSL,Yes,Yes,No,No,Yes,Yes,Month-to-month,Yes,Credit card (automatic),70.31,4846.50,No
11858-JBXN,Male,0,Yes,No,23,Yes,Yes,DSL,No,Yes,No,Yes,Yes,No,Month-to-month,Yes,Electronic check,73.71,1698.48,Yes
11859-FXQQ,Female,0,No,Yes,16,Yes,Yes,No,No internet service,No internet service,No internet service,No internet service,No internet service,No internet service,One year,Yes,Bank transfer (automatic),31.09,496.60,No
11860-FCWL,Male,0,Yes,Yes,24,Yes,Yes,No,No internet service,No internet service,No internet service,No internet service,No internet service,No internet service,Month-to-month,No,Bank transfer (automatic),29.55,708.22,No
11861-DCIC,Female,0,No,No,52,Yes,No,Fiber optic,No,Yes,No,Yes,No,No,Two year,No,Credit card (automatic),86.63,4589.61,No
11862-XJLP,Female,0,No,Yes,26,Yes,Yes,No,No internet service,No internet service,No internet service,No internet service,No internet service,No internet service,Month-to-month,No,Electronic check,24.78,626.78,Yes
11863-CWSZ,Female,0,Yes,Yes,47,Yes,No,No,No internet service,No internet service,No internet service,No internet service,No internet service,No internet service,Month-to-month,Yes,Bank transfer (automatic),21.79,1026.38,No
11864-FOET,Female,1,No,No,26,Yes,Yes,Fiber optic,Yes,Yes,No,No,No,No,One year,Yes,Mailed check,86.25,2199.67,Yes
11865-FKTL,Female,0,No,Yes,54,Yes,No,Fiber optic,No,No,Yes,No,No,Yes,Month-to-month,No,Mailed check,80.56,4357.67,No
11866-HWAQ,Male,0,No,No,5,Yes,No,No,No internet service,No internet service,No internet service,No internet service,No internet service,No internet service,Two year,No,Bank transfer (automatic),22.46,114.02,No
11867-KZOM,Male,0,No,No,25,Yes,No,Fiber optic,No,No,Yes,Yes,Yes,Yes,Month-to-month,No,Credit card (automatic),90.08,2211.02,Yes
11868-IJRE,Female,0,No,No,23,Yes,No,DSL,No,Yes,Yes,No,No,Yes,One year,Yes,Bank transfer (automatic),60.87,1400.46,No
11869-YAHF,Female,0,Yes,No,44,Yes,No,DSL,No,Yes,No,Yes,Yes,Yes,Month-to-month,Yes,Electronic check,72.11,3123.51,Yes
11870-RCPC,Male,0,Yes,No,47,Yes,Yes,Fiber optic,Yes,No,No,No,Yes,No,Month-to-month,No,Mailed check,88.33,4199.68,No
11871-KJIU,Female,0,Yes,No,53,Yes,No,DSL,No,No,Yes,No,No,Yes,Month-to-month,No,Bank transfer (automatic),58.37,3089.11,No
11872-NMRJ,Male,0,No,No,65,Yes,No,DSL,Yes,Yes,Yes,Yes,No,Yes,Month-to-month,No,Electronic check,77.39,4947.90,No
11873-LDBL,Female,0,No,No,58,No,No phone service,Fiber optic,No,No,No,Yes,Yes,No,Two year,No,Electronic check,84.2,4748.39,No
11874-KPEA,Male,0,No,No,3,Yes,Yes,DSL,No,No,Yes,Yes,No,Yes,One year,Yes,Electronic check,67.79,209.39,Yes
11875-HMCQ,Female,0,Yes,No,49,Yes,Yes,DSL,No,Yes,Yes,Yes,No,No,One year,Yes,Electronic check,68.62,3354.94,No
11876-NRYZ,Male,1,No,No,2,No,No phone service,No,No internet service,No internet service,No internet service,No internet service,No internet service,No internet service,Two year,No,Bank transfer (automatic),21.94,44.07,No
11877-QFOK,Male,0,No,Yes,30,Yes,No,DSL,No,No,No,No,No,Yes,Month-to-month,No,Credit card (automatic),51.63,1586.67,No
11878-JDRA,Female,0,Yes,Yes,43,Yes,Yes,Fiber optic,No,Yes,No,Yes,Yes,Yes,Month-to-month,Yes,Bank transfer (automatic),98.38,4126.07,No
11879-BKEP,Female,0,No,No,23,Yes,No,Fiber optic,Yes,Yes,No,Yes,No,No,Two year,Yes,Electronic check,94.08,2181.02,No
11880-QEXN,Male,0,Yes,No,51,Yes,Yes,No,No internet service,No internet service,No internet service,No internet service,No internet service,No internet service,Month-to-month,Yes,Bank transfer (automatic),24.29,1204.87,Yes
11881-VKHQ,Female,0,No,No,58,Yes,No,DSL,No,No,Yes,No,No,Yes,Two year,Yes,Bank transfer (automatic),56.49,3336.17,No
11882-DZAT,Male,1,Yes,No,44,Yes,Yes,DSL,No,Yes,No,Yes,No,Yes,Month-to-month,Yes,Electronic check,65.75,2868.88,No
11883-PFKD,Male,0,No,Yes,38,Yes,No,Fiber optic,No,No,No,No,No,No,Month-to-month,No,Mailed check,72.04,2769.96,Yes
11884-ICZU,Male,0,Yes,No,71,Yes,Yes,Fiber optic,No,No,No,No,Yes,Yes,One year,Yes,Mailed check,94.67,6905.78,No
11885-NVOE,Male,0,Yes,No,47,Yes,Yes,No,No internet service,No internet service,No internet service,No internet service,No internet service,No internet service,Month-to-month,Yes,Bank transfer (automatic),24.13,1105.35,No
11886-HPXE,Female,1,No,No,17,Yes,No,DSL,No,Yes,No,No,No,No,Month-to-month,Yes,Bank transfer (automatic),53.46,885.90,No
11887-ZWBL,Female,0,No,No,48,Yes,No,DSL,No,No,No,Yes,Yes,Yes,Two year,Yes,Electronic check,59.86,2894.87,No
11888-XUQZ,Male,0,Yes,No,35,Yes,No,DSL,No,No,Yes,Yes,No,Yes,Month-to-month,Yes,Electronic check,61.39,2100.22,No
11889-NISP,Male,0,Yes,No,2,Yes,No,Fiber optic,Yes,No,Yes,No,Yes,Yes,Month-to-month,Yes,Credit card (automatic),93.79,191.02,Yes
11890-HYJX,Female,0,No,No,66,No,No phone service,DSL,Yes,Yes,Yes,Yes,Yes,No,One year,No,Mailed check,71.05,4813.08,No
11891-LZTN,Female,0,No,No,58,No,No phone service,DSL,No,Yes,Yes,No,Yes,No,Month-to-month,Yes,Credit card (automatic),58.78,3437.60,Yes
11892-XOFI,Male,0,Yes,No,45,Yes,No,Fiber optic,No,No,Yes,Yes,No,No,Month-to-month,No,Electronic check,81.38,3625.52,Yes
11893-WETF,Male,0,Yes,Yes,49,Yes,Yes,DSL,Yes,No,No,No,No,Yes,One year,Yes,Credit card (automatic),66.82,3354.91,No
11894-CZSK,Male,1,Yes,Yes,42,Yes,Yes,DSL,Yes,No,Yes,No,Yes,Yes,One year,No,Mailed check,82.06,3401.62,No
11895-VWZR,Male,1,No,No,25,Yes,No,DSL,No,No,Yes,Yes,No,Yes,Month-to-month,No,Mailed check,60.52,1546.59,No
11896-XMER,Female,0,No,No,68,Yes,No,No,No internet service,No internet service,No internet service,No internet service,No internet service,No internet service,Two year,No,Electronic check,19.35,1315.20,No
11897-XJCM,Female,0,No,No,40,Yes,No,Fiber optic,No,Yes,Yes,No,No,Yes,Month-to-month,No,Credit card (automatic),86.96,3539.84,No
11898-BSQF,Female,0,Yes,No,25,Yes,Yes,Fiber optic,No,Yes,No,Yes,Yes,No,Month-to-month,Yes,Bank transfer (automatic),95.66,2420.35,Yes
11899-RHLP,Female,1,No,No,50,Yes,Yes,Fiber optic,No,No,No,Yes,No,Yes,Month-to-month,Yes,Credit card (automatic),91.15,4582.38,Yes
11900-RNZZ,Male,0,Yes,No,12,Yes,No,No,No internet service,No internet service,No internet service,No internet service,No internet service,No internet service,Two year,Yes,Mailed check,21.19,254.76,No
11901-HKKA,Female,1,No,No,24,Yes,No,DSL,No,No,Yes,Yes,No,Yes,Month-to-month,Yes,Credit card (automatic),65.77,1608.43,Yes
11902-RPMX,Female,0,Yes,No,10,Yes,No,DSL,No,Yes,No,Yes,Yes,No,One year,Yes,Mailed check,64.91,636.24,No
11903-BLDI,Female,0,Yes,No,7,Yes,No,No,No internet service,No internet service,No internet service,No internet service,No internet service,No internet service,Month-to-month,Yes,Electronic check,20.69,149.13,Yes
11904-KKKJ,Male,0,Yes,No,60,No,No phone service,Fiber optic,Yes,Yes,Yes,No,No,Yes,Two year,Yes,Credit card (automatic),94.22,5723.38,No
11905-EGBZ,Female,0,Yes,No,32,No,No phone service,No,No internet service,No internet service,No internet service,No internet service,No internet service,No internet service,Two year,Yes,Electronic check,22.7,743.84,No
11906-WNXL,Male,1,Yes,No,62,Yes,Yes,Fiber optic,No,No,No,Yes,Yes,Yes,Month-to-month,No,Electronic check,94.7,5940.14,Yes
11907-SVYO,Female,0,No,Yes,46,Yes,Yes,Fiber optic,No,Yes,No,Yes,Yes,Yes,Month-to-month,No,Bank transfer (automatic),98.63,4532.68,Yes
11908-FEMG,Female,0,No,No,17,Yes,Yes,Fiber optic,Yes,Yes,No,No,Yes,No,Month-to-month,No,Bank transfer (automatic),98.1,1696.93,No
11909-KJWM,Female,0,No,No,16,Yes,No,DSL,Yes,No,Yes,No,No,Yes,Two year,Yes,Electronic check,64.53,1025.62,No
11910-TMTV,Female,1,No,Yes,33,Yes,Yes,No,No internet service,No internet service,No internet service,No internet service,No internet service,No internet service,One year,No,Credit card (automatic),22.64,731.52,No
11911-QZUT,Female,0,Yes,No,7,Yes,No,Fiber optic,No,No,Yes,No,Yes,No,Two year,Yes,Credit card (automatic),81.87,564.03,No
11912-HUEO,Male,0,No,Yes,43,Yes,No,DSL,Yes,No,No,No,No,No,Month-to-month,Yes,Mailed check,53.82,2258.13,Yes
11913-OFZU,Female,0,Yes,No,34,Yes,Yes,DSL,Yes,Yes,No,Yes,Yes,No,Two year,Yes,Credit card (automatic),85.45,2951.13,No
11914-AUBP,Female,0,Yes,No,11,Yes,No,Fiber optic,No,Yes,No,Yes,No,No,Two year,Yes,Electronic check,83.22,913.20,No
11915-HFLW,Male,0,Yes,Yes,38,Yes,Yes,DSL,Yes,No,Yes,Yes,No,No,Month-to-month,Yes,Bank transfer (automatic),68.38,2562.44,No
11916-SBRO,Male,1,Yes,No,62,Yes,No,DSL,No,No,No,Yes,Yes,No,Month-to-month,No,Credit card (automatic),55.37,3424.80,No
11917-EGUG,Male,0,No,No,66,Yes,No,DSL,No,No,Yes,Yes,Yes,No,Month-to-month,No,Mailed check,62.94,4247.30,No
11918-XVMB,Female,0,Yes,No,31,Yes,No,No,No internet service,No internet service,No internet service,No internet service,No internet service,No internet service,Month-to-month,Yes,Credit card (automatic),22.88,727.38,No
11919-FVQJ,Female,0,Yes,No,6,Yes,No,Fiber optic,No,No,Yes,No,No,Yes,One year,Yes,Bank transfer (automatic),79.99,473.94,Yes
11920-FEQI,Female,0,No,Yes,63,Yes,Yes,DSL,Yes,Yes,No,No,No,No,Two year,Yes,Electronic check,66.6,4189.36,No
11921-JJSL,Female,0,Yes,Yes,40,Yes,No,DSL,Yes,Yes,Yes,No,No,Yes,Two year,Yes,Credit card (automatic),74.97,2964.22,No
11922-SYEE,Female,1,No,No,55,Yes,Yes,Fiber optic,No,No,Yes,Yes,No,Yes,Month-to-month,No,Mailed check,93.04,5132.44,No
11923-JNOR,Female,0,Yes,No,4,Yes,Yes,Fiber optic,No,Yes,No,Yes,Yes,No,Two year,Yes,Electronic check,96.76,376.73,Yes
11924-AMHQ,Male,0,No,No,22,Yes,No,DSL,No,No,No,No,No,No,Two year,Yes,Electronic check,43.17,950.08,No
11925-AKZF,Male,0,No,Yes,21,Yes,No,No,No internet service,No internet service,No internet service,No internet service,No internet service,No internet service,Month-to-month,Yes,Credit card (automatic),22.45,473.49,No
11926-BYFW,Male,0,Yes,No,52,Yes,Yes,DSL,No,No,No,No,Yes,No,Two year,No,Bank transfer (automatic),60.05,3177.73,No
11927-NTTS,Female,0,No,No,50,No,No phone service,DSL,Yes,Yes,Yes,No,Yes,Yes,Month-to-month,Yes,Bank transfer (automatic),75.16,3758.99,No
11928-VESY,Male,1,Yes,No,54,Yes,No,DSL,Yes,No,No,No,No,Yes,Month-to-month,No,Electronic check,57.33,3066.79,No
11929-AWWA,Male,0,Yes,Yes,29,Yes,Yes,No,No internet service,No internet service,No internet service,No internet service,No internet service,No internet service,Two year,Yes,Bank transfer (automatic),25.57,761.46,No
11930-VSGT,Male,0,No,No,23,Yes,Yes,No,No internet service,No internet service,No internet service,No internet service,No internet service,No internet service,Month-to-month,Yes,Bank transfer (automatic),26.94,606.89,No
11931-PILM,Female,1,No,No,14,Yes,No,Fiber optic,Yes,No,No,No,Yes,No,One year,Yes,Electronic check,83.86,1188.64,No
11932-FHXI,Female,0,Yes,Yes,19,Yes,No,Fiber optic,Yes,Yes,No,No,Yes,No,Month-to-month,No,Mailed check,92.5,1729.89,Yes
11933-QSDR,Female,0,Yes,No,12,Yes,Yes,DSL,No,No,Yes,No,No,No,Month-to-month,Yes,Electronic check,59.49,692.63,Yes
11934-RFIV,Male,1,Yes,No,60,Yes,Yes,DSL,Yes,No,Yes,No,Yes,Yes,One year,Yes,Bank transfer (automatic),70.02,4089.25,No
11935-OGGV,Female,1,No,Yes,49,Yes,No,DSL,No,Yes,Yes,No,No,No,Month-to-month,Yes,Mailed check,60.81,3024.30,No
11936-LHPB,Female,0,No,Yes,49,Yes,No,No,No internet service,No internet service,No internet service,No internet service,No internet service,No internet service,Month-to-month,Yes,Bank transfer (automatic),18.65,927.38,No
11937-DRND,Female,0,Yes,No,64,Yes,Yes,Fiber optic,No,Yes,No,No,No,Yes,Month-to-month,Yes,Credit card (automatic),88.22,5791.90,Yes
11938-PSNC,Male,1,No,Yes,54,Yes,No,Fiber optic,Yes,No,Yes,No,No,Yes,Month-to-month,Yes,Mailed check,89.77,4806.75,No
11939-JZSK,Male,0,Yes,Yes,24,Yes,Yes,No,No internet service,No internet service,No internet service,No internet service,No internet service,No internet service,Month-to-month,Yes,Credit card (automatic),22.34,551.02,No
11940-OEDL,Female,0,No,No,23,Yes,Yes,DSL,No,Yes,Yes,Yes,Yes,No,One year,Yes,Mailed check,76.93,1716.74,No
11941-XXST,Male,1,No,No,10,Yes,Yes,DSL,Yes,No,Yes,Yes,Yes,Yes,Month-to-month,Yes,Electronic check,83.52,824.59,Yes
11942-QIRS,Female,0,No,No,52,Yes,Yes,Fiber optic,No,Yes,Yes,No,Yes,Yes,One year,Yes,Electronic check,101.13,5378.89,Yes
11943-NZUB,Female,0,Yes,No,63,No,No phone service,No,No internet service,No internet service,No internet service,No internet service,No internet service,No internet service,Two year,Yes,Bank transfer (automatic),20.78,1294.39,No
11944-QKTH,Male,0,Yes,No,52,Yes,No,DSL,Yes,No,No,Yes,No,No,Month-to-month,No,Bank transfer (automatic),60.85,3211.64,No
11945-XDRF,Female,0,Yes,No,34,Yes,Yes,DSL,No,Yes,No,Yes,No,No,Month-to-month,Yes,Electronic check,67.64,2271.43,No
11946-MDMI,Male,0,No,Yes,24,Yes,No,DSL,Yes,No,Yes,No,Yes,No,Month-to-month,Yes,Credit card (automatic),61.01,1433.86,No
11947-ZQSO,Female,0,No,No,32,Yes,Yes,No,No internet service,No internet service,No internet service,No internet service,No internet service,No internet service,One year,Yes,Mailed check,25.87,816.26,No
11948-RFFS,Male,0,Yes,No,20,Yes,Yes,DSL,Yes,No,No,No,No,Yes,Month-to-month,Yes,Bank transfer (automatic),68.56,1394.02,No
11949-TAEI,Male,0,Yes,No,12,Yes,Yes,Fiber optic,Yes,No,Yes,Yes,No,Yes,Month-to-month,Yes,Credit card (automatic),108.14,1301.17,No
11950-XVMM,Male,0,Yes,No,32,Yes,No,No,No internet service,No internet service,No internet service,No internet service,No internet service,No internet service,Two year,Yes,Mailed check,21.2,670.09,No
11951-RIOY,Male,0,No,No,0,Yes,Yes,Fiber optic,Yes,No,No,Yes,No,No,Month-to-month,Yes,Credit card (automatic),91.92,,Yes
11952-WNUR,Female,0,No,No,54,Yes,Yes,DSL,No,Yes,Yes,Yes,No,No,Month-to-month,No,Bank transfer (automatic),63.43,3366.75,No
11953-EVCF,Male,0,Yes,No,66,Yes,No,DSL,Yes,Yes,No,No,No,Yes,One year,Yes,Mailed check,64.12,4278.40,No
11954-YXFO,Male,0,No,No,14,Yes,Yes,DSL,Yes,No,Yes,Yes,Yes,No,Month-to-month,Yes,Mailed check,77.08,1056.79,Yes
11955-FNMF,Male,0,Yes,Yes,1,Yes,No,No,No internet service,No internet service,No internet service,No internet service,No internet service,No internet service,Two year,No,Bank transfer (automatic),20.7,20.47,No
11956-AFTS,Male,0,No,No,63,Yes,No,No,No internet service,No internet service,No internet service,No internet service,No internet service,No internet service,Two year,No,Credit card (automatic),19.83,1232.81,No
11957-RYVM,Male,0,Yes,Yes,22,Yes,No,DSL,No,No,No,Yes,Yes,Yes,Month-to-month,Yes,Credit card (automatic),62.29,1364.25,No
11958-RJGQ,Female,0,Yes,No,19,Yes,No,Fiber optic,No,No,No,No,Yes,Yes,Two year,Yes,Electronic check,79.28,1502.60,No
11959-HVSL,Female,0,No,Yes,62,Yes,No,DSL,Yes,No,No,Yes,No,No,Two year,No,Bank transfer (automatic),55.26,3485.83,No
11960-DEYS,Male,0,No,No,61,Yes,Yes,Fiber optic,Yes,No,Yes,Yes,Yes,Yes,Month-to-month,Yes,Credit card (automatic),104.27,6346.29,No
11961-IWZL,Female,0,Yes,No,42,Yes,Yes,Fiber optic,No,No,No,No,Yes,Yes,Two year,No,Electronic check,94.2,4042.14,No
11962-FFCT,Female,0,No,No,12,Yes,Yes,No,No internet service,No internet service,No internet service,No internet service,No internet service,No internet service,Month-to-month,Yes,Mailed check,24.16,297.17,No
11963-FVFX,Male,1,No,No,51,Yes,No,Fiber optic,No,Yes,No,No,No,Yes,Month-to-month,Yes,Bank transfer (automatic),88.75,4551.15,Yes
11964-XIWZ,Female,1,Yes,Yes,54,Yes,Yes,DSL,Yes,Yes,No,No,No,Yes,Two year,Yes,Mailed check,64.84,3490.63,No
11965-TVOV,Male,0,No,No,32,Yes,No,Fiber optic,Yes,Yes,Yes,Yes,Yes,No,Month-to-month,Yes,Electronic check,103.21,3278.33,Yes
11966-OJNY,Male,0,No,No,41,Yes,No,No,No internet service,No internet service,No internet service,No internet service,No internet service,No internet service,Two year,Yes,Electronic check,18.25,756.18,No
11967-CPWA,Male,0,Yes,No,39,Yes,Yes,Fiber optic,No,No,No,Yes,No,Yes,Month-to-month,Yes,Bank transfer (automatic),90.33,3479.58,No
11968-MTKL,Male,0,No,No,48,Yes,No,No,No internet service,No internet service,No internet service,No internet service,No internet service,No internet service,One year,No,Credit card (automatic),22.27,1068.45,No
11969-NHNX,Female,1,No,No,38,Yes,Yes,Fiber optic,Yes,No,Yes,No,No,No,One year,Yes,Electronic check,92.83,3577.67,Yes
11970-DKCX,Female,0,Yes,Yes,71,Yes,No,Fiber optic,Yes,No,Yes,Yes,Yes,No,Two year,No,Mailed check,96.45,6720.77,No
11971-HUZI,Male,1,No,No,3,Yes,No,Fiber optic,No,Yes,Yes,No,Yes,No,Month-to-month,No,Electronic check,89.47,261.35,Yes
11972-TWMF,Female,0,Yes,Yes,4,Yes,Yes,No,No internet service,No internet service,No internet service,No internet service,No internet service,No internet service,Month-to-month,No,Bank transfer (automatic),26.51,106.00,Yes
11973-WUFQ,Female,0,No,No,11,Yes,No,Fiber optic,Yes,Yes,No,Yes,No,Yes,Two year,No,Credit card (automatic),92.03,1010.82,No
11974-KJPX,Female,0,No,No,11,Yes,Yes,Fiber optic,No,No,No,Yes,Yes,Yes,Month-to-month,Yes,Bank transfer (automatic),98.64,1110.71,Yes
11975-YJCC,Female,1,Yes,No,36,Yes,Yes,Fiber optic,No,No,No,Yes,No,Yes,One year,Yes,Bank transfer (automatic),91.36,3258.57,No
11976-FBRB,Female,0,No,Yes,6,Yes,No,DSL,Yes,No,No,No,No,Yes,Month-to-month,Yes,Credit card (automatic),57.55,336.18,No
11977-NRCG,Male,0,Yes,No,14,Yes,No,DSL,Yes,No,Yes,Yes,No,No,One year,No,Bank transfer (automatic),66.52,929.45,Yes
11978-FWUA,Female,0,No,No,38,Yes,Yes,DSL,Yes,No,Yes,No,No,Yes,Month-to-month,Yes,Bank transfer (automatic),72.24,2740.46,Yes
11979-KMAC,Female,0,No,No,65,Yes,No,Fiber optic,Yes,Yes,Yes,No,No,No,Two year,Yes,Bank transfer (automatic),89.16,5930.32,No
11980-OOAU,Female,0,Yes,No,58,Yes,Yes,No,No internet service,No internet service,No internet service,No internet service,No internet service,No internet service,One year,Yes,Electronic check,26.14,1555.63,No
11981-CCUZ,Female,0,No,No,16,Yes,Yes,Fiber optic,Yes,No,Yes,Yes,No,Yes,One year,Yes,Mailed check,99.46,1633.12,No
11982-XNMZ,Male,0,Yes,Yes,4,Yes,Yes,Fiber optic,Yes,No,No,No,Yes,Yes,Month-to-month,Yes,Bank transfer (automatic),100.88,394.34,Yes
11983-RUIM,Male,0,No,No,54,Yes,Yes,DSL,Yes,Yes,No,Yes,Yes,Yes,Month-to-month,Yes,Credit card (automatic),83.18,4394.02,No
11984-AFJH,Male,0,No,Yes,57,Yes,No,No,No internet service,No internet service,No internet service,No internet service,No internet service,No internet service,Month-to-month,Yes,Electronic check,21.46,1252.13,No
11985-JCVW,Male,0,No,No,67,Yes,No,DSL,Yes,No,No,Yes,Yes,No,Month-to-month,Yes,Electronic check,64.48,4202.10,No
11986-ICGP,Female,1,Yes,No,32,No,No phone service,DSL,Yes,No,Yes,Yes,Yes,Yes,Month-to-month,Yes,Mailed check,76.86,2407.65,No
11987-COMC,Female,1,No,Yes,5,Yes,Yes,No,No internet service,No internet service,No internet service,No internet service,No internet service,No internet service,Month-to-month,Yes,Credit card (automatic),24.29,124.87,No
11988-GCBW,Female,0,No,Yes,68,Yes,No,No,No internet service,No internet service,No internet service,No internet service,No internet service,No internet service,Two year,No,Mailed check,22.3,1489.83,No
11989-GDKK,Female,0,No,No,21,Yes,No,DSL,No,Yes,Yes,No,Yes,Yes,One year,No,Electronic check,66.79,1435.03,No
11990-DJZR,Female,0,No,No,28,Yes,Yes,Fiber optic,No,Yes,Yes,Yes,Yes,Yes,Month-to-month,Yes,Credit card (automatic),107.2,3040.05,No
11991-JYXD,Female,1,No,No,30,Yes,No,Fiber optic,No,No,No,No,Yes,Yes,Two year,No,Mailed check,82.19,2432.30,No
11992-ORLK,Female,0,Yes,No,71,Yes,No,DSL,Yes,Yes,No,No,No,Yes,Month-to-month,Yes,Credit card (automatic),67.85,4774.00,No
11993-PZXO,Female,0,Yes,No,27,Yes,No,No,No internet service,No internet service,No internet service,No internet service,No internet service,No internet service,Month-to-month,Yes,Electronic check,20.23,537.18,Yes
11994-YCYJ,Female,1,No,No,41,Yes,Yes,DSL,No,No,No,No,Yes,Yes,Month-to-month,No,Credit card (automatic),64.83,2726.15,Yes
11995-MHQC,Male,0,Yes,No,37,Yes,No,Fiber optic,Yes,No,No,Yes,No,Yes,One year,Yes,Credit card (automatic),88.68,3260.52,No
11996-RCAY,Female,0,No,Yes,72,Yes,Yes,DSL,Yes,Yes,No,Yes,Yes,No,Month-to-month,Yes,Electronic check,74.52,5476.57,No
11997-OSAO,Female,0,No,No,69,Yes,No,DSL,No,No,No,No,Yes,No,Month-to-month,No,Electronic check,48.9,3365.83,No
11998-DCRX,Female,0,No,Yes,46,Yes,No,DSL,Yes,No,Yes,Yes,Yes,No,Month-to-month,No,Mailed check,72.2,3342.54,No
11999-UAEZ,Male,0,No,No,8,Yes,No,DSL,Yes,No,Yes,No,Yes,No,Two year,Yes,Electronic check,61.33,503.71,No
12000-WPKG,Male,1,No,No,25,Yes,No,No,No internet service,No internet service,No internet service,No internet service,No internet service,No internet service,Two year,Yes,Bank transfer (automatic),18.25,450.73,No
12001-SEHM,Male,0,No,Yes,48,Yes,Yes,Fiber optic,No,Yes,Yes,No,No,No,One year,No,Electronic check,88.23,4248.46,No
12002-XGMG,Female,0,No,No,58,Yes,Yes,DSL,Yes,No,No,Yes,Yes,No,Two year,No,Electronic check,73.02,4354.58,No
12003-GARF,Female,0,Yes,Yes,55,Yes,No,Fiber optic,Yes,Yes,Yes,No,No,No,Month-to-month,No,Bank transfer (automatic),92.25,4981.64,No
12004-NDCH,Female,0,Yes,No,36,No,No phone service,DSL,Yes,No,No,No,Yes,Yes,One year,No,Credit card (automatic),71.54,2522.23,No
12005-EIHB,Female,0,Yes,No,49,Yes,Yes,Fiber optic,Yes,No,Yes,Yes,No,No,Two year,No,Electronic check,98.59,4741.04,No
12006-VHPM,Male,0,No,No,23,Yes,No,Fiber optic,Yes,No,Yes,Yes,No,No,Month-to-month,Yes,Electronic check,82.12,1932.06,Yes
12007-CZEQ,Female,0,Yes,No,46,Yes,No,Fiber optic,Yes,No,No,No,Yes,No,Month-to-month,Yes,Bank transfer (automatic),79.95,3623.62,Yes
12008-ETPO,Female,0,No,No,35,Yes,No,Fiber optic,No,Yes,No,Yes,No,No,Month-to-month,No,Electronic check,80.65,2806.47,Yes
12009-ZKBK,Male,0,No,No,50,Yes,Yes,Fiber optic,No,No,No,Yes,No,Yes,Two year,Yes,Bank transfer (automatic),88.83,4554.68,No
12010-BALF,Female,0,Yes,Yes,63,Yes,No,No,No internet service,No internet service,No internet service,No internet service,No internet service,No internet service,Month-to-month,Yes,Bank transfer (automatic),18.25,1160.90,No
12011-WYSE,Male,1,No,No,60,No,No phone service,Fiber optic,No,Yes,No,No,Yes,No,Month-to-month,Yes,Mailed check,82.12,4872.24,Yes
12012-JABD,Female,0,Yes,No,53,Yes,No,DSL,No,No,No,Yes,No,Yes,Two year,No,Bank transfer (automatic),54.01,2787.42,No
12013-ACPY,Female,0,No,Yes,56,Yes,No,DSL,Yes,Yes,Yes,No,Yes,Yes,Month-to-month,Yes,Electronic check,89.92,4909.84,No
12014-QOUG,Female,0,Yes,Yes,13,Yes,No,DSL,No,No,No,No,No,Yes,Two year,Yes,Electronic check,51.24,671.57,No
12015-IMJB,Female,1,Yes,Yes,14,Yes,No,No,No internet service,No internet service,No internet service,No internet service,No internet service,No internet service,Two year,Yes,Electronic check,19.58,269.62,No
12016-WCIG,Male,0,Yes,Yes,61,Yes,Yes,No,No internet service,No internet service,No internet service,No internet service,No internet service,No internet service,Two year,Yes,Credit card (automatic),23.43,1429.19,No
12017-WQKZ,Female,0,No,Yes,39,Yes,No,No,No internet service,No internet service,No internet service,No internet service,No internet service,No internet service,Month-to-month,Yes,Electronic check,18.25,724.97,No
12018-JAOL,Female,0,Yes,No,32,Yes,No,Fiber optic,Yes,Yes,Yes,No,Yes,Yes,Month-to-month,No,Mailed check,103.41,3312.82,No
12019-GNNH,Female,0,No,No,48,Yes,No,No,No internet service,No internet service,No internet service,No internet service,No internet service,No internet service,Two year,No,Electronic check,18.25,857.26,No
12020-QEMX,Female,0,No,No,6,Yes,No,Fiber optic,Yes,Yes,No,No,No,No,Month-to-month,Yes,Bank transfer (automatic),80.88,496.25,Yes
12021-KVQV,Male,1,Yes,Yes,12,Yes,No,Fiber optic,Yes,Yes,Yes,Yes,No,Yes,One year,Yes,Electronic check,103.59,1229.07,No
12022-VJEF,Female,0,Yes,No,11,Yes,No,Fiber optic,No,Yes,Yes,No,Yes,Yes,Month-to-month,Yes,Bank transfer (automatic),91.01,1022.43,Yes
12023-SHTU,Male,0,Yes,No,41,Yes,Yes,No,No internet service,No internet service,No internet service,No internet service,No internet service,No internet service,Two year,No,Electronic check,30.73,1293.55,No
12024-HYEF,Female,0,No,Yes,5,Yes,No,No,No internet service,No internet service,No internet service,No internet service,No internet service,No internet service,Month-to-month,Yes,Credit card (automatic),19.77,96.81,Yes
12025-LKDS,Male,0,No,No,4,No,No phone service,Fiber optic,No,Yes,Yes,No,Yes,No,Two year,Yes,Credit card (automatic),88.28,362.99,No
12026-HIIN,Male,0,Yes,No,49,Yes,No,Fiber optic,No,No,No,No,Yes,No,Month-to-month,Yes,Mailed check,81.01,4085.94,No
12027-AFAV,Male,0,No,Yes,53,Yes,Yes,No,No internet service,No internet service,No internet service,No internet service,No internet service,No internet service,Month-to-month,Yes,Electronic check,28.53,1480.78,No
12028-WDAR,Female,0,Yes,No,19,Yes,No,DSL,No,No,No,Yes,Yes,Yes,Month-to-month,No,Mailed check,67.38,1317.37,Yes
12029-OHBI,Male,0,No,No,50,Yes,Yes,Fiber optic,No,No,Yes,Yes,Yes,Yes,Month-to-month,Yes,Electronic check,100.18,5135.64,No
12030-YZFF,Male,0,Yes,No,7,Yes,No,Fiber optic,No,Yes,Yes,No,Yes,No,Month-to-month,Yes,Credit card (automatic),94.65,673.11,Yes
12031-KRVB,Female,0,Yes,No,30,Yes,Yes,Fiber optic,No,Yes,Yes,No,No,No,Month-to-month,Yes,Credit card (automatic),87.29,2554.74,No
12032-JYUW,Male,0,Yes,No,27,Yes,Yes,Fiber optic,Yes,Yes,No,Yes,No,Yes,Two year,No,Electronic check,95.66,2660.28,No
12033-OFFN,Male,0,No,No,25,Yes,Yes,Fiber optic,No,Yes,No,Yes,No,No,One year,Yes,Bank transfer (automatic),88.14,2156.51,No
12034-QATJ,Male,0,No,No,63,Yes,Yes,DSL,Yes,Yes,No,Yes,No,Yes,One year,Yes,Bank transfer (automatic),80.06,5026.42,No
12035-WTOL,Male,0,Yes,No,6,Yes,Yes,No,No internet service,No internet service,No internet service,No internet service,No internet service,No internet service,Month-to-month,Yes,Bank transfer (automatic),27.07,162.17,No
12036-PHRA,Female,0,Yes,No,46,Yes,No,Fiber optic,Yes,Yes,Yes,Yes,No,No,Month-to-month,No,Electronic check,96.7,4526.70,Yes
12037-SJGW,Female,1,No,No,20,Yes,Yes,Fiber optic,No,Yes,Yes,No,No,Yes,Month-to-month,No,Credit card (automatic),96.88,1953.61,Yes
12038-SHUH,Female,0,Yes,No,36,No,No phone service,DSL,No,No,Yes,Yes,No,Yes,Month-to-month,No,Mailed check,63.58,2336.65,Yes
12039-HDJC,Male,0,No,Yes,15,Yes,Yes,DSL,Yes,No,Yes,Yes,Yes,Yes,Two year,Yes,Credit card (automatic),83.15,1266.76,No
12040-TDHC,Male,1,Yes,Yes,53,Yes,No,Fiber optic,Yes,No,No,No,Yes,Yes,Month-to-month,No,Electronic check,84.79,4388.51,Yes
12041-WMEY,Male,0,Yes,Yes,5,Yes,Yes,DSL,No,Yes,Yes,Yes,Yes,Yes,Month-to-month,Yes,Credit card (automatic),81.65,408.37,Yes
12042-ZXDD,Male,0,No,No,6,Yes,No,DSL,Yes,No,No,Yes,No,Yes,Two year,Yes,Electronic check,71.13,430.08,No
12043-BVZH,Female,0,Yes,No,24,No,No phone service,DSL,Yes,No,Yes,No,Yes,No,One year,No,Electronic check,66.23,1590.30,No
12044-ZEDO,Female,1,No,No,64,Yes,No,DSL,Yes,Yes,No,Yes,No,No,Month-to-month,No,Electronic check,63.88,4085.86,Yes
12045-OWXX,Male,0,Yes,No,2,Yes,Yes,DSL,No,No,No,Yes,No,Yes,Month-to-month,Yes,Electronic check,60.0,122.24,No
12046-BRWU,Female,0,Yes,No,13,Yes,No,Fiber optic,No,Yes,No,Yes,Yes,Yes,Month-to-month,Yes,Mailed check,93.11,1240.62,No
12047-EOPQ,Female,0,No,No,36,Yes,No,Fiber optic,No,Yes,Yes,No,No,No,Month-to-month,Yes,Bank transfer (automatic),85.76,3125.46,Yes
12048-EQNE,Male,0,Yes,Yes,2,No,No phone service,Fiber optic,Yes,No,Yes,No,Yes,No,Two year,No,Electronic check,90.58,185.84,No
12049-WWDS,Female,1,No,No,39,No,No phone service,No,No internet service,No internet service,No internet service,No internet service,No internet service,No internet service,One year,No,Electronic check,18.25,695.97,No
12050-JSIL,Male,0,No,No,27,Yes,No,Fiber optic,No,No,No,Yes,Yes,No,Two year,No,Bank transfer (automatic),84.38,2343.42,No
12051-HDAD,Male,0,No,No,47,Yes,No,No,No internet service,No internet service,No internet service,No internet service,No internet service,No internet service,Month-to-month,Yes,Bank transfer (automatic),20.51,939.12,No
12052-PNTU,Female,1,Yes,No,5,Yes,No,DSL,No,Yes,No,No,No,No,One year,Yes,Bank transfer (automatic),47.63,238.41,No
12053-NUDV,Female,0,Yes,No,13,Yes,No,DSL,No,No,No,Yes,No,No,Month-to-month,Yes,Bank transfer (automatic),49.82,660.32,No
12054-EQOD,Male,0,Yes,No,13,Yes,Yes,DSL,Yes,Yes,No,No,No,No,Two year,No,Bank transfer (automatic),65.99,872.41,No
12055-CJDQ,Female,0,No,No,54,No,No phone service,No,No internet service,No internet service,No internet service,No internet service,No internet service,No internet service,One year,No,Electronic check,18.58,1025.53,No
12056-BHAB,Female,0,Yes,Yes,54,Yes,No,No,No internet service,No internet service,No internet service,No internet service,No internet service,No internet service,Month-to-month,Yes,Electronic check,20.84,1142.82,Yes
12057-KTER,Female,0,Yes,No,9,Yes,No,Fiber optic,No,No,No,No,Yes,No,Month-to-month,Yes,Credit card (automatic),75.2,678.60,No
12058-NXIR,Male,0,No,No,30,Yes,Yes,No,No internet service,No internet service,No internet service,No internet service,No internet service,No internet service,Two year,Yes,Bank transfer (automatic),26.01,797.18,No
12059-ADZM,Female,0,Yes,No,51,Yes,Yes,DSL,Yes,Yes,No,No,Yes,No,One year,Yes,Credit card (automatic),64.23,3354.53,No
12060-LAOV,Female,0,No,No,1,Yes,No,Fiber optic,No,Yes,Yes,No,No,No,One year,Yes,Credit card (automatic),82.92,83.67,No
12061-LKKW,Female,0,Yes,No,8,Yes,Yes,DSL,No,No,Yes,No,Yes,Yes,Two year,No,Electronic check,65.98,537.79,No
12062-WFLB,Female,1,No,No,47,Yes,Yes,Fiber optic,No,No,No,Yes,No,Yes,Month-to-month,Yes,Bank transfer (automatic),92.61,4438.15,Yes
12063-VPAH,Female,0,No,No,41,Yes,Yes,DSL,Yes,Yes,Yes,No,Yes,Yes,Month-to-month,Yes,Credit card (automatic),82.41,3287.70,Yes
12064-BCRT,Female,0,Yes,Yes,51,No,No phone service,Fiber optic,Yes,No,Yes,No,Yes,No,Month-to-month,No,Bank transfer (automatic),88.56,4616.23,No
12065-GUJH,Female,0,No,No,34,Yes,No,Fiber optic,No,Yes,No,Yes,Yes,No,Month-to-month,Yes,Electronic check,95.85,3246.63,Yes
12066-VZOY,Female,0,No,Yes,65,No,No phone service,Fiber optic,No,Yes,Yes,No,No,No,One year,No,Bank transfer (automatic),88.08,5577.93,No
12067-BCTE,Male,0,Yes,No,10,Yes,Yes,DSL,Yes,No,Yes,Yes,No,No,Month-to-month,No,Mailed check,79.28,778.13,Yes
12068-SYSK,Male,0,No,No,12,Yes,No,Fiber optic,Yes,No,No,No,Yes,No,Month-to-month,Yes,Bank transfer (automatic),79.16,936.13,No
12069-LJYJ,Female,0,No,No,46,Yes,No,DSL,Yes,No,No,Yes,Yes,No,Month-to-month,Yes,Credit card (automatic),63.64,2885.13,Yes
12070-VSXF,Female,1,No,No,62,Yes,No,DSL,No,Yes,Yes,No,No,Yes,Month-to-month,Yes,Electronic check,63.62,4036.79,No
12071-CGVG,Female,0,No,No,2,Yes,No,Fiber optic,Yes,No,No,Yes,No,No,Two year,No,Mailed check,86.71,178.01,No
12072-SVKZ,Male,0,Yes,No,52,No,No phone service,DSL,No,Yes,Yes,Yes,No,Yes,One year,No,Electronic check,70.86,3735.42,No
12073-EUNS,Female,0,Yes,No,71,Yes,No,Fiber optic,No,Yes,No,Yes,Yes,Yes,One year,No,Bank transfer (automatic),94.71,6854.54,No
12074-WNUM,Male,0,Yes,No,41,Yes,Yes,DSL,Yes,No,Yes,No,Yes,No,Month-to-month,No,Electronic check,68.95,2783.85,No
12075-LTBU,Male,0,Yes,Yes,60,Yes,No,Fiber optic,Yes,Yes,Yes,No,No,Yes,Month-to-month,Yes,Electronic check,92.75,5472.67,Yes
12076-BNNN,Male,0,Yes,No,19,Yes,No,Fiber optic,No,Yes,No,Yes,Yes,Yes,Two year,Yes,Bank transfer (automatic),96.69,1796.58,Yes
12077-FMDR,Male,0,Yes,No,58,Yes,No,DSL,No,No,Yes,No,Yes,No,Month-to-month,Yes,Electronic check,56.56,3271.61,Yes
12078-AVMJ,Female,0,Yes,No,33,Yes,Yes,DSL,Yes,No,Yes,Yes,No,No,One year,No,Mailed check,78.01,2589.50,No
12079-KULC,Female,0,No,No,22,Yes,Yes,Fiber optic,Yes,Yes,Yes,No,Yes,No,Month-to-month,Yes,Bank transfer (automatic),103.44,2251.88,No
12080-BQYN,Male,0,Yes,Yes,15,Yes,No,No,No internet service,No internet service,No internet service,No internet service,No internet service,No internet service,Month-to-month,Yes,Bank transfer (automatic),18.48,274.17,Yes
12081-SPXE,Female,1,No,No,62,Yes,No,DSL,Yes,No,Yes,No,Yes,No,Month-to-month,No,Bank transfer (automatic),62.5,3882.04,Yes
12082-ZZVA,Male,0,No,No,52,Yes,No,DSL,No,Yes,Yes,No,Yes,Yes,Month-to-month,No,Bank transfer (automatic),68.7,3639.51,No
12083-UWTE,Male,0,No,No,57,Yes,Yes,No,No internet service,No internet service,No internet service,No internet service,No internet service,No internet service,One year,Yes,Bank transfer (automatic),22.39,1239.60,No
12084-VBOJ,Female,0,Yes,No,51,Yes,No,DSL,No,Yes,Yes,No,No,No,Month-to-month,Yes,Bank transfer (automatic),53.35,2726.92,Yes
12085-ZGPA,Male,0,No,Yes,19,Yes,No,DSL,Yes,Yes,Yes,No,No,No,Month-to-month,No,Mailed check,59.98,1148.44,Yes
12086-OFEB,Female,0,No,No,14,Yes,Yes,DSL,No,Yes,No,No,No,No,Month-to-month,Yes,Mailed check,63.2,893.25,Yes
12087-VIEW,Male,0,No,No,47,No,No phone service,No,No internet service,No internet service,No internet service,No internet service,No internet service,No internet service,Two year,No,Electronic check,18.25,846.81,No
12088-UDMH,Male,0,Yes,No,19,Yes,No,Fiber optic,No,Yes,Yes,No,Yes,Yes,Month-to-month,No,Credit card (automatic),94.37,1797.89,No
12089-DDXN,Female,0,Yes,Yes,47,Yes,No,DSL,No,No,No,No,Yes,Yes,Two year,Yes,Mailed check,57.27,2715.52,No
12090-KXWW,Female,0,No,Yes,65,Yes,No,Fiber optic,No,No,Yes,No,Yes,No,Month-to-month,No,Bank transfer (automatic),83.05,5255.52,Yes
12091-EQYF,Male,0,Yes,No,54,Yes,No,DSL,No,Yes,Yes,No,No,Yes,Month-to-month,No,Mailed check,69.8,3678.20,No
12092-AYCZ,Male,0,No,No,34,Yes,Yes,DSL,Yes,Yes,Yes,No,Yes,Yes,Two year,Yes,Bank transfer (automatic),81.22,2683.27,No
12093-SLZR,Female,0,No,No,66,Yes,No,No,No internet service,No internet service,No internet service,No internet service,No internet service,No internet service,Month-to-month,Yes,Credit card (automatic),18.25,1182.78,No
12094-BTTM,Male,0,No,Yes,40,No,No phone service,Fiber optic,Yes,Yes,Yes,Yes,No,Yes,Month-to-month,Yes,Electronic check,105.23,4101.42,Yes
12095-DWZW,Male,0,No,No,34,Yes,No,Fiber optic,Yes,Yes,No,Yes,Yes,Yes,Two year,No,Electronic check,92.91,3140.08,No
12096-AXBY,Female,0,No,No,70,Yes,Yes,No,No internet service,No internet service,No internet service,No internet service,No internet service,No internet service,Month-to-month,No,Electronic check,29.22,2038.64,Yes
12097-RGIM,Male,0,No,No,25,Yes,No,DSL,No,Yes,Yes,Yes,Yes,Yes,One year,Yes,Credit card (automatic),82.05,2078.15,No
12098-MBBT,Female,1,No,No,15,Yes,No,DSL,No,No,Yes,Yes,Yes,No,Month-to-month,Yes,Electronic check,65.76,1006.79,Yes
12099-GFTI,Male,0,Yes,Yes,11,Yes,Yes,DSL,No,No,No,No,Yes,Yes,Two year,No,Credit card (automatic),66.04,724.92,No
12100-YENB,Female,0,No,Yes,46,Yes,Yes,Fiber optic,Yes,No,Yes,Yes,Yes,No,One year,Yes,Electronic check,105.58,4794.79,No
12101-QQLB,Female,0,No,Yes,37,Yes,Yes,Fiber optic,No,No,Yes,Yes,No,No,Month-to-month,Yes,Credit card (automatic),85.43,3232.06,Yes
12102-WSEI,Male,0,No,No,56,Yes,Yes,Fiber optic,Yes,Yes,No,No,Yes,Yes,Month-to-month,Yes,Electronic check,103.27,5938.10,No
12103-ZZNL,Male,0,Yes,No,11,Yes,Yes,DSL,No,No,No,Yes,No,No,Month-to-month,Yes,Electronic check,60.99,672.60,Yes
12104-ZDFP,Male,0,Yes,Yes,23,Yes,Yes,DSL,No,No,No,No,No,Yes,Month-to-month,No,Credit card (automatic),57.44,1313.78,No
12105-CYKV,Female,1,No,No,9,Yes,No,Fiber optic,No,Yes,No,Yes,No,No,Two year,No,Credit card (automatic),82.9,758.81,No
12106-ECTF,Female,0,Yes,No,23,Yes,No,DSL,Yes,Yes,No,No,No,No,Month-to-month,No,Mailed check,58.6,1353.17,No
12107-KWFX,Female,1,No,No,70,Yes,Yes,No,No internet service,No internet service,No internet service,No internet service,No internet service,No internet service,Month-to-month,Yes,Bank transfer (automatic),30.34,2098.34,No
12108-VBEJ,Male,0,No,No,65,Yes,No,No,No internet service,No internet service,No internet service,No internet service,No internet service,No internet service,Month-to-month,Yes,Electronic check,20.96,1342.88,No
12109-KJWR,Male,0,Yes,No,36,Yes,Yes,No,No internet service,No internet service,No internet service,No internet service,No internet service,No internet service,Month-to-month,Yes,Credit card (automatic),27.11,988.94,No
12110-BPAT,Female,0,Yes,Yes,8,Yes,Yes,Fiber optic,No,No,Yes,No,Yes,No,Month-to-month,Yes,Credit card (automatic),93.92,754.95,Yes
12111-LZID,Female,0,No,No,72,Yes,No,DSL,No,No,Yes,No,Yes,No,Month-to-month,Yes,Credit card (automatic),59.87,4433.58,Yes
12112-MAFJ,Female,0,Yes,No,12,Yes,Yes,Fiber optic,Yes,No,Yes,No,Yes,Yes,Month-to-month,No,Credit card (automatic),94.11,1151.97,Yes
12113-LSWO,Male,0,No,No,8,Yes,Yes,DSL,Yes,Yes,No,Yes,Yes,Yes,Two year,Yes,Mailed check,80.53,630.74,No
12114-PBKG,Male,0,No,Yes,30,Yes,No,No,No internet service,No internet service,No internet service,No internet service,No internet service,No internet service,Month-to-month,Yes,Electronic check,20.47,631.47,No
12115-RROZ,Male,0,No,No,68,Yes,Yes,Fiber optic,No,Yes,No,Yes,Yes,No,Month-to-month,Yes,Credit card (automatic),92.38,6450.90,No
12116-WLSX,Male,0,Yes,No,58,Yes,Yes,DSL,Yes,No,Yes,Yes,Yes,Yes,Two year,Yes,Mailed check,82.36,4865.04,No
12117-FTTO,Male,0,Yes,No,26,No,No phone service,Fiber optic,No,Yes,Yes,No,No,No,Month-to-month,Yes,Credit card (automatic),84.87,2180.24,No
12118-BQJM,Female,0,No,Yes,33,Yes,No,DSL,No,No,No,No,Yes,No,Month-to-month,Yes,Electronic check,53.32,1741.96,No
12119-GYTP,Male,1,Yes,No,5,Yes,No,Fiber optic,No,No,No,No,No,No,Month-to-month,No,Bank transfer (automatic),70.94,344.93,No
12120-XYUJ,Female,0,Yes,Yes,20,No,No phone service,Fiber optic,Yes,Yes,No,Yes,Yes,Yes,One year,Yes,Mailed check,107.72,2109.21,No
12121-MPFL,Female,0,No,No,49,Yes,Yes,No,No internet service,No internet service,No internet service,No internet service,No internet service,No internet service,Month-to-month,No,Electronic check,26.18,1279.65,No
12122-VDLJ,Female,0,Yes,Yes,31,Yes,No,No,No internet service,No internet service,No internet service,No internet service,No internet service,No internet service,Two year,No,Electronic check,21.67,657.77,No
12123-CKFA,Female,0,Yes,No,71,Yes,Yes,DSL,Yes,Yes,No,Yes,Yes,No,Two year,No,Bank transfer (automatic),75.48,5264.88,No
12124-MIWA,Male,0,No,Yes,33,Yes,No,Fiber optic,No,No,No,No,No,Yes,Month-to-month,No,Electronic check,77.8,2555.12,Yes
12125-ORER,Female,0,Yes,No,61,No,No phone service,DSL,No,No,Yes,No,No,Yes,Month-to-month,No,Bank transfer (automatic),56.11,3446.24,No
12126-WJLR,Male,0,Yes,No,53,No,No phone service,No,No internet service,No internet service,No internet service,No internet service,No internet service,No internet service,Month-to-month,Yes,Mailed check,19.05,1030.62,No
12127-FNYM,Female,0,Yes,No,37,Yes,No,Fiber optic,Yes,Yes,Yes,Yes,No,No,Month-to-month,No,Electronic check,94.85,3424.62,Yes
12128-JLWY,Female,0,No,Yes,63,Yes,Yes,No,No internet service,No internet service,No internet service,No internet service,No internet service,No internet service,Month-to-month,Yes,Electronic check,24.67,1517.05,No
12129-CQUZ,Female,1,No,Yes,63,Yes,Yes,No,No internet service,No internet service,No internet service,No internet service,No internet service,No internet service,Month-to-month,Yes,Electronic check,28.16,1744.83,No
12130-CAJD,Male,1,No,Yes,24,Yes,Yes,DSL,No,No,Yes,No,Yes,Yes,Month-to-month,Yes,Electronic check,65.67,1584.55,Yes
12131-CWDU,Male,0,No,Yes,21,Yes,No,DSL,No,Yes,Yes,Yes,No,No,Month-to-month,No,Electronic check,62.42,1327.18,Yes
12132-UXQM,Male,0,Yes,No,52,Yes,Yes,Fiber optic,No,No,Yes,Yes,No,Yes,Month-to-month,Yes,Electronic check,96.2,5116.41,Yes
12133-EPKD,Male,0,No,No,2,No,No phone service,DSL,Yes,No,No,Yes,No,Yes,One year,Yes,Credit card (automatic),67.77,136.78,No
12134-EGRI,Female,0,Yes,No,51,Yes,Yes,DSL,Yes,Yes,No,No,No,No,One year,Yes,Electronic check,63.04,3248.33,No
12135-QVRC,Male,0,No,No,32,Yes,Yes,Fiber optic,No,Yes,No,Yes,No,No,Two year,Yes,Credit card (automatic),88.55,2903.50,Yes
12136-VATU,Male,0,No,No,56,Yes,No,Fiber optic,Yes,Yes,No,Yes,Yes,Yes,Month-to-month,No,Electronic check,102.86,5839.73,No
12137-FWAI,Female,0,Yes,No,10,No,No phone service,Fiber optic,Yes,Yes,No,No,No,Yes,Month-to-month,No,Credit card (automatic),90.25,882.93,No
12138-UBIZ,Male,0,No,No,42,Yes,No,DSL,No,Yes,Yes,Yes,Yes,Yes,Month-to-month,Yes,Electronic check,76.09,3282.09,Yes
12139-XATG,Female,0,No,No,39,Yes,Yes,DSL,Yes,Yes,Yes,Yes,No,No,Month-to-month,Yes,Bank transfer (automatic),71.79,2846.00,No
12140-LISX,Male,1,Yes,No,2,Yes,No,DSL,Yes,No,Yes,No,No,No,Month-to-month,No,Bank transfer (automatic),58.93,115.62,No
12141-CCAE,Male,1,No,Yes,38,Yes,Yes,Fiber optic,No,No,No,Yes,Yes,No,Month-to-month,Yes,Electronic check,91.09,3495.35,Yes
12142-PODM,Female,0,No,No,48,Yes,No,Fiber optic,Yes,Yes,No,No,Yes,Yes,Month-to-month,Yes,Electronic check,95.97,4552.82,Yes
12143-JHKL,Female,0,Yes,No,30,Yes,No,Fiber optic,No,No,No,No,Yes,No,Month-to-month,Yes,Credit card (automatic),78.22,2374.68,Yes
12144-NQGA,Female,0,Yes,No,45,No,No phone service,No,No internet service,No internet service,No internet service,No internet service,No internet service,No internet service,Month-to-month,Yes,Electronic check,20.99,966.46,Yes
12145-PSBB,Female,0,No,No,24,Yes,Yes,No,No internet service,No internet service,No internet service,No internet service,No internet service,No internet service,One year,No,Electronic check,30.21,711.05,No
12146-MCHE,Male,0,Yes,Yes,45,Yes,No,DSL,No,No,No,Yes,Yes,Yes,One year,No,Bank transfer (automatic),63.59,2844.01,No
12147-ICKE,Female,1,Yes,No,18,Yes,Yes,No,No internet service,No internet service,No internet service,No internet service,No internet service,No internet service,Month-to-month,Yes,Electronic check,24.81,445.05,No
12148-NVSJ,Male,0,No,No,21,Yes,No,DSL,Yes,Yes,Yes,Yes,No,Yes,Two year,No,Bank transfer (automatic),70.9,1470.63,No
12149-UOJV,Female,0,No,No,6,Yes,Yes,Fiber optic,No,Yes,Yes,No,No,No,Month-to-month,No,Mailed check,89.61,544.87,Yes
12150-KLXL,Male,1,Yes,No,8,Yes,No,DSL,No,Yes,No,Yes,Yes,No,One year,Yes,Mailed check,62.75,487.28,No
12151-CQEU,Female,0,Yes,No,10,Yes,No,DSL,Yes,Yes,No,Yes,No,No,One year,Yes,Electronic check,64.02,621.88,No
12152-YUDX,Male,0,No,No,14,Yes,Yes,No,No internet service,No internet service,No internet service,No internet service,No internet service,No internet service,Month-to-month,Yes,Electronic check,29.19,420.58,No
12153-RGJN,Female,0,No,No,52,No,No phone service,Fiber optic,Yes,No,Yes,No,No,Yes,Month-to-month,No,Electronic check,93.21,4873.98,Yes
12154-LRTY,Female,0,No,No,16,No,No phone service,Fiber optic,No,No,No,Yes,No,Yes,Month-to-month,No,Bank transfer (automatic),84.29,1317.17,Yes
12155-YBUK,Female,0,No,No,26,Yes,Yes,No,No internet service,No internet service,No internet service,No internet service,No internet service,No internet service,One year,No,Mailed check,28.04,722.54,No
12156-OAXD,Female,0,Yes,No,13,No,No phone service,DSL,No,No,No,No,Yes,Yes,Month-to-month,No,Credit card (automatic),57.62,744.30,Yes
12157-IVWJ,Male,0,No,No,31,Yes,No,DSL,Yes,No,Yes,Yes,No,No,Two year,Yes,Electronic check,66.07,2104.88,No
12158-QHCM,Male,0,No,No,18,Yes,Yes,Fiber optic,No,No,No,No,No,Yes,One year,Yes,Mailed check,84.14,1477.37,No
12159-ORQQ,Female,0,No,No,24,Yes,No,Fiber optic,No,Yes,Yes,Yes,Yes,No,Month-to-month,No,Electronic check,97.55,2274.97,No
12160-VEJA,Male,0,Yes,No,5,Yes,No,Fiber optic,No,No,Yes,No,No,No,Month-to-month,No,Mailed check,76.29,389.17,Yes
12161-BRHL,Male,1,Yes,No,37,Yes,Yes,Fiber optic,No,No,Yes,No,Yes,Yes,Month-to-month,No,Electronic check,94.93,3504.71,No
12162-JCNB,Male,0,No,Yes,20,Yes,Yes,Fiber optic,Yes,Yes,Yes,No,No,Yes,One year,Yes,Electronic check,97.95,1918.89,Yes
12163-ZOVO,Female,0,No,Yes,47,Yes,Yes,Fiber optic,No,Yes,No,No,No,No,Two year,Yes,Bank transfer (automatic),83.22,3855.22,No
12164-LIFU,Male,0,No,Yes,72,Yes,Yes,Fiber optic,Yes,Yes,Yes,No,Yes,Yes,One year,No,Credit card (automatic),116.73,8172.13,No
12165-GFCA,Male,0,Yes,Yes,35,Yes,Yes,DSL,No,No,No,No,No,Yes,Month-to-month,Yes,Mailed check,60.25,2097.01,No
12166-JCQB,Female,0,No,No,37,Yes,No,DSL,Yes,No,No,No,No,No,Month-to-month,Yes,Electronic check,48.97,1826.12,No
12167-MECV,Male,0,Yes,No,60,Yes,No,Fiber optic,Yes,Yes,Yes,Yes,No,No,Two year,Yes,Mailed check,100.47,6135.23,No
12168-MJYF,Male,0,No,No,25,Yes,Yes,No,No internet service,No internet service,No internet service,No internet service,No internet service,No internet service,Month-to-month,Yes,Mailed check,24.58,596.21,No
12169-BYIN,Male,0,No,No,11,Yes,No,Fiber optic,No,No,No,Yes,Yes,Yes,One year,No,Mailed check,97.41,1059.29,Yes
12170-HTYK,Female,0,No,Yes,52,Yes,Yes,DSL,Yes,Yes,No,No,No,Yes,Month-to-month,No,Credit card (automatic),72.16,3759.06,Yes
12171-CEOR,Male,0,Yes,No,47,Yes,No,Fiber optic,No,Yes,Yes,No,No,Yes,Month-to-month,No,Credit card (automatic),90.44,4349.10,Yes
12172-HUQG,Female,0,No,Yes,34,No,No phone service,DSL,Yes,Yes,No,Yes,No,No,Month-to-month,Yes,Electronic check,68.44,2257.84,Yes
12173-LQAM,Male,0,Yes,Yes,28,No,No phone service,Fiber optic,Yes,Yes,No,No,No,No,Month-to-month,Yes,Credit card (automatic),80.3,2190.11,No
12174-JQZA,Male,0,No,No,3,No,No phone service,Fiber optic,No,No,No,No,No,No,Month-to-month,Yes,Bank transfer (automatic),71.85,209.71,Yes
12175-XMAN,Male,0,No,Yes,41,Yes,Yes,Fiber optic,Yes,No,No,Yes,No,Yes,Month-to-month,Yes,Mailed check,96.33,4007.25,Yes
12176-TJFA,Male,0,No,No,40,Yes,No,DSL,Yes,Yes,No,No,No,Yes,Month-to-month,No,Electronic check,66.96,2696.84,Yes
12177-ZLSD,Male,0,No,No,38,Yes,No,No,No internet service,No internet service,No internet service,No internet service,No internet service,No internet service,Month-to-month,Yes,Bank transfer (automatic),18.39,681.61,No
12178-GQOI,Male,0,No,No,22,Yes,No,DSL,Yes,No,Yes,Yes,Yes,Yes,Month-to-month,Yes,Bank transfer (automatic),78.33,1717.85,No
12179-QIZV,Male,0,Yes,No,11,Yes,No,DSL,No,Yes,Yes,Yes,No,No,Two year,Yes,Credit card (automatic),64.57,706.59,No
12180-ALWE,Female,0,Yes,No,42,Yes,Yes,Fiber optic,Yes,No,Yes,Yes,No,No,Month-to-month,No,Electronic check,98.29,4120.15,Yes
12181-PDOR,Female,0,No,No,45,Yes,No,Fiber optic,No,Yes,No,Yes,No,No,Two year,No,Mailed check,82.46,3674.92,No
12182-TMSY,Female,0,No,No,13,Yes,Yes,Fiber optic,Yes,Yes,Yes,Yes,No,Yes,Month-to-month,No,Bank transfer (automatic),118.25,1517.51,Yes
12183-APAR,Female,0,No,No,9,Yes,No,Fiber optic,No,No,No,Yes,Yes,Yes,Month-to-month,No,Bank transfer (automatic),85.56,755.01,Yes
12184-STHK,Female,0,Yes,Yes,35,No,No phone service,Fiber optic,No,Yes,No,No,Yes,Yes,One year,No,Credit card (automatic),89.26,3132.18,No
12185-VGRP,Female,0,Yes,No,4,Yes,Yes,Fiber optic,No,No,Yes,Yes,No,No,One year,Yes,Bank transfer (automatic),87.34,351.99,Yes
12186-WWYY,Female,0,No,Yes,14,Yes,No,DSL,No,Yes,No,No,No,Yes,One year,Yes,Electronic check,59.47,843.92,No
12187-UCWG,Male,0,No,Yes,46,Yes,Yes,DSL,Yes,No,No,Yes,Yes,No,Month-to-month,Yes,Mailed check,66.69,3035.12,No
12188-QXJU,Female,0,No,No,22,Yes,Yes,Fiber optic,Yes,Yes,No,Yes,No,Yes,Month-to-month,No,Mailed check,106.67,2345.51,Yes
12189-ONCN,Male,0,Yes,No,34,Yes,No,Fiber optic,Yes,No,Yes,Yes,Yes,No,Month-to-month,Yes,Credit card (automatic),104.11,3541.42,Yes
12190-LQAB,Female,0,Yes,Yes,50,Yes,No,Fiber optic,Yes,Yes,Yes,Yes,No,Yes,Month-to-month,Yes,Mailed check,103.33,5108.51,Yes
12191-CNGO,Female,0,Yes,No,13,Yes,No,No,No internet service,No internet service,No internet service,No internet service,No internet service,No internet service,One year,No,Electronic check,20.09,268.20,No
12192-MJNO,Male,0,Yes,Yes,17,Yes,No,Fiber optic,No,No,No,Yes,No,Yes,One year,No,Bank transfer (automatic),82.12,1414.20,No
12193-LCOC,Male,0,No,No,22,Yes,No,Fiber optic,No,No,No,No,Yes,Yes,Month-to-month,No,Mailed check,82.3,1831.99,No
12194-XLBT,Male,0,Yes,No,31,Yes,Yes,No,No internet service,No internet service,No internet service,No internet service,No internet service,No internet service,Two year,No,Mailed check,24.98,763.11,No
12195-SLUG,Male,0,Yes,No,41,Yes,No,DSL,Yes,Yes,No,Yes,No,No,Two year,Yes,Bank transfer (automatic),65.3,2700.81,No
12196-LQZU,Female,0,No,Yes,6,Yes,No,Fiber optic,No,Yes,Yes,Yes,No,No,Month-to-month,No,Credit card (automatic),90.59,553.56,Yes
12197-RKZI,Female,0,Yes,No,35,Yes,Yes,Fiber optic,No,No,No,Yes,No,Yes,Two year,Yes,Credit card (automatic),92.45,3307.63,No
12198-JFXN,Female,0,No,No,50,Yes,No,Fiber optic,No,No,No,No,Yes,Yes,Month-to-month,Yes,Electronic check,84.4,4104.99,Yes
12199-SWPB,Female,0,Yes,No,62,Yes,Yes,No,No internet service,No internet service,No internet service,No internet service,No internet service,No internet service,Month-to-month,Yes,Electronic check,25.17,1571.91,No
12200-BANA,Male,0,Yes,Yes,39,Yes,No,Fiber optic,No,Yes,No,Yes,Yes,Yes,Month-to-month,No,Credit card (automatic),90.72,3584.54,Yes
12201-JYTH,Male,0,Yes,No,46,Yes,Yes,No,No internet service,No internet service,No internet service,No internet service,No internet service,No internet service,Month-to-month,Yes,Electronic check,30.79,1389.75,Yes
12202-SDTH,Female,0,No,No,59,Yes,No,DSL,Yes,No,No,Yes,No,No,Two year,Yes,Electronic check,55.65,3316.82,No
12203-FAOF,Female,1,Yes,No,53,Yes,No,No,No internet service,No internet service,No internet service,No internet service,No internet service,No internet service,One year,No,Credit card (automatic),20.5,1085.99,No
12204-TIJC,Female,1,No,No,39,No,No phone service,DSL,Yes,No,No,Yes,Yes,Yes,Month-to-month,Yes,Mailed check,67.21,2674.58,No
12205-SMIC,Male,0,No,No,41,Yes,Yes,DSL,No,No,Yes,Yes,Yes,Yes,One year,Yes,Electronic check,77.22,3078.91,Yes
12206-UQTH,Female,0,Yes,No,72,No,No phone service,DSL,No,No,No,Yes,No,No,Month-to-month,Yes,Bank transfer (automatic),52.5,3782.94,No
12207-XUJA,Female,0,No,No,55,Yes,No,Fiber optic,Yes,Yes,Yes,No,No,Yes,Month-to-month,Yes,Mailed check,94.08,5096.25,No
12208-ZHOK,Male,0,Yes,Yes,18,Yes,Yes,DSL,Yes,No,No,No,No,Yes,Two year,Yes,Mailed check,57.5,1062.46,No
12209-FHIL,Male,0,Yes,No,33,Yes,Yes,DSL,Yes,Yes,No,No,No,Yes,Month-to-month,Yes,Bank transfer (automatic),68.18,2307.75,Yes
12210-UETD,Male,0,No,No,54,Yes,No,Fiber optic,No,Yes,No,Yes,Yes,No,One year,No,Credit card (automatic),92.34,4958.08,No
12211-KYFF,Male,0,Yes,No,38,Yes,Yes,Fiber optic,No,No,Yes,No,Yes,Yes,Month-to-month,No,Electronic check,94.56,3666.70,Yes
12212-XVIG,Male,0,No,No,32,Yes,No,Fiber optic,Yes,No,No,No,No,Yes,Month-to-month,Yes,Electronic check,81.7,2594.64,No
12213-IDPV,Female,0,No,No,44,Yes,No,Fiber optic,No,No,Yes,No,No,Yes,Month-to-month,No,Credit card (automatic),82.0,3665.25,Yes
12214-OQXH,Female,0,Yes,No,28,Yes,No,No,No internet service,No internet service,No internet service,No internet service,No internet service,No internet service,Two year,No,Electronic check,19.96,549.03,No
12215-RGZM,Male,0,Yes,No,49,Yes,Yes,Fiber optic,No,No,No,Yes,Yes,Yes,Month-to-month,Yes,Credit card (automatic),95.59,4706.95,No
12216-INZS,Female,0,No,No,53,Yes,Yes,Fiber optic,No,No,No,No,Yes,No,Month-to-month,No,Electronic check,82.82,4485.40,Yes
12217-AQLF,Female,0,No,No,65,Yes,Yes,No,No internet service,No internet service,No internet service,No internet service,No internet service,No internet service,Month-to-month,Yes,Bank transfer (automatic),29.06,1880.22,No
12218-VRAO,Male,0,Yes,No,69,Yes,Yes,No,No internet service,No internet service,No internet service,No internet service,No internet service,No internet service,Month-to-month,Yes,Electronic check,25.85,1817.83,Yes
12219-ZPEL,Male,0,No,Yes,52,Yes,No,Fiber optic,No,No,Yes,No,Yes,Yes,Month-to-month,No,Electronic check,89.93,4645.46,Yes
12220-RIXJ,Male,0,Yes,No,55,Yes,No,DSL,No,Yes,No,Yes,No,Yes,Month-to-month,Yes,Mailed check,63.27,3427.99,No
12221-TOHP,Female,0,No,Yes,56,Yes,No,DSL,Yes,No,No,Yes,No,Yes,Month-to-month,Yes,Credit card (automatic),65.94,3782.02,No
12222-WXMG,Female,0,Yes,No,24,Yes,Yes,Fiber optic,No,No,Yes,No,Yes,Yes,Month-to-month,Yes,Mailed check,96.62,2290.44,Yes
12223-BXDE,Female,0,Yes,No,66,Yes,Yes,No,No internet service,No internet service,No internet service,No internet service,No internet service,No internet service,Month-to-month,Yes,Credit card (automatic),24.69,1603.96,No
12224-PTPI,Female,0,No,Yes,37,Yes,No,DSL,Yes,No,No,No,Yes,Yes,Two year,Yes,Electronic check,65.97,2493.11,No
12225-XYLC,Male,1,No,No,63,Yes,No,Fiber optic,Yes,Yes,No,No,No,No,Month-to-month,No,Electronic check,84.11,5435.91,Yes
12226-ELDP,Male,0,No,No,16,No,No phone service,DSL,No,No,Yes,No,Yes,No,One year,Yes,Credit card (automatic),54.19,875.08,No
12227-QMCK,Female,0,No,Yes,23,Yes,No,Fiber optic,Yes,Yes,Yes,Yes,No,Yes,Month-to-month,No,Bank transfer (automatic),98.95,2328.51,Yes
12228-HJXZ,Male,0,Yes,No,45,Yes,Yes,No,No internet service,No internet service,No internet service,No internet service,No internet service,No internet service,Month-to-month,No,Electronic check,26.55,1179.82,No
12229-NDGK,Male,0,Yes,Yes,42,Yes,Yes,No,No internet service,No internet service,No internet service,No internet service,No internet service,No internet service,One year,No,Electronic check,24.52,1023.42,No
12230-YTPU,Male,0,No,Yes,29,Yes,No,No,No internet service,No internet service,No internet service,No internet service,No internet service,No internet service,Month-to-month,Yes,Credit card (automatic),20.38,606.65,No
12231-NTLZ,Male,0,Yes,No,16,No,No phone service,Fiber optic,Yes,No,Yes,Yes,Yes,No,Two year,No,Electronic check,95.49,1571.22,No
12232-HPLL,Male,0,No,Yes,17,Yes,Yes,Fiber optic,Yes,No,No,Yes,Yes,Yes,Two year,No,Mailed check,106.73,1793.44,No
12233-XBNC,Male,0,Yes,No,53,Yes,No,No,No internet service,No internet service,No internet service,No internet service,No internet service,No internet service,One year,Yes,Credit card (automatic),18.25,940.36,No
12234-HCZK,Male,0,No,No,2,Yes,No,Fiber optic,No,Yes,Yes,No,No,No,Two year,No,Bank transfer (automatic),78.82,155.79,Yes
12235-DWKQ,Female,0,No,No,9,Yes,Yes,No,No internet service,No internet service,No internet service,No internet service,No internet service,No internet service,Two year,Yes,Credit card (automatic),26.66,243.57,No
12236-ELFO,Female,0,No,No,67,Yes,Yes,DSL,Yes,No,No,No,No,No,Month-to-month,No,Electronic check,60.38,4056.12,No
12237-HKER,Female,0,Yes,No,71,Yes,Yes,DSL,No,No,Yes,No,No,No,Two year,Yes,Mailed check,60.86,4339.64,No
12238-WEPO,Female,0,No,No,6,Yes,Yes,DSL,No,Yes,No,Yes,Yes,No,Two year,Yes,Electronic check,72.3,423.31,No
12239-WZXA,Female,0,No,No,11,Yes,Yes,No,No internet service,No internet service,No internet service,No internet service,No internet service,No internet service,Month-to-month,No,Mailed check,26.17,287.13,No
12240-TDNJ,Male,0,No,No,24,No,No phone service,DSL,Yes,No,No,Yes,No,No,Month-to-month,Yes,Bank transfer (automatic),60.92,1494.92,No
12241-ICPQ,Female,0,No,No,43,Yes,Yes,No,No internet service,No internet service,No internet service,No internet service,No internet service,No internet service,One year,No,Credit card (automatic),28.14,1196.16,Yes
12242-OXPD,Female,0,Yes,No,14,Yes,No,Fiber optic,Yes,Yes,No,Yes,No,No,Month-to-month,No,Electronic check,84.34,1150.12,Yes
12243-SGVZ,Female,0,Yes,No,71,Yes,Yes,Fiber optic,No,Yes,Yes,No,Yes,No,Month-to-month,Yes,Mailed check,97.19,6831.26,No
12244-UCBO,Male,0,Yes,No,36,Yes,No,Fiber optic,Yes,Yes,Yes,No,No,No,One year,No,Mailed check,88.32,3128.34,No
12245-FUJX,Male,1,No,No,39,Yes,Yes,Fiber optic,No,No,Yes,No,No,No,Two year,No,Electronic check,84.29,3361.90,Yes
12246-AYGK,Female,0,No,No,15,Yes,No,DSL,Yes,No,No,Yes,No,Yes,Two year,Yes,Electronic check,65.57,997.57,No
12247-BUYN,Female,0,Yes,No,23,Yes,Yes,Fiber optic,No,No,Yes,Yes,No,Yes,One year,No,Credit card (automatic),97.86,2241.64,No
12248-RODY,Female,0,No,Yes,54,Yes,No,No,No internet service,No internet service,No internet service,No internet service,No internet service,No internet service,Two year,No,Credit card (automatic),18.3,988.62,No
12249-VUKA,Female,1,Yes,No,46,Yes,Yes,DSL,Yes,No,No,No,No,Yes,Two year,Yes,Electronic check,62.56,2821.07,Yes
12250-QLJT,Male,0,No,No,17,Yes,No,DSL,Yes,Yes,Yes,No,Yes,Yes,One year,No,Credit card (automatic),81.62,1368.80,No
12251-OHAT,Male,0,Yes,No,32,Yes,No,No,No internet service,No internet service,No internet service,No internet service,No internet service,No internet service,Month-to-month,Yes,Credit card (automatic),22.21,691.72,Yes
12252-GKDN,Female,0,Yes,No,14,Yes,No,DSL,No,No,Yes,Yes,Yes,No,Month-to-month,No,Electronic check,68.5,958.64,Yes
12253-SXNW,Female,0,Yes,No,30,No,No phone service,DSL,No,Yes,Yes,No,Yes,No,Two year,Yes,Bank transfer (automatic),63.98,1960.86,No
12254-XQMO,Male,0,No,No,16,Yes,Yes,No,No internet service,No internet service,No internet service,No internet service,No internet service,No internet service,Month-to-month,Yes,Mailed check,25.43,410.65,No
12255-LTZR,Male,0,No,Yes,71,Yes,Yes,Fiber optic,No,No,Yes,Yes,No,No,One year,Yes,Electronic check,90.21,6298.84,No
12256-BTHW,Male,1,Yes,No,22,No,No phone service,DSL,Yes,No,No,No,No,No,Two year,No,Electronic check,51.07,1114.56,No
12257-PDAN,Male,0,No,No,35,Yes,Yes,No,No internet service,No internet service,No internet service,No internet service,No internet service,No internet service,One year,No,Bank transfer (automatic),26.64,935.40,No
12258-LHJK,Female,0,No,No,47,No,No phone service,Fiber optic,Yes,Yes,No,No,No,Yes,Two year,No,Electronic check,89.57,4186.84,Yes
12259-QVLL,Male,0,Yes,No,3,Yes,Yes,DSL,Yes,Yes,No,No,No,No,One year,No,Credit card (automatic),59.12,181.22,Yes
12260-YTNZ,Female,1,No,No,16,Yes,No,Fiber optic,Yes,Yes,No,Yes,Yes,No,Two year,No,Bank transfer (automatic),95.03,1513.88,No
12261-RKAX,Male,0,Yes,No,72,Yes,Yes,No,No internet service,No internet service,No internet service,No internet service,No internet service,No internet service,Two year,Yes,Bank transfer (automatic),25.23,1804.76,No
12262-TVRZ,Female,0,No,No,51,Yes,No,Fiber optic,No,Yes,No,Yes,No,No,One year,No,Mailed check,81.95,4121.81,No
12263-TZGH,Male,0,No,No,18,Yes,No,Fiber optic,No,No,Yes,No,No,No,One year,Yes,Bank transfer (automatic),78.8,1401.58,No
12264-NACL,Female,0,Yes,No,31,Yes,Yes,Fiber optic,No,Yes,Yes,Yes,No,No,Two year,No,Credit card (automatic),100.21,3174.93,No
12265-RDLQ,Female,0,No,No,62,Yes,No,DSL,No,No,No,No,Yes,Yes,Two year,No,Mailed check,54.64,3468.96,No
12266-MNDG,Female,0,Yes,No,15,Yes,No,Fiber optic,No,No,No,Yes,Yes,No,One year,No,Electronic check,87.17,1335.73,No
12267-FYDH,Female,0,No,No,22,Yes,No,DSL,Yes,Yes,No,No,Yes,Yes,One year,No,Bank transfer (automatic),71.86,1544.54,No
12268-FKCJ,Female,1,No,Yes,18,Yes,Yes,No,No internet service,No internet service,No internet service,No internet service,No internet service,No internet service,Month-to-month,Yes,Electronic check,31.52,558.73,No
12269-YJBB,Female,1,Yes,Yes,48,Yes,Yes,DSL,Yes,Yes,No,Yes,No,Yes,Two year,Yes,Credit card (automatic),79.24,3839.50,No
12270-XLIV,Male,0,No,No,38,Yes,No,DSL,Yes,No,Yes,Yes,No,No,Month-to-month,Yes,Mailed check,63.65,2457.54,No
12271-ZLKW,Male,0,Yes,No,37,Yes,Yes,DSL,Yes,No,No,No,Yes,Yes,Month-to-month,No,Electronic check,69.91,2544.87,Yes
12272-ZXDQ,Male,0,No,No,28,Yes,No,No,No internet service,No internet service,No internet service,No internet service,No internet service,No internet service,Month-to-month,Yes,Electronic check,20.05,552.99,No
12273-NLZP,Male,0,No,No,24,Yes,No,Fiber optic,Yes,No,Yes,Yes,No,Yes,Month-to-month,No,Electronic check,90.77,2129.43,Yes
12274-XMUN,Female,0,No,No,37,Yes,Yes,Fiber optic,No,Yes,No,No,Yes,No,Two year,No,Mailed check,86.02,3103.25,No
12275-BSZM,Male,0,No,Yes,58,Yes,Yes,Fiber optic,Yes,No,No,No,Yes,Yes,One year,No,Electronic check,95.07,5605.93,No
12276-NWZZ,Male,0,No,Yes,59,No,No phone service,Fiber optic,No,No,Yes,Yes,No,No,Month-to-month,Yes,Credit card (automatic),85.39,5151.60,Yes
12277-YRDW,Female,0,Yes,No,57,Yes,Yes,No,No internet service,No internet service,No internet service,No internet service,No internet service,No internet service,Month-to-month,Yes,Bank transfer (automatic),24.43,1424.93,No
12278-DEWJ,Male,0,Yes,Yes,4,Yes,No,DSL,No,No,No,No,No,Yes,Month-to-month,No,Bank transfer (automatic),51.74,201.20,No
12279-HSVH,Male,0,No,Yes,36,Yes,Yes,DSL,Yes,No,No,No,Yes,No,Two year,Yes,Electronic check,64.7,2353.44,No
12280-WNHY,Female,0,Yes,No,29,Yes,Yes,No,No internet service,No internet service,No internet service,No internet service,No internet service,No internet service,Month-to-month,No,Mailed check,22.17,638.84,No
12281-RABX,Female,0,Yes,No,68,Yes,Yes,Fiber optic,Yes,Yes,No,No,Yes,No,Two year,Yes,Mailed check,98.81,6834.84,No
12282-JFIY,Female,0,Yes,No,30,Yes,Yes,Fiber optic,No,No,No,Yes,No,Yes,Month-to-month,No,Bank transfer (automatic),94.51,2864.50,No
12283-AJQZ,Female,0,No,Yes,18,Yes,No,DSL,No,Yes,No,No,Yes,Yes,Month-to-month,No,Mailed check,67.36,1224.66,Yes
12284-FQXR,Female,0,No,No,19,Yes,No,No,No internet service,No internet service,No internet service,No internet service,No internet service,No internet service,Two year,No,Electronic check,18.25,338.55,No
12285-CZQQ,Female,0,Yes,No,15,Yes,No,No,No internet service,No internet service,No internet service,No internet service,No internet service,No internet service,Month-to-month,Yes,Bank transfer (automatic),22.23,341.72,No
12286-SDFG,Male,1,Yes,No,32,Yes,Yes,Fiber optic,No,Yes,No,Yes,Yes,Yes,Month-to-month,No,Bank transfer (automatic),104.38,3416.44,No
12287-YFCP,Female,1,No,No,20,Yes,Yes,DSL,No,No,Yes,Yes,Yes,Yes,Month-to-month,Yes,Mailed check,77.25,1533.62,No
12288-ODNJ,Male,0,Yes,No,41,Yes,Yes,DSL,Yes,Yes,Yes,No,Yes,Yes,Two year,Yes,Credit card (automatic),83.73,3363.82,No
12289-XFRA,Male,1,No,Yes,17,Yes,No,DSL,Yes,Yes,Yes,Yes,Yes,Yes,Two year,Yes,Electronic check,85.91,1421.37,No
12290-CKLP,Female,0,No,Yes,43,Yes,No,Fiber optic,No,Yes,Yes,Yes,No,Yes,Month-to-month,Yes,Mailed check,97.92,4306.36,Yes
12291-FLJU,Female,1,No,No,45,Yes,Yes,Fiber optic,No,No,No,No,Yes,Yes,Two year,Yes,Credit card (automatic),85.6,3841.69,Yes
12292-VVPD,Male,1,Yes,Yes,49,Yes,No,Fiber optic,Yes,Yes,No,Yes,No,No,Month-to-month,Yes,Bank transfer (automatic),92.63,4525.39,Yes
12293-GTUV,Female,0,No,Yes,64,Yes,Yes,DSL,No,No,No,Yes,No,Yes,One year,No,Mailed check,67.79,4346.68,No
12294-CMRG,Female,1,No,Yes,6,Yes,No,DSL,No,Yes,No,No,No,No,Month-to-month,No,Electronic check,52.15,305.28,Yes
12295-TWCK,Female,0,Yes,No,4,Yes,Yes,No,No internet service,No internet service,No internet service,No internet service,No internet service,No internet service,Month-to-month,Yes,Electronic check,22.34,90.15,Yes
12296-JFXQ,Male,0,No,No,34,Yes,Yes,DSL,No,No,No,Yes,No,No,One year,No,Bank transfer (automatic),54.86,1896.56,No
12297-TDVQ,Female,1,Yes,No,38,Yes,Yes,No,No internet service,No internet service,No internet service,No internet service,No internet service,No internet service,Month-to-month,Yes,Mailed check,23.84,892.04,Yes
12298-TGHD,Male,0,No,No,55,No,No phone service,Fiber optic,Yes,No,No,Yes,No,No,One year,No,Mailed check,81.96,4610.18,No
12299-GNKC,Female,0,No,No,17,Yes,Yes,DSL,Yes,No,Yes,No,No,No,One year,No,Mailed check,64.74,1074.95,No
12300-EEJW,Male,0,Yes,Yes,33,No,No phone service,Fiber optic,Yes,Yes,No,Yes,Yes,No,Month-to-month,No,Electronic check,99.42,3373.13,No
12301-ZWUB,Female,0,Yes,No,45,Yes,Yes,No,No internet service,No internet service,No internet service,No internet service,No internet service,No internet service,Month-to-month,Yes,Mailed check,26.22,1160.34,No
12302-QZMW,Male,1,Yes,No,48,Yes,Yes,No,No internet service,No internet service,No internet service,No internet service,No internet service,No internet service,One year,No,Mailed check,30.4,1433.22,No
12303-PNLB,Male,1,Yes,No,40,Yes,Yes,DSL,Yes,No,No,Yes,No,Yes,One year,No,Electronic check,71.94,2924.19,No
12304-VODI,Male,0,No,Yes,43,Yes,Yes,DSL,No,Yes,No,No,Yes,No,Month-to-month,Yes,Credit card (automatic),63.89,2819.52,No
12305-LODZ,Female,1,Yes,No,12,Yes,Yes,Fiber optic,Yes,Yes,Yes,Yes,No,No,One year,No,Mailed check,101.71,1253.49,No
12306-LOIH,Male,0,No,No,34,Yes,No,DSL,Yes,Yes,Yes,Yes,No,Yes,Month-to-month,Yes,Electronic check,79.71,2707.56,Yes
12307-LVIM,Female,1,Yes,Yes,39,Yes,Yes,DSL,Yes,Yes,No,Yes,No,No,One year,Yes,Bank transfer (automatic),72.37,2788.83,No
12308-UWZZ,Male,0,No,No,6,Yes,Yes,No,No internet service,No internet service,No internet service,No internet service,No internet service,No internet service,Month-to-month,Yes,Credit card (automatic),26.37,162.27,Yes
12309-CWEG,Male,0,No,Yes,70,Yes,No,Fiber optic,No,Yes,Yes,Yes,Yes,Yes,Two year,Yes,Electronic check,103.69,7470.44,No
12310-YEQX,Female,0,No,Yes,46,Yes,Yes,Fiber optic,No,No,No,No,No,Yes,One year,Yes,Credit card (automatic),87.69,4008.24,No
12311-ZUOC,Female,0,No,Yes,52,Yes,No,Fiber optic,Yes,Yes,Yes,No,No,No,One year,Yes,Bank transfer (automatic),87.02,4631.87,No
12312-SHHV,Male,0,No,No,39,Yes,No,DSL,Yes,Yes,No,Yes,No,No,Two year,No,Electronic check,61.64,2406.25,No
12313-LXXU,Male,0,No,Yes,68,Yes,No,DSL,No,No,Yes,Yes,No,No,Month-to-month,Yes,Bank transfer (automatic),60.36,4222.81,No
12314-KTMK,Male,0,No,No,1,Yes,No,Fiber optic,No,No,Yes,Yes,No,No,Two year,No,Bank transfer (automatic),89.22,91.61,No
12315-MCXI,Female,0,Yes,No,69,Yes,Yes,Fiber optic,Yes,No,Yes,Yes,Yes,Yes,Month-to-month,No,Credit card (automatic),116.85,8269.27,Yes
12316-NJZY,Female,0,Yes,No,15,Yes,Yes,Fiber optic,No,Yes,Yes,No,Yes,Yes,Two year,No,Credit card (automatic),102.12,1566.22,No
12317-USBH,Male,0,Yes,No,64,Yes,Yes,DSL,Yes,No,No,Yes,No,Yes,One year,Yes,Bank transfer (automatic),68.37,4408.99,No
12318-SLPJ,Female,0,No,Yes,5,Yes,No,Fiber optic,No,Yes,No,No,Yes,No,One year,Yes,Bank transfer (automatic),84.69,418.83,Yes
12319-CKFJ,Male,0,No,No,23,Yes,Yes,DSL,Yes,No,Yes,Yes,No,No,Two year,No,Electronic check,67.95,1533.80,No
12320-FHWT,Male,0,No,No,42,Yes,Yes,DSL,Yes,No,No,Yes,Yes,No,Two year,No,Bank transfer (automatic),70.24,3031.38,No
12321-QIUJ,Female,0,No,No,48,Yes,Yes,No,No internet service,No internet service,No internet service,No internet service,No internet service,No internet service,Month-to-month,Yes,Credit card (automatic),29.17,1376.66,No
12322-UIYQ,Female,0,Yes,Yes,2,Yes,Yes,Fiber optic,Yes,No,No,No,No,No,Month-to-month,No,Credit card (automatic),81.77,164.18,Yes
12323-FQPS,Male,0,No,No,26,Yes,No,No,No internet service,No internet service,No internet service,No internet service,No internet service,No internet service,Two year,No,Electronic check,18.42,487.75,No
12324-HCDT,Female,0,Yes,No,61,Yes,Yes,No,No internet service,No internet service,No internet service,No internet service,No internet service,No internet service,Month-to-month,No,Mailed check,27.98,1732.47,No
12325-YFDL,Male,0,Yes,No,14,Yes,No,Fiber optic,No,Yes,No,Yes,Yes,No,Month-to-month,Yes,Credit card (automatic),89.79,1249.64,No
12326-UEJL,Female,0,No,No,69,Yes,No,DSL,Yes,No,No,Yes,Yes,No,Month-to-month,No,Bank transfer (automatic),66.26,4652.22,No
12327-CYNA,Male,1,Yes,No,52,Yes,No,Fiber optic,No,No,Yes,No,No,Yes,Month-to-month,Yes,Electronic check,85.61,4532.96,No
12328-URXI,Male,0,No,No,71,Yes,No,DSL,No,Yes,No,No,No,Yes,Two year,No,Electronic check,60.88,4409.41,No
12329-VYGD,Male,0,No,Yes,66,Yes,Yes,No,No internet service,No internet service,No internet service,No internet service,No internet service,No internet service,Month-to-month,Yes,Credit card (automatic),27.44,1757.18,No
12330-AYKV,Female,0,No,No,17,Yes,Yes,No,No internet service,No internet service,No internet service,No internet service,No internet service,No internet service,Month-to-month,Yes,Bank transfer (automatic),28.05,489.21,No
12331-VVZR,Female,0,Yes,Yes,68,Yes,No,Fiber optic,Yes,Yes,No,No,No,Yes,Month-to-month,No,Credit card (automatic),97.82,6694.99,No
12332-VZNC,Male,0,Yes,Yes,36,Yes,Yes,Fiber optic,No,No,Yes,No,Yes,Yes,One year,No,Electronic check,98.85,3517.65,No
12333-NETS,Female,0,Yes,Yes,19,Yes,Yes,DSL,No,Yes,No,No,No,No,Two year,No,Bank transfer (automatic),59.78,1127.21,No
12334-IIJU,Female,1,No,Yes,65,Yes,Yes,DSL,Yes,Yes,Yes,Yes,No,No,Month-to-month,No,Credit card (automatic),77.34,4940.61,No
12335-DKTY,Male,1,Yes,No,34,Yes,Yes,DSL,Yes,No,No,No,No,No,Two year,No,Bank transfer (automatic),63.35,2095.42,No
12336-TJLZ,Female,0,Yes,No,50,Yes,No,No,No internet service,No internet service,No internet service,No internet service,No internet service,No internet service,Two year,Yes,Mailed check,19.43,977.24,No
12337-EECB,Female,0,No,No,44,Yes,Yes,DSL,Yes,No,No,Yes,Yes,Yes,Month-to-month,Yes,Electronic check,77.01,3399.36,Yes
12338-FQEF,Male,0,No,No,22,Yes,No,No,No internet service,No internet service,No internet service,No internet service,No internet service,No internet service,Month-to-month,Yes,Electronic check,21.25,472.42,Yes
12339-NASO,Male,0,No,No,71,Yes,No,Fiber optic,Yes,No,No,No,Yes,Yes,Month-to-month,No,Electronic check,89.58,6401.75,No
12340-TYIL,Male,1,Yes,No,61,Yes,Yes,Fiber optic,No,No,No,Yes,No,Yes,Two year,Yes,Mailed check,88.81,5515.09,No
12341-HOSB,Female,0,No,No,39,Yes,No,DSL,No,Yes,No,No,No,No,Month-to-month,Yes,Bank transfer (automatic),52.91,2029.34,No
12342-WCGC,Female,0,Yes,No,42,Yes,No,DSL,No,No,Yes,Yes,Yes,Yes,Month-to-month,No,Credit card (automatic),67.6,2871.33,Yes
12343-TJNM,Male,0,Yes,No,6,Yes,No,Fiber optic,Yes,No,No,No,Yes,No,Month-to-month,Yes,Credit card (automatic),80.68,495.65,Yes
12344-XDBV,Male,0,Yes,No,53,Yes,Yes,Fiber optic,Yes,Yes,Yes,No,Yes,Yes,Month-to-month,Yes,Electronic check,101.27,5470.69,Yes
12345-UYTR,Male,0,No,No,66,No,No phone service,Fiber optic,Yes,Yes,No,Yes,Yes,Yes,Two year,No,Electronic check,105.12,6938.90,No
12346-YJCY,Male,0,No,No,70,Yes,Yes,DSL,No,Yes,No,No,No,No,Two year,Yes,Electronic check,57.8,4133.58,No
12347-AKQH,Male,0,Yes,No,41,Yes,No,DSL,Yes,Yes,No,Yes,No,Yes,Month-to-month,No,Mailed check,80.71,3272.77,No
12348-ZDDE,Male,0,No,No,72,Yes,Yes,DSL,Yes,No,Yes,No,No,No,One year,Yes,Bank transfer (automatic),63.56,4611.11,No
12349-BPAU,Female,1,No,Yes,58,Yes,No,Fiber optic,Yes,Yes,No,No,Yes,Yes,One year,Yes,Mailed check,93.31,5528.94,No
12350-UXGM,Male,0,Yes,No,37,Yes,Yes,Fiber optic,No,Yes,No,No,Yes,No,Month-to-month,No,Credit card (automatic),87.89,3339.71,Yes
12351-TXTJ,Female,0,No,No,58,Yes,No,DSL,No,No,Yes,Yes,No,No,One year,Yes,Electronic check,57.72,3274.99,No
12352-JVHU,Male,0,Yes,No,12,Yes,No,No,No internet service,No internet service,No internet service,No internet service,No internet service,No internet service,Two year,No,Bank transfer (automatic),22.42,262.69,No
12353-KUXL,Male,0,Yes,Yes,49,Yes,Yes,DSL,No,Yes,No,No,No,Yes,Two year,No,Credit card (automatic),62.34,3056.21,No
12354-QYMD,Female,1,No,No,45,Yes,Yes,No,No internet service,No internet service,No internet service,No internet service,No internet service,No internet service,One year,Yes,Electronic check,28.38,1269.71,Yes
12355-YCQV,Female,0,Yes,Yes,36,No,No phone service,Fiber optic,No,Yes,Yes,No,No,Yes,One year,Yes,Credit card (automatic),92.96,3313.24,No
12356-QNIB,Female,0,No,No,47,Yes,No,Fiber optic,No,No,No,Yes,No,Yes,Two year,No,Bank transfer (automatic),79.97,3728.35,No
12357-LQOL,Female,0,Yes,No,62,No,No phone service,DSL,No,Yes,Yes,No,No,No,One year,No,Electronic check,58.41,3595.58,No
12358-ZLHF,Male,0,No,No,42,Yes,Yes,Fiber optic,Yes,Yes,No,No,Yes,No,Two year,Yes,Mailed check,93.71,3976.01,No
12359-GWQU,Male,1,No,No,28,Yes,Yes,Fiber optic,No,Yes,No,Yes,Yes,Yes,Two year,No,Electronic check,100.17,2823.06,No
12360-ASAX,Female,0,No,Yes,31,Yes,Yes,DSL,No,No,No,No,Yes,No,Month-to-month,No,Bank transfer (automatic),61.59,1892.92,No
12361-TAIB,Female,0,No,No,41,Yes,No,DSL,No,Yes,Yes,No,Yes,Yes,One year,Yes,Mailed check,69.02,2893.45,No
12362-LDKT,Female,0,No,Yes,42,Yes,Yes,Fiber optic,Yes,No,No,Yes,No,No,Month-to-month,Yes,Electronic check,92.53,3855.12,No
12363-EKBF,Female,0,Yes,No,23,Yes,Yes,Fiber optic,No,No,Yes,Yes,Yes,Yes,Two year,No,Mailed check,96.26,2147.72,No
12364-WDGT,Male,0,Yes,No,39,Yes,Yes,Fiber optic,No,No,Yes,Yes,Yes,Yes,Month-to-month,Yes,Credit card (automatic),111.78,4266.87,Yes
12365-ZOSY,Male,0,No,Yes,21,Yes,Yes,DSL,No,Yes,No,Yes,No,Yes,Month-to-month,Yes,Credit card (automatic),71.01,1451.78,Yes
12366-MMAG,Male,0,No,No,69,No,No phone service,DSL,Yes,No,No,Yes,Yes,Yes,Month-to-month,Yes,Credit card (automatic),75.1,5180.86,No
12367-DNJO,Female,0,Yes,No,39,Yes,Yes,Fiber optic,No,No,Yes,No,Yes,Yes,Two year,Yes,Electronic check,96.54,3742.27,No
12368-CROS,Female,0,No,Yes,61,Yes,Yes,DSL,No,No,No,No,Yes,Yes,Two year,Yes,Mailed check,59.27,3541.90,No
12369-YHIR,Male,0,Yes,No,28,Yes,No,DSL,Yes,No,No,No,No,No,Month-to-month,No,Bank transfer (automatic),54.51,1538.87,No
12370-JZHQ,Female,0,Yes,Yes,29,Yes,No,DSL,No,No,No,No,Yes,No,Month-to-month,No,Electronic check,50.36,1452.81,No
12371-VFCK,Female,0,No,Yes,21,Yes,Yes,No,No internet service,No internet service,No internet service,No internet service,No internet service,No internet service,Month-to-month,No,Credit card (automatic),30.69,647.31,No
12372-WIRE,Male,0,No,No,42,Yes,No,Fiber optic,No,Yes,Yes,No,No,Yes,One year,Yes,Bank transfer (automatic),91.06,3729.22,No
12373-TWZA,Male,0,No,No,45,Yes,Yes,Fiber optic,No,Yes,No,No,No,Yes,Month-to-month,No,Electronic check,92.72,4068.31,Yes
12374-POVV,Female,0,Yes,No,41,Yes,Yes,Fiber optic,Yes,Yes,No,No,Yes,Yes,Month-to-month,Yes,Credit card (automatic),93.77,3905.35,No
12375-LLUI,Female,0,Yes,No,61,Yes,No,Fiber optic,Yes,Yes,Yes,No,Yes,Yes,One year,Yes,Bank transfer (automatic),105.06,6590.46,No
12376-ZJFT,Male,0,No,No,37,Yes,No,DSL,Yes,No,No,Yes,Yes,No,Month-to-month,Yes,Credit card (automatic),65.08,2426.71,No
12377-QUZY,Male,0,Yes,No,60,Yes,No,DSL,No,No,No,No,No,No,One year,Yes,Bank transfer (automatic),45.54,2695.72,No
12378-YPQM,Male,0,No,Yes,5,Yes,Yes,DSL,No,Yes,Yes,No,Yes,No,Two year,Yes,Credit card (automatic),68.46,339.06,Yes
12379-VXHU,Female,1,Yes,Yes,26,Yes,Yes,No,No internet service,No internet service,No internet service,No internet service,No internet service,No internet service,Two year,No,Credit card (automatic),27.0,684.31,No
12380-VQCB,Male,0,Yes,No,52,Yes,No,Fiber optic,Yes,No,No,Yes,Yes,No,Month-to-month,Yes,Credit card (automatic),93.16,4985.81,No
12381-ETIF,Female,0,Yes,No,28,Yes,Yes,No,No internet service,No internet service,No internet service,No internet service,No internet service,No internet service,Month-to-month,No,Credit card (automatic),27.67,791.50,No
12382-ISNV,Male,1,Yes,No,53,Yes,No,No,No internet service,No internet service,No internet service,No internet service,No internet service,No internet service,Month-to-month,Yes,Bank transfer (automatic),18.25,975.15,No
12383-SSWX,Male,0,Yes,Yes,43,Yes,Yes,DSL,No,Yes,Yes,Yes,No,No,Month-to-month,Yes,Credit card (automatic),73.57,3076.98,No
12384-QPRY,Male,0,No,No,35,Yes,Yes,Fiber optic,Yes,Yes,No,No,No,Yes,Month-to-month,No,Mailed check,98.95,3396.97,Yes
12385-NLJN,Female,0,No,Yes,41,Yes,No,Fiber optic,No,Yes,Yes,Yes,Yes,Yes,Two year,No,Electronic check,99.28,3970.86,No
12386-MHNZ,Male,0,Yes,No,65,Yes,No,Fiber optic,Yes,No,No,No,Yes,Yes,Two year,Yes,Mailed check,93.24,6149.25,No
12387-FROA,Female,0,No,No,49,Yes,Yes,No,No internet service,No internet service,No internet service,No internet service,No internet service,No internet service,One year,Yes,Electronic check,26.6,1332.35,No
12388-YNVO,Male,0,Yes,Yes,71,Yes,Yes,Fiber optic,No,No,Yes,No,No,Yes,One year,No,Electronic check,83.68,5946.64,Yes
12389-UBVN,Female,0,Yes,No,7,Yes,Yes,Fiber optic,No,Yes,No,Yes,No,Yes,Month-to-month,Yes,Bank transfer (automatic),99.15,701.26,Yes
12390-OZFT,Male,0,No,No,59,Yes,Yes,DSL,Yes,Yes,No,No,Yes,Yes,Month-to-month,No,Electronic check,80.88,4847.97,No
12391-IFSG,Male,0,No,No,65,Yes,No,No,No internet service,No internet service,No internet service,No internet service,No internet service,No internet service,Month-to-month,No,Electronic check,18.25,1175.42,Yes
12392-SUKT,Female,0,No,No,67,No,No phone service,DSL,Yes,No,No,Yes,No,No,Two year,No,Electronic check,52.29,3606.18,No
12393-UHZS,Female,0,Yes,Yes,39,Yes,No,Fiber optic,Yes,No,No,Yes,Yes,No,Two year,Yes,Mailed check,86.03,3347.10,No
12394-XTLS,Female,0,Yes,Yes,36,Yes,No,No,No internet service,No internet service,No internet service,No internet service,No internet service,No internet service,Month-to-month,Yes,Mailed check,18.25,669.99,No
12395-ESEA,Male,0,No,Yes,43,Yes,Yes,DSL,Yes,Yes,Yes,No,Yes,No,Month-to-month,Yes,Electronic check,72.28,3021.96,Yes
12396-QQHZ,Female,1,No,Yes,66,Yes,Yes,Fiber optic,No,Yes,Yes,Yes,No,No,Month-to-month,Yes,Bank transfer (automatic),92.36,5950.19,Yes
12397-AREH,Male,0,No,No,63,Yes,No,Fiber optic,No,Yes,No,Yes,No,No,Month-to-month,No,Electronic check,83.17,5152.24,No
12398-DVZM,Female,0,No,No,68,Yes,Yes,Fiber optic,Yes,No,No,Yes,No,Yes,Month-to-month,Yes,Bank transfer (automatic),93.86,6253.51,No
12399-TYAZ,Female,0,Yes,No,70,Yes,No,DSL,Yes,No,No,Yes,No,No,Month-to-month,Yes,Electronic check,55.18,3971.27,No
12400-BJKH,Female,0,No,No,45,Yes,Yes,DSL,Yes,No,Yes,No,Yes,Yes,Two year,Yes,Electronic check,72.91,3318.32,No
12401-HTTJ,Female,0,No,No,19,Yes,No,Fiber optic,Yes,Yes,No,No,Yes,No,Month-to-month,Yes,Mailed check,88.77,1701.32,Yes
12402-VOBW,Female,0,Yes,Yes,11,Yes,Yes,Fiber optic,Yes,Yes,No,No,No,Yes,One year,No,Credit card (automatic),102.82,1134.37,No
12403-DHUU,Female,0,Yes,Yes,65,Yes,Yes,No,No internet service,No internet service,No internet service,No internet service,No internet service,No internet service,Month-to-month,Yes,Bank transfer (automatic),31.75,2117.99,No
12404-RBTM,Male,0,No,No,11,Yes,Yes,Fiber optic,No,No,Yes,Yes,Yes,Yes,Month-to-month,No,Bank transfer (automatic),102.54,1127.10,Yes
12405-JQSB,Male,1,Yes,No,6,Yes,Yes,Fiber optic,Yes,No,No,No,No,Yes,Month-to-month,No,Electronic check,88.42,530.44,Yes
12406-CUWI,Female,0,No,Yes,35,Yes,Yes,DSL,Yes,No,Yes,No,No,Yes,Two year,No,Electronic check,63.01,2141.07,No
12407-NQDB,Female,0,No,No,54,Yes,Yes,No,No internet service,No internet service,No internet service,No internet service,No internet service,No internet service,Month-to-month,No,Bank transfer (automatic),26.71,1467.23,No
12408-FDUJ,Female,0,Yes,Yes,53,Yes,No,DSL,Yes,No,No,No,Yes,Yes,One year,No,Bank transfer (automatic),64.08,3452.20,Yes
12409-SIPS,Female,0,No,No,19,Yes,Yes,No,No internet service,No internet service,No internet service,No internet service,No internet service,No internet service,Month-to-month,Yes,Mailed check,22.31,411.19,Yes
12410-NTGU,Male,0,No,No,37,Yes,No,No,No internet service,No internet service,No internet service,No internet service,No internet service,No internet service,Two year,No,Credit card (automatic),18.25,676.40,No
12411-HCZV,Male,1,Yes,Yes,65,Yes,No,No,No internet service,No internet service,No internet service,No internet service,No internet service,No internet service,Month-to-month,Yes,Credit card (automatic),18.25,1202.17,No
12412-OYRI,Female,0,No,No,58,Yes,No,DSL,No,Yes,Yes,No,Yes,Yes,Two year,No,Electronic check,63.77,3623.02,No
12413-FJCF,Female,1,Yes,No,67,Yes,No,DSL,Yes,No,Yes,Yes,No,No,One year,Yes,Electronic check,67.34,4616.81,No
12414-UOKR,Male,0,No,No,56,Yes,Yes,Fiber optic,No,Yes,Yes,No,Yes,Yes,Two year,Yes,Credit card (automatic),108.0,6001.20,No
12415-KHGZ,Male,0,Yes,No,7,Yes,Yes,Fiber optic,Yes,No,Yes,Yes,Yes,Yes,Two year,No,Credit card (automatic),108.43,772.55,No
12416-ULHC,Male,0,Yes,No,15,Yes,Yes,Fiber optic,Yes,No,No,No,No,Yes,One year,No,Electronic check,95.78,1442.35,No
12417-UUMP,Male,1,No,Yes,13,Yes,Yes,Fiber optic,Yes,Yes,No,No,No,Yes,One year,No,Credit card (automatic),99.66,1300.67,Yes
12418-TOMG,Female,0,Yes,Yes,10,No,No phone service,Fiber optic,Yes,No,No,Yes,No,No,One year,No,Bank transfer (automatic),80.67,796.53,No
12419-NAOK,Female,0,Yes,No,62,Yes,No,DSL,Yes,Yes,Yes,Yes,No,Yes,Two year,No,Mailed check,79.08,4904.11,No
12420-ATHU,Female,0,Yes,No,51,Yes,No,DSL,No,No,Yes,No,No,No,One year,No,Bank transfer (automatic),56.21,2944.58,No
12421-EWVA,Female,0,No,Yes,66,Yes,Yes,Fiber optic,Yes,Yes,Yes,No,No,Yes,Two year,Yes,Electronic check,103.62,6737.62,No
12422-AQWE,Male,0,No,No,24,Yes,No,DSL,No,Yes,No,Yes,No,Yes,Month-to-month,Yes,Mailed check,61.72,1511.49,No
12423-EQEB,Male,0,Yes,No,71,Yes,Yes,Fiber optic,Yes,Yes,No,Yes,No,Yes,Month-to-month,No,Mailed check,101.05,7134.17,Yes
12424-ZZUD,Male,0,Yes,Yes,68,Yes,Yes,No,No internet service,No internet service,No internet service,No internet service,No internet service,No internet service,Month-to-month,Yes,Mailed check,27.38,1897.50,No
12425-IXZD,Male,0,Yes,Yes,8,No,No phone service,No,No internet service,No internet service,No internet service,No internet service,No internet service,No internet service,One year,Yes,Electronic check,22.54,183.23,No
12426-PWBX,Female,0,No,No,63,Yes,No,Fiber optic,No,No,Yes,Yes,Yes,Yes,Two year,No,Mailed check,97.24,6236.41,No
12427-AQDF,Male,0,Yes,Yes,8,Yes,No,Fiber optic,Yes,Yes,No,Yes,No,No,Month-to-month,No,Electronic check,93.66,760.24,Yes
12428-VSWR,Male,0,No,No,33,Yes,Yes,No,No internet service,No internet service,No internet service,No internet service,No internet service,No internet service,One year,Yes,Bank transfer (automatic),25.88,852.83,No
12429-EBXX,Female,0,Yes,No,14,Yes,Yes,Fiber optic,Yes,No,Yes,No,No,Yes,Month-to-month,Yes,Credit card (automatic),95.45,1363.07,Yes
12430-THTV,Female,0,No,Yes,42,No,No phone service,No,No internet service,No internet service,No internet service,No internet service,No internet service,No internet service,One year,Yes,Bank transfer (automatic),19.14,792.51,No
12431-ITVI,Male,1,No,No,2,Yes,No,DSL,Yes,Yes,No,No,No,No,Month-to-month,No,Mailed check,58.43,119.28,No
12432-MSZB,Male,0,Yes,Yes,61,Yes,No,Fiber optic,Yes,No,No,No,Yes,Yes,Month-to-month,Yes,Mailed check,93.16,5542.87,Yes
12433-KLAK,Female,0,No,No,35,Yes,No,DSL,Yes,No,No,Yes,Yes,Yes,Two year,No,Bank transfer (automatic),68.56,2467.59,No
12434-FPUV,Female,0,Yes,Yes,63,Yes,Yes,DSL,Yes,Yes,No,Yes,Yes,Yes,Month-to-month,Yes,Credit card (automatic),85.57,5332.42,Yes
12435-XXCP,Female,0,No,No,32,Yes,Yes,Fiber optic,No,No,Yes,Yes,No,Yes,One year,No,Credit card (automatic),95.36,3088.75,No
12436-CUKM,Male,0,Yes,No,41,Yes,Yes,DSL,Yes,No,No,Yes,Yes,Yes,Month-to-month,Yes,Bank transfer (automatic),75.31,3169.21,No
12437-EBGM,Male,0,Yes,No,54,Yes,Yes,DSL,Yes,No,No,No,Yes,Yes,Month-to-month,No,Mailed check,70.39,3769.19,Yes
12438-XQRV,Male,0,Yes,Yes,70,Yes,No,Fiber optic,Yes,No,Yes,No,No,No,Month-to-month,No,Electronic check,88.88,6376.65,Yes
12439-PLGI,Female,0,Yes,No,27,Yes,Yes,Fiber optic,No,Yes,No,No,Yes,Yes,Month-to-month,Yes,Electronic check,95.26,2623.57,Yes
12440-FQAL,Female,0,No,No,38,Yes,No,Fiber optic,Yes,Yes,Yes,No,Yes,Yes,Two year,Yes,Electronic check,98.89,3711.36,No
12441-BOXZ,Female,0,No,No,24,Yes,Yes,Fiber optic,No,No,No,No,Yes,Yes,Month-to-month,Yes,Mailed check,88.68,2065.08,Yes
12442-NGDX,Female,0,Yes,No,3,Yes,Yes,Fiber optic,No,No,Yes,No,No,No,Month-to-month,Yes,Electronic check,77.25,236.34,No
12443-KQUI,Female,0,No,No,63,Yes,No,No,No internet service,No internet service,No internet service,No internet service,No internet service,No internet service,Two year,Yes,Bank transfer (automatic),20.17,1286.65,No
12444-PJLC,Male,0,No,No,41,Yes,Yes,DSL,No,No,No,No,No,Yes,Month-to-month,Yes,Electronic check,58.88,2348.72,Yes
12445-QEOY,Male,0,Yes,No,27,Yes,Yes,DSL,No,Yes,No,No,No,Yes,One year,Yes,Credit card (automatic),63.78,1675.49,No
12446-ZWXY,Female,1,Yes,No,56,Yes,Yes,DSL,No,No,No,No,Yes,Yes,One year,No,Electronic check,58.54,3183.35,No
12447-JRAD,Male,0,No,No,59,Yes,No,Fiber optic,No,Yes,No,Yes,No,Yes,Two year,Yes,Credit card (automatic),86.83,5225.25,No
12448-BIDR,Male,1,Yes,No,71,Yes,No,DSL,Yes,No,Yes,No,Yes,Yes,Month-to-month,No,Electronic check,66.19,4564.42,Yes
12449-DUQW,Male,0,No,No,32,Yes,Yes,Fiber optic,No,No,No,No,No,Yes,One year,No,Electronic check,81.4,2630.38,Yes
12450-SEFW,Male,0,Yes,Yes,8,Yes,No,Fiber optic,No,No,Yes,Yes,Yes,No,Month-to-month,Yes,Credit card (automatic),91.8,716.56,Yes
12451-RWXV,Female,0,Yes,No,35,No,No phone service,No,No internet service,No internet service,No internet service,No internet service,No internet service,No internet service,Month-to-month,Yes,Bank transfer (automatic),20.41,725.05,Yes
12452-WRXS,Female,0,No,No,32,Yes,No,No,No internet service,No internet service,No internet service,No internet service,No internet service,No internet service,Month-to-month,No,Electronic check,22.67,713.72,No
12453-HJGZ,Female,0,No,No,15,Yes,No,DSL,No,No,Yes,Yes,Yes,Yes,Two year,Yes,Credit card (automatic),73.54,1097.95,No
12454-TMBV,Male,0,No,No,43,Yes,No,DSL,Yes,Yes,Yes,Yes,Yes,Yes,One year,Yes,Bank transfer (automatic),81.51,3585.39,No
12455-BLRY,Male,1,Yes,No,30,Yes,No,Fiber optic,No,Yes,No,No,Yes,No,One year,Yes,Mailed check,86.83,2530.98,No
12456-STJQ,Male,0,No,Yes,64,Yes,Yes,No,No internet service,No internet service,No internet service,No internet service,No internet service,No internet service,Month-to-month,Yes,Bank transfer (automatic),28.78,1799.99,Yes
12457-RFVT,Male,0,No,No,4,Yes,Yes,DSL,No,Yes,No,Yes,Yes,Yes,Month-to-month,Yes,Bank transfer (automatic),74.25,292.38,Yes
12458-JGJO,Female,0,No,No,52,Yes,No,Fiber optic,Yes,No,Yes,No,No,Yes,Month-to-month,Yes,Electronic check,87.46,4429.40,Yes
12459-ERWZ,Female,0,No,Yes,44,Yes,Yes,DSL,No,Yes,Yes,Yes,No,No,Month-to-month,Yes,Credit card (automatic),67.59,3014.24,No
12460-SDYU,Female,0,No,Yes,17,Yes,Yes,DSL,No,Yes,No,Yes,No,No,Month-to-month,No,Credit card (automatic),65.98,1121.97,No
12461-VYAO,Male,0,No,No,26,Yes,No,DSL,Yes,Yes,No,No,Yes,Yes,Month-to-month,No,Bank transfer (automatic),70.74,1857.07,No
12462-ZTRX,Female,0,No,No,62,Yes,No,No,No internet service,No internet service,No internet service,No internet service,No internet service,No internet service,Month-to-month,No,Mailed check,19.09,1190.36,No
12463-ZQXP,Male,0,No,No,27,Yes,Yes,Fiber optic,No,Yes,Yes,No,No,Yes,Two year,Yes,Credit card (automatic),94.67,2516.76,Yes
12464-OKNR,Male,0,No,No,48,Yes,No,Fiber optic,No,No,No,Yes,Yes,No,One year,Yes,Electronic check,85.35,4200.11,No
12465-FSPU,Female,1,No,No,37,Yes,No,Fiber optic,Yes,Yes,No,No,Yes,No,Two year,No,Credit card (automatic),92.64,3396.20,No
12466-KPWW,Male,0,No,Yes,65,Yes,Yes,Fiber optic,Yes,Yes,Yes,No,Yes,No,Two year,No,Credit card (automatic),105.5,6844.78,No
12467-HDDT,Male,0,Yes,No,48,Yes,Yes,DSL,Yes,Yes,No,Yes,Yes,Yes,Month-to-month,Yes,Mailed check,83.91,3979.39,No
12468-QHTH,Female,1,Yes,No,61,No,No phone service,No,No internet service,No internet service,No internet service,No internet service,No internet service,No internet service,Two year,Yes,Bank transfer (automatic),21.0,1254.40,No
12469-QYQM,Male,0,Yes,No,66,Yes,Yes,DSL,Yes,Yes,No,No,Yes,No,One year,No,Bank transfer (automatic),65.41,4320.10,No
12470-HCRZ,Female,0,No,No,10,Yes,Yes,No,No internet service,No internet service,No internet service,No internet service,No internet service,No internet service,Two year,No,Credit card (automatic),24.61,239.93,No
12471-LFHZ,Male,0,Yes,Yes,61,Yes,Yes,No,No internet service,No internet service,No internet service,No internet service,No internet service,No internet service,Two year,No,Credit card (automatic),27.84,1724.03,No
12472-ZTVQ,Female,0,Yes,No,70,Yes,Yes,Fiber optic,No,Yes,No,No,Yes,Yes,Two year,No,Bank transfer (automatic),93.53,6502.74,No
12473-LVEO,Male,1,No,No,3,Yes,No,Fiber optic,Yes,No,No,Yes,Yes,Yes,One year,Yes,Credit card (automatic),95.03,291.24,Yes
12474-PEIU,Male,0,Yes,No,33,Yes,Yes,No,No internet service,No internet service,No internet service,No internet service,No internet service,No internet service,Month-to-month,No,Electronic check,21.17,678.30,No
12475-PLKK,Female,0,No,Yes,19,Yes,Yes,DSL,No,No,Yes,Yes,Yes,No,Month-to-month,Yes,Mailed check,68.39,1303.34,Yes
12476-EPXU,Male,1,No,Yes,71,Yes,Yes,Fiber optic,Yes,Yes,No,No,No,Yes,Two year,Yes,Credit card (automatic),91.08,6522.82,No
12477-TCPW,Female,0,Yes,No,26,Yes,No,DSL,No,No,No,Yes,Yes,No,Month-to-month,Yes,Bank transfer (automatic),58.37,1498.61,No
12478-UHRD,Male,1,Yes,No,14,Yes,No,Fiber optic,Yes,Yes,No,Yes,No,Yes,Month-to-month,No,Bank transfer (automatic),95.07,1301.13,No
12479-BIRC,Female,0,No,No,7,Yes,No,Fiber optic,Yes,No,Yes,Yes,Yes,No,Month-to-month,Yes,Mailed check,90.0,623.60,Yes
12480-TMXE,Female,0,No,No,58,Yes,Yes,DSL,Yes,Yes,Yes,No,No,No,Month-to-month,Yes,Mailed check,66.5,3853.04,No
12481-HYAA,Male,0,Yes,Yes,5,Yes,Yes,DSL,No,No,No,No,No,No,One year,No,Electronic check,52.17,256.55,No
12482-AGSX,Male,0,Yes,No,22,Yes,No,Fiber optic,No,Yes,No,Yes,Yes,Yes,Two year,Yes,Bank transfer (automatic),93.9,2119.02,No
12483-DNDL,Female,0,No,No,40,Yes,No,No,No internet service,No internet service,No internet service,No internet service,No internet service,No internet service,Month-to-month,Yes,Bank transfer (automatic),18.25,725.10,No
12484-HWMM,Female,0,No,Yes,4,Yes,Yes,Fiber optic,No,Yes,Yes,Yes,No,No,Month-to-month,Yes,Credit card (automatic),88.92,352.56,Yes
12485-MUJE,Male,0,No,No,13,Yes,No,Fiber optic,No,No,No,Yes,Yes,Yes,Month-to-month,Yes,Mailed check,88.76,1166.86,Yes
12486-WVIJ,Male,0,Yes,Yes,72,Yes,Yes,No,No internet service,No internet service,No internet service,No internet service,No internet service,No internet service,One year,No,Mailed check,28.6,2118.47,No
12487-JWWX,Female,0,No,No,33,Yes,No,No,No internet service,No internet service,No internet service,No internet service,No internet service,No internet service,Month-to-month,Yes,Mailed check,18.66,613.85,Yes
12488-VMXP,Female,0,No,No,22,Yes,Yes,Fiber optic,No,No,Yes,No,No,Yes,Month-to-month,Yes,Credit card (automatic),86.77,1962.43,Yes
12489-HNQQ,Male,0,Yes,Yes,63,Yes,No,Fiber optic,Yes,Yes,No,Yes,No,Yes,Month-to-month,No,Bank transfer (automatic),102.36,6328.45,No
12490-VSRH,Male,1,No,No,6,No,No phone service,Fiber optic,Yes,Yes,No,No,No,Yes,Month-to-month,Yes,Mailed check,89.17,540.81,Yes
12491-NJEP,Female,0,No,No,20,Yes,Yes,DSL,Yes,Yes,No,No,Yes,Yes,Month-to-month,No,Electronic check,71.63,1446.17,No
12492-IJAI,Male,1,No,Yes,62,Yes,Yes,No,No internet service,No internet service,No internet service,No internet service,No internet service,No internet service,One year,Yes,Credit card (automatic),26.26,1634.19,No
12493-UJRB,Male,1,No,No,55,No,No phone service,DSL,Yes,No,No,Yes,Yes,Yes,Two year,Yes,Bank transfer (automatic),78.07,4316.29,No
12494-EEYT,Female,0,Yes,No,32,Yes,Yes,Fiber optic,Yes,No,No,No,Yes,No,Month-to-month,No,Electronic check,83.22,2604.89,Yes
12495-NAJB,Male,0,No,No,71,Yes,No,No,No internet service,No internet service,No internet service,No internet service,No internet service,No internet service,Month-to-month,Yes,Electronic check,21.86,1597.60,Yes
12496-WKFX,Female,0,Yes,Yes,42,Yes,Yes,Fiber optic,No,No,Yes,Yes,Yes,Yes,Two year,No,Mailed check,105.43,4368.71,No
12497-BNOF,Male,0,No,No,54,Yes,Yes,DSL,No,Yes,No,No,No,No,Two year,No,Bank transfer (automatic),56.85,3132.45,No
12498-ZPCY,Female,0,Yes,Yes,71,Yes,Yes,DSL,Yes,No,Yes,No,No,Yes,Two year,Yes,Electronic check,73.38,5336.81,No
12499-AAKH,Male,1,Yes,Yes,37,Yes,Yes,Fiber optic,Yes,No,No,No,No,Yes,Month-to-month,Yes,Electronic check,91.8,3480.78,Yes
12500-SPIE,Female,1,No,Yes,35,Yes,No,DSL,Yes,No,No,No,Yes,No,Month-to-month,No,Bank transfer (automatic),56.01,1929.04,No
12501-VCPI,Male,0,Yes,Yes,48,Yes,Yes,DSL,Yes,Yes,Yes,No,Yes,Yes,Two year,No,Electronic check,83.9,3947.48,No
12502-UDYE,Male,0,No,No,5,Yes,No,DSL,Yes,Yes,No,No,No,Yes,Month-to-month,No,Mailed check,67.35,335.38,Yes
12503-YGXD,Female,0,Yes,No,31,Yes,Yes,Fiber optic,No,No,No,No,Yes,Yes,Month-to-month,Yes,Credit card (automatic),89.39,2696.84,Yes
12504-LKWJ,Female,0,Yes,No,50,Yes,Yes,Fiber optic,No,No,Yes,No,No,No,Month-to-month,Yes,Mailed check,84.2,4172.85,Yes
12505-PKBN,Female,0,Yes,No,28,Yes,Yes,DSL,No,No,No,No,No,Yes,Month-to-month,Yes,Electronic check,54.16,1488.57,Yes
12506-TOHY,Male,0,Yes,Yes,52,Yes,Yes,Fiber optic,No,No,No,Yes,Yes,Yes,Month-to-month,Yes,Mailed check,94.0,5020.61,No
12507-TSJG,Male,0,Yes,No,30,Yes,Yes,Fiber optic,Yes,No,Yes,Yes,Yes,Yes,One year,No,Electronic check,105.57,3254.95,Yes
12508-KFCG,Female,0,Yes,No,14,Yes,Yes,Fiber optic,No,Yes,No,No,No,No,Month-to-month,No,Credit card (automatic),80.06,1114.43,No
12509-IDKJ,Female,1,No,Yes,11,Yes,No,No,No internet service,No internet service,No internet service,No internet service,No internet service,No internet service,Month-to-month,No,Mailed check,22.96,259.91,Yes
12510-SQXG,Male,0,No,No,40,Yes,No,DSL,No,Yes,Yes,No,Yes,No,Month-to-month,No,Mailed check,61.83,2409.24,No
12511-VSJF,Female,1,Yes,Yes,14,Yes,No,Fiber optic,Yes,No,No,No,Yes,No,Two year,Yes,Mailed check,86.39,1228.85,No
12512-UZSJ,Female,0,Yes,No,27,Yes,Yes,DSL,Yes,Yes,No,No,Yes,Yes,Two year,Yes,Electronic check,74.38,1960.57,No
12513-IAJM,Female,0,Yes,No,38,Yes,No,DSL,Yes,Yes,Yes,Yes,Yes,No,Month-to-month,No,Electronic check,76.86,2873.12,No
12514-KPSQ,Female,1,Yes,Yes,4,Yes,No,Fiber optic,No,No,No,No,No,No,Month-to-month,Yes,Mailed check,71.02,280.20,No
12515-UYYA,Female,0,Yes,No,31,Yes,Yes,Fiber optic,No,Yes,No,No,Yes,Yes,Two year,Yes,Bank transfer (automatic),97.93,2961.09,Yes
12516-CJXT,Female,0,No,No,23,Yes,Yes,Fiber optic,Yes,Yes,Yes,No,Yes,No,Month-to-month,Yes,Bank transfer (automatic),94.82,2218.31,Yes
12517-EOXB,Female,0,No,Yes,23,Yes,No,No,No internet service,No internet service,No internet service,No internet service,No internet service,No internet service,Month-to-month,Yes,Electronic check,21.68,511.69,No
12518-RUUG,Female,0,No,No,66,No,No phone service,No,No internet service,No internet service,No internet service,No internet service,No internet service,No internet service,Month-to-month,Yes,Credit card (automatic),19.05,1250.32,No
12519-LPKX,Female,0,No,No,67,Yes,Yes,DSL,No,Yes,Yes,Yes,No,Yes,Month-to-month,No,Electronic check,79.81,5302.97,No
12520-MGRQ,Male,0,No,Yes,22,Yes,No,Fiber optic,Yes,No,No,No,Yes,Yes,Two year,Yes,Credit card (automatic),90.76,1964.67,No
12521-KXGU,Female,0,Yes,Yes,64,Yes,No,Fiber optic,No,No,No,Yes,Yes,No,Month-to-month,Yes,Mailed check,80.19,4986.19,Yes
12522-AZSM,Female,0,Yes,No,17,Yes,No,Fiber optic,Yes,No,No,No,Yes,Yes,Month-to-month,No,Mailed check,86.29,1432.20,Yes
12523-PSZU,Female,0,No,No,25,Yes,Yes,Fiber optic,Yes,No,Yes,Yes,No,No,One year,Yes,Mailed check,96.77,2359.43,Yes
12524-VVYI,Female,0,Yes,No,68,Yes,Yes,No,No internet service,No internet service,No internet service,No internet service,No internet service,No internet service,Month-to-month,No,Bank transfer (automatic),27.19,1898.16,Yes
12525-GAWL,Male,0,Yes,No,8,Yes,Yes,Fiber optic,Yes,No,Yes,Yes,No,No,Two year,No,Electronic check,99.82,815.55,No
12526-PCBT,Female,1,No,No,28,Yes,No,No,No internet service,No internet service,No internet service,No internet service,No internet service,No internet service,Month-to-month,No,Bank transfer (automatic),18.31,519.43,No
12527-STBG,Male,0,Yes,No,58,Yes,Yes,Fiber optic,No,Yes,Yes,No,No,Yes,Month-to-month,Yes,Mailed check,94.35,5493.23,No
12528-DCQH,Male,0,Yes,No,68,Yes,No,No,No internet service,No internet service,No internet service,No internet service,No internet service,No internet service,Two year,No,Bank transfer (automatic),22.87,1596.72,No
12529-UOSF,Male,0,No,Yes,69,Yes,No,Fiber optic,No,Yes,No,No,No,Yes,Month-to-month,No,Mailed check,86.78,5955.60,Yes
12530-IGTL,Female,1,Yes,Yes,64,Yes,No,DSL,Yes,No,Yes,No,No,Yes,Month-to-month,No,Credit card (automatic),62.44,4021.57,No
12531-QING,Female,0,Yes,Yes,70,Yes,No,Fiber optic,No,Yes,Yes,No,No,Yes,One year,Yes,Credit card (automatic),86.97,6068.22,No
12532-EFNF,Female,0,Yes,No,34,Yes,Yes,Fiber optic,No,No,No,No,Yes,Yes,Month-to-month,Yes,Mailed check,89.82,3131.48,Yes
12533-HRMO,Male,1,Yes,No,24,No,No phone service,DSL,Yes,No,Yes,Yes,Yes,Yes,Month-to-month,Yes,Electronic check,79.81,1888.74,No
12534-XSYV,Male,0,No,No,28,Yes,No,Fiber optic,Yes,No,No,Yes,Yes,No,Month-to-month,Yes,Electronic check,92.18,2611.18,Yes
12535-XBJO,Female,1,No,No,9,Yes,No,No,No internet service,No internet service,No internet service,No internet service,No internet service,No internet service,One year,Yes,Mailed check,22.64,205.54,No
12536-EESV,Male,0,Yes,No,10,Yes,No,No,No internet service,No internet service,No internet service,No internet service,No internet service,No internet service,One year,Yes,Bank transfer (automatic),19.6,194.63,No
12537-RKZH,Female,0,Yes,Yes,71,Yes,No,Fiber optic,No,No,No,Yes,Yes,Yes,Month-to-month,Yes,Bank transfer (automatic),90.53,6487.23,Yes
12538-WTXX,Female,1,Yes,No,14,Yes,No,Fiber optic,No,No,Yes,No,No,No,One year,Yes,Bank transfer (automatic),78.05,1093.67,No
12539-PWXZ,Female,1,No,No,45,No,No phone service,No,No internet service,No internet service,No internet service,No internet service,No internet service,No internet service,Two year,No,Electronic check,18.8,822.00,No
12540-GSRF,Male,0,Yes,No,17,Yes,No,No,No internet service,No internet service,No internet service,No internet service,No internet service,No internet service,Two year,No,Mailed check,21.75,375.03,No
12541-EXBG,Male,0,Yes,No,48,Yes,Yes,DSL,Yes,Yes,Yes,Yes,Yes,Yes,One year,Yes,Bank transfer (automatic),93.68,4416.68,Yes
12542-ZIBB,Male,0,No,Yes,34,Yes,Yes,DSL,No,No,No,No,No,Yes,Month-to-month,No,Credit card (automatic),61.89,2138.17,No
12543-XSVN,Female,0,No,No,8,Yes,No,DSL,No,No,No,No,Yes,Yes,One year,Yes,Bank transfer (automatic),58.37,459.39,No
12544-SZKA,Male,0,No,No,27,Yes,No,Fiber optic,No,Yes,Yes,Yes,Yes,Yes,Two year,Yes,Electronic check,101.94,2744.96,Yes
12545-NXBK,Female,0,No,No,53,Yes,No,No,No internet service,No internet service,No internet service,No internet service,No internet service,No internet service,Month-to-month,Yes,Mailed check,21.67,1133.05,No
12546-URLP,Male,0,No,No,58,No,No phone service,DSL,Yes,No,No,Yes,No,Yes,Month-to-month,Yes,Electronic check,63.63,3606.28,Yes
12547-MAXH,Male,0,No,No,21,Yes,Yes,Fiber optic,Yes,No,No,No,No,No,Month-to-month,No,Bank transfer (automatic),88.82,1812.88,No
12548-ULAI,Male,0,No,Yes,22,Yes,No,DSL,Yes,No,No,No,Yes,Yes,Two year,Yes,Mailed check,63.51,1433.27,No
12549-RAXN,Female,0,Yes,No,53,Yes,Yes,DSL,No,Yes,No,No,Yes,Yes,Two year,Yes,Electronic check,71.71,3714.66,No
12550-QHTV,Female,0,Yes,Yes,31,Yes,Yes,Fiber optic,Yes,No,No,No,No,Yes,Month-to-month,No,Electronic check,88.57,2744.29,Yes
12551-XBFV,Male,0,Yes,Yes,6,Yes,Yes,Fiber optic,Yes,Yes,No,Yes,No,No,Two year,Yes,Electronic check,97.44,569.97,Yes
12552-RUFG,Female,0,No,Yes,9,Yes,No,DSL,No,Yes,Yes,Yes,No,Yes,One year,No,Credit card (automatic),70.4,647.95,No
12553-ZNSI,Female,0,No,No,27,Yes,Yes,DSL,No,No,No,Yes,No,No,Two year,No,Electronic check,56.0,1517.49,Yes
12554-SCFJ,Female,0,No,No,20,Yes,Yes,Fiber optic,No,No,No,Yes,No,No,Two year,No,Mailed check,86.22,1699.05,No
12555-IUUB,Female,0,Yes,No,9,Yes,No,No,No internet service,No internet service,No internet service,No internet service,No internet service,No internet service,Month-to-month,No,Bank transfer (automatic),19.32,178.71,Yes
12556-NNXA,Male,0,No,No,57,Yes,No,No,No internet service,No internet service,No internet service,No internet service,No internet service,No internet service,Month-to-month,No,Credit card (automatic),18.25,1034.85,No
12557-HFYG,Male,0,Yes,Yes,34,Yes,Yes,Fiber optic,No,No,No,Yes,No,No,Month-to-month,Yes,Credit card (automatic),78.19,2622.00,Yes
12558-WDVJ,Female,0,Yes,No,51,Yes,No,No,No internet service,No internet service,No internet service,No internet service,No internet service,No internet service,One year,Yes,Electronic check,18.29,951.93,No
12559-MVIZ,Male,0,No,No,1,Yes,No,Fiber optic,Yes,No,Yes,No,Yes,No,One year,Yes,Electronic check,87.67,89.21,Yes
12560-HBLM,Male,0,No,Yes,29,No,No phone service,DSL,Yes,Yes,No,Yes,No,Yes,Month-to-month,Yes,Bank transfer (automatic),72.08,2069.26,Yes
12561-WVIH,Male,0,No,No,35,Yes,Yes,Fiber optic,No,Yes,No,Yes,Yes,Yes,Month-to-month,Yes,Mailed check,104.53,3600.72,No
12562-LZML,Female,0,Yes,No,42,Yes,No,No,No internet service,No internet service,No internet service,No internet service,No internet service,No internet service,Month-to-month,Yes,Mailed check,21.73,939.64,Yes
12563-CQXR,Male,0,Yes,No,70,No,No phone service,Fiber optic,No,No,No,No,Yes,No,Month-to-month,Yes,Bank transfer (automatic),74.92,5300.95,Yes
12564-IJXE,Male,0,Yes,No,34,Yes,No,No,No internet service,No internet service,No internet service,No internet service,No internet service,No internet service,Two year,Yes,Credit card (automatic),19.12,652.29,No
12565-CEHY,Female,0,Yes,No,36,Yes,No,Fiber optic,Yes,No,No,Yes,No,Yes,One year,No,Electronic check,89.6,3239.87,No
12566-BOIG,Male,0,No,No,65,Yes,Yes,No,No internet service,No internet service,No internet service,No internet service,No internet service,No internet service,Two year,Yes,Bank transfer (automatic),25.97,1645.87,No
12567-HBXB,Male,0,Yes,No,29,Yes,Yes,Fiber optic,Yes,Yes,Yes,Yes,Yes,No,Month-to-month,Yes,Bank transfer (automatic),110.76,3284.46,Yes
12568-MAHF,Male,0,Yes,Yes,29,Yes,Yes,No,No internet service,No internet service,No internet service,No internet service,No internet service,No internet service,Month-to-month,Yes,Bank transfer (automatic),30.76,893.54,No
12569-XAXW,Male,0,Yes,No,12,Yes,No,No,No internet service,No internet service,No internet service,No internet service,No internet service,No internet service,Month-to-month,Yes,Mailed check,18.25,221.90,Yes
12570-WEOI,Female,0,No,No,52,No,No phone service,DSL,No,Yes,Yes,No,No,No,Month-to-month,No,Credit card (automatic),52.01,2651.41,Yes
12571-CYLK,Female,0,No,No,2,Yes,Yes,Fiber optic,No,No,No,No,Yes,Yes,One year,Yes,Electronic check,94.3,193.95,No
12572-YRKT,Male,0,Yes,No,16,Yes,Yes,DSL,No,Yes,Yes,No,Yes,Yes,One year,Yes,Credit card (automatic),77.28,1235.34,No
12573-YYPS,Female,0,Yes,Yes,31,Yes,Yes,No,No internet service,No internet service,No internet service,No internet service,No internet service,No internet service,Month-to-month,Yes,Bank transfer (automatic),25.81,810.63,Yes
12574-KTHN,Female,0,No,No,32,Yes,No,Fiber optic,Yes,Yes,Yes,Yes,Yes,Yes,Month-to-month,Yes,Credit card (automatic),100.21,3152.63,Yes
12575-WMWE,Female,0,No,No,3,Yes,Yes,DSL,Yes,Yes,No,No,Yes,No,One year,Yes,Credit card (automatic),71.17,215.70,Yes
12576-LATF,Female,0,Yes,No,39,No,No phone service,Fiber optic,Yes,No,Yes,No,Yes,Yes,Two year,No,Bank transfer (automatic),97.55,3714.54,No
12577-ETJD,Female,1,Yes,Yes,70,Yes,Yes,DSL,Yes,Yes,Yes,No,No,Yes,Month-to-month,Yes,Electronic check,75.86,5458.38,No
12578-NCXJ,Male,0,No,Yes,8,Yes,No,Fiber optic,Yes,No,No,Yes,No,Yes,One year,No,Bank transfer (automatic),93.48,753.84,No
12579-LWYR,Male,0,No,No,36,Yes,No,DSL,Yes,Yes,Yes,Yes,No,Yes,Month-to-month,No,Electronic check,74.73,2639.43,Yes
12580-GZGQ,Female,0,Yes,No,43,Yes,No,No,No internet service,No internet service,No internet service,No internet service,No internet service,No internet service,One year,Yes,Mailed check,18.25,799.76,No
12581-AOYU,Female,0,Yes,No,24,Yes,Yes,Fiber optic,No,Yes,Yes,Yes,No,No,One year,Yes,Mailed check,98.82,2422.00,No
12582-CCRM,Female,0,Yes,No,42,Yes,Yes,No,No internet service,No internet service,No internet service,No internet service,No internet service,No internet service,One year,Yes,Credit card (automatic),26.13,1089.74,No
12583-GUOD,Male,0,Yes,No,25,Yes,No,DSL,No,No,No,No,No,Yes,Month-to-month,Yes,Credit card (automatic),46.57,1193.31,No
12584-ZWPQ,Male,0,Yes,Yes,12,Yes,No,Fiber optic,No,No,No,Yes,Yes,Yes,Month-to-month,Yes,Bank transfer (automatic),87.67,1082.64,No
12585-OSOL,Female,0,Yes,No,61,Yes,Yes,No,No internet service,No internet service,No internet service,No internet service,No internet service,No internet service,Two year,No,Electronic check,28.56,1746.83,No
12586-AOES,Male,0,Yes,No,72,Yes,No,Fiber optic,Yes,Yes,Yes,Yes,No,Yes,Month-to-month,No,Mailed check,105.1,7601.52,No
12587-WTGC,Female,0,Yes,Yes,28,Yes,No,DSL,Yes,No,Yes,No,Yes,No,Month-to-month,No,Electronic check,61.95,1689.85,No
12588-PTGJ,Female,1,No,No,7,No,No phone service,No,No internet service,No internet service,No internet service,No internet service,No internet service,No internet service,Month-to-month,Yes,Credit card (automatic),19.53,137.37,Yes
12589-KUWG,Female,0,Yes,Yes,12,No,No phone service,DSL,No,No,No,Yes,Yes,Yes,Two year,Yes,Electronic check,63.36,744.77,No
12590-LINH,Male,0,No,No,65,Yes,Yes,DSL,No,No,No,Yes,No,Yes,Month-to-month,Yes,Bank transfer (automatic),63.86,4211.66,No
12591-PKTX,Female,0,Yes,Yes,64,Yes,Yes,Fiber optic,Yes,No,No,Yes,Yes,No,Month-to-month,Yes,Mailed check,92.73,5907.94,Yes
12592-QVEB,Female,0,No,No,36,Yes,Yes,Fiber optic,No,Yes,Yes,No,No,No,Month-to-month,Yes,Electronic check,87.63,3157.16,Yes
12593-PJES,Female,1,No,No,63,Yes,Yes,Fiber optic,Yes,Yes,No,No,No,Yes,Month-to-month,No,Bank transfer (automatic),101.01,6513.47,Yes
12594-RTVA,Female,0,No,Yes,17,Yes,No,DSL,No,Yes,Yes,No,No,No,One year,Yes,Electronic check,60.64,1038.27,No
12595-MBNL,Male,0,Yes,No,29,Yes,No,DSL,No,Yes,No,No,Yes,No,Month-to-month,Yes,Electronic check,58.25,1689.14,No
12596-GRYZ,Female,0,Yes,No,9,Yes,Yes,Fiber optic,No,No,Yes,Yes,Yes,No,Month-to-month,No,Electronic check,93.96,828.38,No
12597-WAJJ,Female,1,No,No,40,Yes,No,Fiber optic,No,Yes,Yes,No,Yes,Yes,Month-to-month,No,Mailed check,94.12,3869.34,Yes
12598-EGKR,Female,0,Yes,No,51,Yes,No,DSL,No,No,Yes,No,Yes,No,Two year,Yes,Credit card (automatic),55.26,2787.45,No
12599-GTWS,Female,1,Yes,No,70,Yes,Yes,Fiber optic,No,Yes,No,Yes,Yes,Yes,One year,No,Mailed check,106.76,7686.23,No
12600-ONVO,Male,1,Yes,No,55,Yes,Yes,No,No internet service,No internet service,No internet service,No internet service,No internet service,No internet service,Two year,No,Bank transfer (automatic),24.59,1385.82,No
12601-BDXB,Female,0,No,No,48,Yes,Yes,No,No internet service,No internet service,No internet service,No internet service,No internet service,No internet service,Month-to-month,Yes,Mailed check,28.13,1310.59,No
12602-PUFN,Male,1,No,No,49,Yes,No,No,No internet service,No internet service,No internet service,No internet service,No internet service,No internet service,Month-to-month,Yes,Electronic check,21.31,1029.34,No
12603-CFLG,Male,1,Yes,No,46,Yes,Yes,DSL,No,Yes,Yes,Yes,Yes,Yes,Month-to-month,No,Mailed check,79.45,3584.91,No
12604-WPKF,Female,0,No,No,31,Yes,No,Fiber optic,No,Yes,Yes,No,No,Yes,Month-to-month,No,Electronic check,90.45,2812.10,Yes
12605-XGYE,Male,0,No,No,37,Yes,No,No,No internet service,No internet service,No internet service,No internet service,No internet service,No internet service,Month-to-month,No,Bank transfer (automatic),21.99,795.84,No
12606-XUSR,Male,0,Yes,No,13,Yes,No,DSL,No,Yes,No,Yes,No,Yes,Month-to-month,No,Credit card (automatic),66.86,866.76,No
12607-GIUQ,Female,0,Yes,No,2,Yes,No,DSL,No,Yes,Yes,No,Yes,Yes,Two year,No,Mailed check,68.93,140.41,No
12608-DMBG,Female,0,Yes,No,57,Yes,No,DSL,No,Yes,Yes,No,Yes,No,Month-to-month,Yes,Bank transfer (automatic),65.7,3822.06,Yes
12609-DZOZ,Male,0,No,No,36,No,No phone service,Fiber optic,No,No,No,Yes,No,Yes,Month-to-month,No,Electronic check,81.49,2978.37,No
12610-YZAQ,Male,0,No,No,63,Yes,No,No,No internet service,No internet service,No internet service,No internet service,No internet service,No internet service,Month-to-month,No,Mailed check,22.41,1411.93,No
12611-DTTM,Male,0,No,No,9,Yes,Yes,Fiber optic,No,No,Yes,Yes,No,No,Two year,Yes,Bank transfer (automatic),90.95,823.50,No
12612-JEAM,Female,0,No,Yes,29,Yes,No,Fiber optic,Yes,Yes,Yes,No,No,Yes,Two year,No,Credit card (automatic),98.55,2898.03,No
12613-MLHI,Male,0,Yes,No,19,Yes,Yes,Fiber optic,Yes,No,Yes,No,Yes,No,Month-to-month,Yes,Bank transfer (automatic),89.83,1685.47,Yes
12614-GEVG,Female,0,No,Yes,61,No,No phone service,No,No internet service,No internet service,No internet service,No internet service,No internet service,No internet service,Two year,No,Electronic check,22.24,1326.45,No
12615-TDKL,Female,0,No,No,28,Yes,No,DSL,No,Yes,No,No,No,No,Month-to-month,No,Bank transfer (automatic),47.78,1311.60,No
12616-LXPX,Female,0,No,Yes,46,Yes,Yes,Fiber optic,Yes,Yes,Yes,No,No,Yes,One year,Yes,Credit card (automatic),101.74,4647.78,Yes
12617-MBTV,Male,0,Yes,Yes,7,Yes,Yes,No,No internet service,No internet service,No internet service,No internet service,No internet service,No internet service,One year,Yes,Mailed check,27.12,184.39,No
12618-EFST,Female,0,Yes,Yes,38,Yes,No,No,No internet service,No internet service,No internet service,No internet service,No internet service,No internet service,Two year,No,Bank transfer (automatic),22.05,855.87,No
12619-MOBL,Male,1,Yes,Yes,32,Yes,Yes,Fiber optic,Yes,Yes,No,Yes,Yes,No,Month-to-month,No,Bank transfer (automatic),102.41,3309.96,No
12620-DFXS,Male,0,Yes,No,44,Yes,No,DSL,Yes,Yes,No,Yes,Yes,No,Two year,Yes,Mailed check,69.04,3013.88,No
12621-IJNM,Male,0,No,Yes,43,Yes,Yes,No,No internet service,No internet service,No internet service,No internet service,No internet service,No internet service,One year,Yes,Bank transfer (automatic),25.56,1089.29,No
12622-RPKF,Male,0,No,Yes,8,Yes,Yes,No,No internet service,No internet service,No internet service,No internet service,No internet service,No internet service,Month-to-month,Yes,Bank transfer (automatic),25.97,206.84,No
12623-NHSX,Female,0,No,No,4,Yes,Yes,DSL,Yes,No,Yes,No,Yes,No,Two year,No,Electronic check,73.63,294.43,No
12624-FJMO,Male,0,Yes,No,10,Yes,No,DSL,No,No,Yes,Yes,Yes,No,Two year,Yes,Electronic check,68.83,683.24,Yes
12625-JZPM,Female,0,Yes,No,16,Yes,Yes,DSL,Yes,No,No,Yes,No,Yes,One year,Yes,Electronic check,71.4,1175.50,No
12626-CHUU,Male,0,Yes,No,53,Yes,Yes,Fiber optic,No,Yes,No,Yes,Yes,No,Two year,Yes,Mailed check,101.52,5230.35,No
12627-LJJE,Male,0,No,Yes,20,Yes,Yes,DSL,Yes,No,Yes,Yes,Yes,Yes,One year,Yes,Credit card (automatic),82.87,1675.75,Yes
12628-AITE,Male,0,No,No,70,Yes,No,DSL,Yes,No,No,No,No,No,Two year,No,Credit card (automatic),49.61,3491.67,No
12629-EUXW,Male,0,Yes,No,7,No,No phone service,No,No internet service,No internet service,No internet service,No internet service,No internet service,No internet service,One year,Yes,Bank transfer (automatic),21.3,148.09,No
12630-PFRV,Male,0,No,No,37,Yes,No,DSL,Yes,Yes,No,Yes,No,No,One year,No,Electronic check,62.87,2260.15,No
12631-CNRZ,Female,1,No,No,52,No,No phone service,No,No internet service,No internet service,No internet service,No internet service,No internet service,No internet service,Month-to-month,No,Electronic check,18.25,962.21,No
12632-BGNT,Female,0,Yes,No,4,Yes,Yes,Fiber optic,No,Yes,No,Yes,No,No,Month-to-month,No,Electronic check,92.4,359.19,Yes
12633-QBSY,Male,1,Yes,No,38,Yes,Yes,Fiber optic,No,No,Yes,Yes,No,No,Month-to-month,No,Mailed check,86.64,3335.30,Yes
12634-YOOX,Female,0,Yes,No,5,Yes,Yes,No,No internet service,No internet service,No internet service,No internet service,No internet service,No internet service,Two year,No,Bank transfer (automatic),24.1,121.62,No
12635-DOBX,Female,0,Yes,No,57,Yes,No,DSL,Yes,Yes,Yes,Yes,No,Yes,Month-to-month,No,Credit card (automatic),73.11,4112.99,No
12636-PRFS,Male,0,No,Yes,34,Yes,No,DSL,Yes,Yes,Yes,Yes,Yes,Yes,Month-to-month,No,Electronic check,83.4,2781.28,No
12637-OQTI,Male,0,Yes,No,63,Yes,Yes,Fiber optic,Yes,Yes,No,No,No,Yes,Month-to-month,No,Electronic check,96.84,6115.56,Yes
12638-UMKY,Male,0,No,No,48,Yes,Yes,Fiber optic,No,No,Yes,No,No,No,Two year,No,Electronic check,85.61,4061.27,No
12639-FAPA,Female,1,No,No,23,Yes,No,Fiber optic,Yes,Yes,No,No,Yes,No,Two year,No,Mailed check,87.99,2059.93,No
12640-IKOQ,Female,0,No,No,12,Yes,No,No,No internet service,No internet service,No internet service,No internet service,No internet service,No internet service,Month-to-month,Yes,Electronic check,19.67,232.26,No
12641-SEUJ,Male,0,No,No,12,Yes,No,No,No internet service,No internet service,No internet service,No internet service,No internet service,No internet service,One year,Yes,Credit card (automatic),21.34,262.94,No
12642-NRSJ,Female,0,Yes,No,3,Yes,Yes,DSL,Yes,No,No,Yes,Yes,No,One year,No,Bank transfer (automatic),71.24,208.52,No
12643-YEZG,Female,0,No,No,22,Yes,Yes,DSL,Yes,No,No,No,Yes,Yes,Month-to-month,Yes,Bank transfer (automatic),76.77,1663.14,Yes
12644-XMAB,Female,0,Yes,Yes,53,Yes,No,Fiber optic,No,No,Yes,No,No,No,Month-to-month,No,Credit card (automatic),77.32,4094.98,No
12645-XJDQ,Male,0,No,No,26,Yes,Yes,No,No internet service,No internet service,No internet service,No internet service,No internet service,No internet service,Month-to-month,Yes,Bank transfer (automatic),24.67,640.14,Yes
12646-NGKD,Female,0,No,Yes,11,Yes,Yes,DSL,Yes,No,No,No,Yes,Yes,Month-to-month,No,Credit card (automatic),68.66,772.76,Yes
12647-SXCK,Female,0,Yes,No,6,No,No phone service,Fiber optic,No,Yes,No,No,Yes,Yes,Month-to-month,No,Bank transfer (automatic),94.34,549.73,Yes
12648-KEXC,Female,0,Yes,No,32,Yes,Yes,DSL,Yes,Yes,Yes,No,Yes,No,Month-to-month,Yes,Electronic check,82.56,2688.55,Yes
12649-HBZQ,Female,0,No,No,16,Yes,No,No,No internet service,No internet service,No internet service,No internet service,No internet service,No internet service,Two year,Yes,Electronic check,22.11,346.33,No
12650-HYDI,Female,0,No,No,53,Yes,No,DSL,Yes,Yes,Yes,No,No,Yes,Month-to-month,No,Credit card (automatic),76.15,3968.98,No
12651-PVPY,Female,0,No,No,25,Yes,Yes,Fiber optic,No,No,No,No,Yes,No,Month-to-month,Yes,Mailed check,82.48,2008.67,Yes
12652-MWQL,Male,1,Yes,No,10,Yes,Yes,DSL,No,Yes,No,Yes,No,No,Month-to-month,No,Mailed check,61.4,619.82,Yes
12653-ZLNU,Male,1,No,No,20,Yes,No,Fiber optic,No,No,No,No,No,Yes,Month-to-month,Yes,Electronic check,80.18,1595.18,No
12654-OIXY,Male,0,No,No,32,Yes,No,Fiber optic,Yes,Yes,Yes,No,Yes,No,Month-to-month,Yes,Electronic check,94.03,2965.16,Yes
12655-OFZO,Male,0,Yes,No,3,Yes,Yes,Fiber optic,No,Yes,Yes,No,Yes,No,Month-to-month,Yes,Mailed check,94.95,290.62,Yes
12656-FNMN,Female,0,No,Yes,9,Yes,No,DSL,Yes,Yes,Yes,Yes,Yes,Yes,Month-to-month,No,Bank transfer (automatic),79.27,732.47,Yes
12657-SPDM,Female,0,No,Yes,70,No,No phone service,DSL,Yes,Yes,Yes,Yes,No,Yes,Month-to-month,No,Credit card (automatic),78.3,5490.04,No
12658-KTTX,Female,0,No,No,26,Yes,No,DSL,No,Yes,Yes,No,No,No,One year,No,Electronic check,58.06,1536.79,No
12659-HZNJ,Female,0,Yes,No,54,Yes,Yes,No,No internet service,No internet service,No internet service,No internet service,No internet service,No internet service,Two year,No,Mailed check,23.29,1225.77,No
12660-YGND,Male,0,Yes,No,66,Yes,Yes,Fiber optic,Yes,No,No,Yes,Yes,No,Month-to-month,Yes,Credit card (automatic),103.96,6938.65,Yes
12661-KCTD,Male,1,No,No,9,Yes,No,DSL,No,Yes,Yes,No,No,No,Month-to-month,No,Bank transfer (automatic),55.02,493.95,Yes
12662-RSIB,Female,0,No,Yes,50,Yes,Yes,DSL,No,Yes,Yes,No,No,No,Month-to-month,Yes,Electronic check,70.42,3570.94,Yes
12663-FPYC,Male,1,Yes,No,60,Yes,Yes,Fiber optic,No,Yes,Yes,Yes,No,No,Month-to-month,No,Credit card (automatic),98.63,5786.15,No
12664-UBMA,Female,0,No,No,2,Yes,Yes,DSL,No,No,No,Yes,No,No,Month-to-month,Yes,Electronic check,53.5,109.69,Yes
12665-DFEZ,Male,0,Yes,No,23,Yes,No,No,No internet service,No internet service,No internet service,No internet service,No internet service,No internet service,Month-to-month,Yes,Bank transfer (automatic),21.94,516.13,No
12666-YBGS,Male,0,No,No,10,Yes,No,Fiber optic,No,Yes,No,No,No,Yes,Two year,No,Credit card (automatic),85.93,853.01,No
12667-NAKO,Female,0,Yes,Yes,3,No,No phone service,Fiber optic,No,Yes,No,No,No,Yes,One year,No,Electronic check,86.17,252.55,No
12668-MDAA,Female,0,Yes,No,22,Yes,Yes,Fiber optic,Yes,Yes,Yes,Yes,No,Yes,Two year,No,Mailed check,111.16,2419.29,No
12669-TLYL,Female,0,No,No,14,Yes,Yes,No,No internet service,No internet service,No internet service,No internet service,No internet service,No internet service,Month-to-month,Yes,Mailed check,26.07,371.45,Yes
12670-TAFA,Male,0,Yes,No,65,Yes,No,Fiber optic,No,Yes,No,No,No,Yes,Two year,No,Mailed check,80.91,5125.35,No
12671-QFDW,Female,0,No,Yes,18,Yes,Yes,DSL,Yes,No,Yes,Yes,Yes,No,Month-to-month,Yes,Electronic check,75.15,1351.39,No
12672-TBGV,Female,0,No,No,54,Yes,No,DSL,Yes,No,Yes,No,Yes,Yes,Month-to-month,Yes,Credit card (automatic),77.81,4091.95,No
12673-WGJL,Female,0,Yes,No,4,Yes,Yes,Fiber optic,Yes,Yes,Yes,No,No,No,Month-to-month,Yes,Electronic check,99.65,405.75,Yes
12674-NFXU,Male,0,No,No,45,Yes,Yes,DSL,No,No,No,Yes,Yes,Yes,Two year,No,Electronic check,71.04,3109.80,No
12675-WGGT,Male,0,No,No,51,Yes,Yes,Fiber optic,Yes,No,Yes,No,No,Yes,Two year,Yes,Electronic check,101.29,5215.82,No
12676-TGFG,Female,0,No,Yes,11,Yes,Yes,No,No internet service,No internet service,No internet service,No internet service,No internet service,No internet service,Month-to-month,No,Electronic check,24.09,262.17,No
12677-CBUC,Male,0,No,Yes,32,Yes,Yes,DSL,No,No,Yes,No,Yes,Yes,Two year,No,Bank transfer (automatic),71.86,2358.02,No
12678-WNWH,Female,0,Yes,Yes,67,Yes,No,Fiber optic,No,No,No,No,Yes,No,Month-to-month,No,Electronic check,72.97,4826.10,No
12679-EAHP,Male,1,Yes,Yes,45,Yes,Yes,DSL,No,No,Yes,No,Yes,No,Month-to-month,Yes,Credit card (automatic),61.55,2773.78,No
12680-GVWR,Male,0,Yes,Yes,59,No,No phone service,DSL,Yes,Yes,Yes,No,Yes,No,Month-to-month,No,Bank transfer (automatic),69.17,4103.57,No
12681-FUIR,Female,0,No,Yes,31,Yes,Yes,DSL,Yes,Yes,Yes,No,Yes,No,One year,No,Bank transfer (automatic),77.03,2434.91,Yes
12682-SBRX,Male,0,Yes,No,18,Yes,Yes,DSL,No,No,Yes,No,Yes,No,One year,No,Electronic check,68.16,1250.21,No
12683-LZVU,Male,1,Yes,No,34,Yes,Yes,DSL,Yes,Yes,Yes,Yes,Yes,No,Two year,No,Credit card (automatic),84.11,2837.35,No
12684-JGAM,Female,0,No,No,30,Yes,No,No,No internet service,No internet service,No internet service,No internet service,No internet service,No internet service,Two year,Yes,Electronic check,20.5,597.99,No
12685-OPVZ,Male,0,Yes,No,71,Yes,Yes,Fiber optic,No,No,Yes,Yes,Yes,Yes,One year,Yes,Credit card (automatic),106.74,7692.08,No
12686-HBCB,Female,0,No,Yes,31,Yes,Yes,DSL,No,No,No,No,Yes,Yes,Month-to-month,Yes,Electronic check,67.71,2137.75,Yes
12687-TEXK,Male,0,Yes,No,46,Yes,Yes,DSL,No,No,Yes,Yes,No,No,Month-to-month,Yes,Bank transfer (automatic),68.27,3174.25,Yes
12688-ZLHE,Female,1,Yes,No,43,Yes,No,No,No internet service,No internet service,No internet service,No internet service,No internet service,No internet service,Month-to-month,Yes,Bank transfer (automatic),18.25,777.52,No
12689-JIHM,Male,0,Yes,Yes,27,Yes,No,DSL,No,Yes,No,No,No,No,Month-to-month,Yes,Mailed check,50.64,1397.25,No
12690-BLBX,Male,0,Yes,No,27,Yes,No,DSL,Yes,No,No,No,No,Yes,One year,Yes,Electronic check,60.3,1676.89,No
12691-BJIX,Female,0,No,No,61,Yes,No,No,No internet service,No internet service,No internet service,No internet service,No internet service,No internet service,Month-to-month,No,Electronic check,18.25,1103.86,No
12692-YWLU,Female,0,Yes,No,16,Yes,No,Fiber optic,Yes,No,Yes,No,No,No,Month-to-month,Yes,Mailed check,81.04,1311.85,Yes
12693-NZPP,Male,0,No,No,30,Yes,No,DSL,Yes,Yes,Yes,Yes,Yes,Yes,Month-to-month,Yes,Credit card (automatic),94.79,2875.79,No
12694-ZGEG,Female,1,No,Yes,49,Yes,Yes,Fiber optic,No,Yes,Yes,No,No,No,Two year,Yes,Electronic check,85.11,4105.91,No
12695-RUPE,Male,1,Yes,Yes,5,Yes,Yes,Fiber optic,No,No,No,No,No,No,One year,Yes,Bank transfer (automatic),75.13,372.64,Yes
12696-EMKT,Male,0,No,Yes,49,Yes,No,Fiber optic,No,Yes,No,No,Yes,No,Month-to-month,No,Electronic check,84.13,4203.11,No
12697-BDYM,Female,0,No,No,60,Yes,No,DSL,Yes,Yes,No,Yes,No,No,Month-to-month,Yes,Electronic check,59.54,3614.19,No
12698-GWCI,Female,1,Yes,No,32,Yes,No,No,No internet service,No internet service,No internet service,No internet service,No internet service,No internet service,Month-to-month,Yes,Electronic check,18.79,615.08,Yes
12699-SQDZ,Male,0,No,No,42,Yes,Yes,Fiber optic,Yes,Yes,Yes,Yes,No,Yes,Two year,Yes,Credit card (automatic),109.2,4718.89,No
12700-SOXI,Female,0,Yes,No,36,Yes,Yes,DSL,No,No,Yes,No,Yes,Yes,Month-to-month,No,Bank transfer (automatic),70.61,2529.46,Yes
12701-VBOA,Male,0,No,No,48,Yes,Yes,Fiber optic,Yes,Yes,No,No,No,No,Month-to-month,Yes,Bank transfer (automatic),84.09,4087.92,Yes
12702-DSWS,Male,0,Yes,Yes,4,No,No phone service,Fiber optic,No,No,Yes,No,Yes,Yes,Month-to-month,Yes,Bank transfer (automatic),92.87,380.41,Yes
12703-VLBR,Male,0,No,No,45,Yes,No,No,No internet service,No internet service,No internet service,No internet service,No internet service,No internet service,Month-to-month,Yes,Electronic check,22.3,1026.15,Yes
12704-CGVV,Male,1,No,Yes,33,Yes,Yes,DSL,No,No,Yes,Yes,No,Yes,Month-to-month,No,Mailed check,70.84,2338.06,No
12705-LLWG,Female,0,No,No,3,Yes,No,DSL,Yes,No,Yes,No,Yes,Yes,Two year,Yes,Credit card (automatic),68.42,203.69,No
12706-LZSF,Male,0,No,No,58,Yes,No,Fiber optic,No,Yes,Yes,No,No,Yes,One year,Yes,Bank transfer (automatic),85.01,5052.73,No
12707-CEUU,Male,0,Yes,No,11,Yes,Yes,DSL,Yes,No,No,Yes,No,No,Month-to-month,Yes,Bank transfer (automatic),68.76,775.98,No
12708-JIPN,Female,0,No,No,43,Yes,No,DSL,No,Yes,No,No,Yes,Yes,Month-to-month,No,Bank transfer (automatic),62.26,2741.81,Yes
12709-EYYZ,Female,0,Yes,No,62,Yes,Yes,Fiber optic,Yes,No,Yes,No,No,No,Month-to-month,Yes,Electronic check,87.2,5441.93,Yes
12710-BDBA,Male,0,Yes,Yes,67,No,No phone service,Fiber optic,No,Yes,Yes,No,Yes,No,Month-to-month,Yes,Mailed check,93.97,6278.27,Yes
12711-BGMU,Female,1,Yes,No,46,Yes,No,Fiber optic,No,No,No,No,No,Yes,Month-to-month,No,Electronic check,77.97,3638.20,Yes
12712-CTDO,Male,0,No,No,52,Yes,Yes,Fiber optic,Yes,No,Yes,No,No,Yes,Month-to-month,Yes,Bank transfer (automatic),92.06,4793.42,Yes
12713-KLWX,Female,0,No,Yes,43,Yes,No,Fiber optic,No,Yes,No,No,Yes,Yes,Month-to-month,Yes,Electronic check,85.44,3647.91,Yes
12714-JQNW,Female,0,Yes,Yes,56,No,No phone service,No,No internet service,No internet service,No internet service,No internet service,No internet service,No internet service,Month-to-month,No,Mailed check,22.11,1238.01,No
12715-PHCI,Male,0,No,No,71,Yes,Yes,Fiber optic,No,No,Yes,Yes,No,No,Month-to-month,No,Electronic check,93.75,6691.85,Yes
12716-IBLE,Male,0,No,No,34,No,No phone service,Fiber optic,No,No,Yes,No,Yes,Yes,Two year,No,Credit card (automatic),89.62,3018.57,No
12717-XCAH,Female,1,Yes,No,30,Yes,No,No,No internet service,No internet service,No internet service,No internet service,No internet service,No internet service,One year,Yes,Electronic check,20.46,596.91,No
12718-EMVK,Male,0,Yes,No,13,Yes,No,DSL,No,Yes,Yes,Yes,Yes,No,Month-to-month,Yes,Mailed check,73.19,966.42,Yes
12719-JNGE,Male,0,No,Yes,71,Yes,Yes,Fiber optic,No,Yes,Yes,No,Yes,No,Month-to-month,Yes,Mailed check,97.35,6930.40,No
12720-QVFI,Female,0,No,Yes,66,Yes,No,Fiber optic,Yes,Yes,Yes,No,No,No,Month-to-month,No,Electronic check,86.8,5574.18,Yes
12721-AVQJ,Male,0,Yes,No,51,Yes,Yes,Fiber optic,Yes,Yes,No,Yes,No,Yes,Month-to-month,No,Credit card (automatic),110.29,5628.86,No
12722-OKOJ,Female,0,No,Yes,48,Yes,Yes,Fiber optic,No,Yes,No,No,No,No,One year,Yes,Electronic check,85.3,4060.19,Yes
12723-KKGS,Female,0,Yes,No,15,Yes,No,DSL,No,Yes,Yes,No,Yes,No,Month-to-month,Yes,Electronic check,62.06,929.98,No
12724-ULTM,Male,0,No,No,66,Yes,Yes,Fiber optic,No,Yes,No,Yes,Yes,Yes,One year,Yes,Credit card (automatic),101.66,6708.10,No
12725-KNYZ,Male,0,Yes,No,5,Yes,Yes,Fiber optic,No,No,No,No,No,No,Month-to-month,Yes,Mailed check,76.08,391.67,Yes
12726-FDCY,Female,0,Yes,Yes,45,Yes,No,No,No internet service,No internet service,No internet service,No internet service,No internet service,No internet service,Month-to-month,Yes,Bank transfer (automatic),20.05,893.89,No
12727-NQIF,Male,0,Yes,No,19,Yes,Yes,DSL,Yes,Yes,Yes,No,Yes,No,One year,No,Bank transfer (automatic),82.56,1525.30,No
12728-HYQI,Male,0,No,No,33,Yes,No,No,No internet service,No internet service,No internet service,No internet service,No internet service,No internet service,One year,Yes,Mailed check,18.25,605.71,No
12729-KNFE,Male,0,Yes,Yes,7,Yes,No,DSL,No,Yes,No,Yes,No,Yes,Two year,Yes,Mailed check,68.26,472.08,No
12730-CGMY,Female,0,Yes,No,10,Yes,Yes,Fiber optic,Yes,No,Yes,No,Yes,Yes,Month-to-month,No,Electronic check,103.88,1054.44,Yes
12731-VIQT,Male,0,Yes,No,28,Yes,No,Fiber optic,Yes,Yes,No,Yes,No,Yes,Two year,Yes,Electronic check,96.13,2747.31,No
12732-QSLB,Female,0,No,No,29,Yes,Yes,Fiber optic,Yes,Yes,No,No,Yes,Yes,Month-to-month,No,Bank transfer (automatic),110.16,3182.93,Yes
12733-JCUL,Male,0,Yes,Yes,64,Yes,No,No,No internet service,No internet service,No internet service,No internet service,No internet service,No internet service,Two year,Yes,Mailed check,21.87,1419.80,No
12734-COVW,Female,0,Yes,No,44,Yes,Yes,Fiber optic,No,No,No,No,Yes,Yes,Month-to-month,Yes,Electronic check,90.23,4063.59,Yes
12735-EIOJ,Female,1,Yes,No,3,Yes,Yes,DSL,No,Yes,No,Yes,No,No,Two year,Yes,Credit card (automatic),58.05,179.21,No
12736-TBLP,Male,0,No,Yes,68,Yes,Yes,Fiber optic,No,Yes,Yes,Yes,Yes,No,Two year,Yes,Mailed check,104.84,7197.76,No
12737-LOMX,Female,0,Yes,No,44,Yes,No,Fiber optic,Yes,Yes,No,Yes,No,Yes,Month-to-month,Yes,Electronic check,97.92,4415.28,No
12738-GCCF,Male,1,Yes,Yes,60,Yes,No,Fiber optic,No,Yes,Yes,Yes,No,No,Month-to-month,Yes,Mailed check,89.16,5251.70,Yes
12739-LPNG,Male,0,No,No,67,Yes,Yes,Fiber optic,No,Yes,No,No,Yes,No,One year,Yes,Bank transfer (automatic),90.44,5977.58,No
12740-EAQW,Female,0,No,Yes,37,Yes,Yes,DSL,Yes,No,No,Yes,Yes,Yes,Month-to-month,Yes,Electronic check,83.8,3045.90,Yes
12741-USKH,Female,1,No,Yes,13,Yes,No,Fiber optic,No,No,No,No,No,No,Month-to-month,Yes,Electronic check,71.37,937.58,Yes
12742-OGAV,Female,0,Yes,No,33,Yes,Yes,Fiber optic,Yes,Yes,Yes,No,No,Yes,Two year,Yes,Credit card (automatic),102.94,3442.24,No
12743-DJBV,Male,0,No,Yes,50,Yes,Yes,Fiber optic,No,Yes,Yes,Yes,No,Yes,Two year,Yes,Bank transfer (automatic),100.41,5150.03,No
12744-XMLE,Male,0,No,Yes,3,Yes,No,No,No internet service,No internet service,No internet service,No internet service,No internet service,No internet service,Two year,Yes,Mailed check,18.31,55.54,No
12745-AIIH,Male,1,No,Yes,69,Yes,Yes,DSL,Yes,No,Yes,Yes,Yes,No,Two year,No,Credit card (automatic),73.92,4967.32,No
12746-MBPJ,Male,1,No,No,26,Yes,Yes,Fiber optic,No,No,Yes,No,Yes,Yes,One year,Yes,Electronic check,94.11,2496.06,Yes
12747-DPKV,Male,1,No,Yes,48,Yes,Yes,No,No internet service,No internet service,No internet service,No internet service,No internet service,No internet service,One year,Yes,Bank transfer (automatic),28.7,1354.18,No
12748-UZME,Female,0,No,No,71,Yes,Yes,DSL,No,No,Yes,No,Yes,Yes,One year,Yes,Electronic check,69.77,4992.83,No
12749-MSUQ,Male,0,Yes,No,63,Yes,No,Fiber optic,No,Yes,Yes,Yes,Yes,No,Month-to-month,Yes,Electronic check,100.35,6486.26,No
12750-PQAZ,Female,1,No,No,54,Yes,No,No,No internet service,No internet service,No internet service,No internet service,No internet service,No internet service,Month-to-month,Yes,Electronic check,18.25,996.46,No
12751-REBB,Male,0,No,No,22,Yes,No,DSL,Yes,Yes,Yes,Yes,Yes,Yes,One year,Yes,Electronic check,83.79,1835.86,No
12752-VBSU,Male,0,No,Yes,38,Yes,Yes,Fiber optic,Yes,Yes,Yes,Yes,Yes,Yes,Two year,Yes,Credit card (automatic),118.75,4485.16,Yes
12753-CHFO,Male,0,Yes,No,37,Yes,Yes,Fiber optic,No,No,Yes,Yes,No,Yes,Month-to-month,Yes,Mailed check,97.58,3508.84,No
12754-WVHP,Male,1,Yes,No,63,Yes,Yes,DSL,Yes,No,Yes,Yes,No,Yes,Month-to-month,Yes,Electronic check,77.65,4968.92,No
12755-WWDI,Male,0,No,No,3,Yes,Yes,Fiber optic,No,No,No,Yes,Yes,No,Two year,Yes,Credit card (automatic),92.5,269.70,No
12756-DDNM,Male,0,No,No,2,No,No phone service,DSL,Yes,Yes,No,No,No,No,Month-to-month,No,Mailed check,59.06,121.04,No
12757-PQPE,Female,1,Yes,No,9,Yes,Yes,No,No internet service,No internet service,No internet service,No internet service,No internet service,No internet service,Month-to-month,No,Electronic check,27.47,246.84,Yes
12758-KSXP,Female,1,No,No,69,Yes,No,Fiber optic,No,No,Yes,Yes,Yes,No,One year,Yes,Mailed check,87.09,5832.78,Yes
12759-GYEF,Male,1,Yes,No,39,Yes,No,DSL,No,Yes,Yes,No,Yes,Yes,Month-to-month,No,Electronic check,71.83,2809.66,Yes
12760-VXJN,Male,0,No,No,51,Yes,No,DSL,Yes,No,Yes,No,No,Yes,One year,Yes,Mailed check,66.44,3362.32,No
12761-CGZZ,Male,0,No,Yes,7,Yes,Yes,No,No internet service,No internet service,No internet service,No internet service,No internet service,No internet service,One year,No,Mailed check,28.38,199.51,No
12762-VCXY,Male,0,No,Yes,1,No,No phone service,Fiber optic,No,Yes,Yes,Yes,No,Yes,Month-to-month,No,Credit card (automatic),94.12,91.48,Yes
12763-HMMZ,Male,0,Yes,No,47,Yes,Yes,DSL,No,No,Yes,Yes,Yes,Yes,Month-to-month,Yes,Bank transfer (automatic),79.4,3765.17,Yes
12764-CLZP,Male,1,Yes,No,51,Yes,No,DSL,Yes,Yes,Yes,No,Yes,No,Month-to-month,Yes,Bank transfer (automatic),64.17,3270.35,No
12765-PTZV,Female,0,Yes,No,31,Yes,No,Fiber optic,Yes,Yes,Yes,Yes,No,No,One year,No,Credit card (automatic),102.23,3203.48,No
12766-UASE,Male,0,No,No,6,Yes,No,DSL,Yes,Yes,Yes,No,Yes,No,Month-to-month,No,Electronic check,65.52,383.92,Yes
12767-FJSL,Male,0,No,No,36,Yes,No,No,No internet service,No internet service,No internet service,No internet service,No internet service,No internet service,Two year,Yes,Mailed check,19.58,725.23,No
12768-KNDN,Male,0,No,No,47,Yes,Yes,DSL,No,Yes,No,No,No,No,Two year,Yes,Bank transfer (automatic),56.66,2645.54,No
12769-GQHB,Female,1,No,No,16,No,No phone service,DSL,Yes,Yes,Yes,No,No,No,Two year,No,Mailed check,63.63,1028.89,No
12770-REYL,Male,0,Yes,No,22,Yes,Yes,Fiber optic,No,No,Yes,Yes,No,Yes,Month-to-month,No,Electronic check,93.85,2012.33,No
12771-RRGG,Male,0,Yes,No,54,Yes,Yes,DSL,No,Yes,Yes,Yes,No,Yes,Two year,No,Electronic check,71.61,3873.59,No
12772-TMOM,Male,0,No,No,16,Yes,No,Fiber optic,Yes,No,No,Yes,No,No,Two year,Yes,Electronic check,79.28,1233.94,No
12773-UIHC,Male,0,No,No,8,Yes,No,No,No internet service,No internet service,No internet service,No internet service,No internet service,No internet service,Two year,Yes,Electronic check,20.09,160.75,No
12774-STBA,Male,0,Yes,No,46,Yes,Yes,Fiber optic,No,No,No,Yes,Yes,Yes,Two year,Yes,Mailed check,97.18,4496.22,No
12775-DAVP,Female,1,No,Yes,2,Yes,Yes,No,No internet service,No internet service,No internet service,No internet service,No internet service,No internet service,Month-to-month,Yes,Credit card (automatic),29.33,59.99,Yes
12776-WJFC,Male,0,No,No,32,Yes,No,No,No internet service,No internet service,No internet service,No internet service,No internet service,No internet service,Month-to-month,Yes,Bank transfer (automatic),20.37,657.81,No
12777-SVQB,Male,0,Yes,Yes,42,Yes,Yes,DSL,Yes,Yes,No,No,No,Yes,Month-to-month,No,Credit card (automatic),69.5,2897.72,No
12778-SEVM,Female,0,Yes,No,5,Yes,Yes,DSL,Yes,Yes,No,Yes,No,Yes,One year,Yes,Credit card (automatic),71.55,364.73,No
12779-FGLG,Male,0,No,No,48,Yes,Yes,Fiber optic,No,No,No,No,No,No,Two year,No,Electronic check,74.93,3585.45,No
12780-MLIE,Male,0,Yes,No,60,Yes,Yes,No,No internet service,No internet service,No internet service,No internet service,No internet service,No internet service,Month-to-month,Yes,Bank transfer (automatic),23.99,1440.77,No
12781-DIJJ,Male,0,Yes,No,71,Yes,Yes,No,No internet service,No internet service,No internet service,No internet service,No internet service,No internet service,Month-to-month,Yes,Bank transfer (automatic),23.95,1679.00,No
12782-LYPR,Female,0,No,No,20,Yes,No,Fiber optic,No,No,Yes,No,No,Yes,Month-to-month,Yes,Electronic check,81.99,1642.41,Yes
12783-OYGX,Female,0,No,Yes,24,Yes,No,DSL,Yes,No,Yes,Yes,No,No,One year,Yes,Mailed check,67.57,1641.47,No
12784-GHSP,Female,1,Yes,No,45,Yes,No,Fiber optic,No,No,Yes,No,Yes,No,One year,Yes,Bank transfer (automatic),78.5,3509.54,No
12785-WNSV,Female,1,Yes,Yes,44,Yes,Yes,Fiber optic,Yes,Yes,Yes,Yes,Yes,No,Two year,Yes,Mailed check,113.56,4872.88,No
12786-LRQF,Female,0,No,Yes,44,Yes,Yes,No,No internet service,No internet service,No internet service,No internet service,No internet service,No internet service,One year,Yes,Mailed check,28.39,1276.25,No
12787-XYGO,Female,0,Yes,No,23,Yes,No,Fiber optic,No,No,No,Yes,Yes,Yes,Month-to-month,No,Mailed check,91.11,2126.74,Yes
12788-JMTA,Female,0,No,No,5,Yes,No,DSL,Yes,No,No,No,Yes,No,Month-to-month,No,Electronic check,54.97,270.12,Yes
12789-KBAM,Female,0,No,No,2,Yes,Yes,Fiber optic,Yes,No,Yes,No,No,Yes,One year,Yes,Electronic check,100.98,201.39,No
12790-TJYC,Female,0,Yes,No,72,Yes,No,Fiber optic,Yes,Yes,Yes,No,Yes,No,Month-to-month,Yes,Electronic check,94.01,6859.05,Yes
12791-JVIH,Male,0,No,No,30,No,No phone service,Fiber optic,Yes,No,No,No,Yes,No,One year,No,Mailed check,85.42,2583.94,No
12792-LJWU,Male,0,Yes,No,33,Yes,Yes,Fiber optic,No,No,Yes,Yes,Yes,No,Month-to-month,No,Mailed check,94.76,3129.22,No
12793-YDMI,Female,1,No,No,46,Yes,No,No,No internet service,No internet service,No internet service,No internet service,No internet service,No internet service,Month-to-month,Yes,Credit card (automatic),21.51,960.77,Yes
12794-AASN,Male,1,No,Yes,15,Yes,No,Fiber optic,No,No,Yes,No,No,Yes,Month-to-month,No,Credit card (automatic),83.22,1281.62,Yes
12795-HTQW,Male,0,Yes,No,28,Yes,No,DSL,No,Yes,No,Yes,No,Yes,Month-to-month,Yes,Mailed check,64.36,1823.54,Yes
12796-LYFV,Female,0,Yes,No,32,Yes,No,DSL,Yes,No,Yes,Yes,No,Yes,Two year,No,Credit card (automatic),63.36,2064.61,No
12797-HFTJ,Female,0,No,No,7,Yes,Yes,Fiber optic,No,Yes,Yes,Yes,No,Yes,One year,Yes,Electronic check,101.46,731.08,Yes
12798-CBHW,Female,0,Yes,No,44,Yes,Yes,Fiber optic,Yes,No,No,No,Yes,Yes,Month-to-month,Yes,Electronic check,96.0,4172.36,No
12799-TKRT,Male,0,Yes,No,14,Yes,No,Fiber optic,Yes,Yes,No,No,Yes,No,Two year,Yes,Mailed check,91.67,1247.04,No
12800-BFSA,Male,0,Yes,No,1,Yes,No,Fiber optic,No,No,No,Yes,No,No,Month-to-month,Yes,Mailed check,76.47,74.47,Yes
12801-WWIC,Male,0,Yes,No,45,Yes,No,Fiber optic,No,No,No,Yes,Yes,Yes,Month-to-month,Yes,Mailed check,92.34,4184.42,No
12802-YOCX,Male,0,No,No,22,Yes,No,No,No internet service,No internet service,No internet service,No internet service,No internet service,No internet service,Month-to-month,Yes,Electronic check,18.25,401.87,Yes
12803-QRNE,Female,0,Yes,No,52,Yes,No,DSL,Yes,Yes,Yes,No,No,No,Month-to-month,No,Bank transfer (automatic),65.64,3366.81,No
12804-UXVL,Male,0,Yes,No,39,Yes,Yes,Fiber optic,Yes,No,No,No,No,No,One year,Yes,Electronic check,82.67,3134.82,Yes
12805-EKOE,Male,0,Yes,No,3,Yes,No,No,No internet service,No internet service,No internet service,No internet service,No internet service,No internet service,Two year,Yes,Electronic check,18.25,56.06,No
12806-KXLT,Male,0,No,No,51,Yes,Yes,DSL,No,No,Yes,Yes,No,Yes,One year,No,Credit card (automatic),74.95,3904.30,No
12807-YAIR,Female,0,No,Yes,3,Yes,No,DSL,Yes,No,Yes,No,No,Yes,Month-to-month,No,Credit card (automatic),64.55,191.56,Yes
12808-AVPU,Male,0,No,Yes,23,Yes,No,Fiber optic,No,Yes,Yes,No,No,No,Two year,Yes,Mailed check,86.27,1996.02,No
12809-WPLU,Male,0,No,No,50,Yes,No,DSL,No,Yes,No,Yes,Yes,Yes,Month-to-month,No,Mailed check,72.92,3542.91,No
12810-UEQA,Female,0,No,Yes,30,Yes,No,Fiber optic,Yes,No,Yes,Yes,Yes,No,One year,No,Credit card (automatic),100.21,2952.99,No
12811-ZVPV,Female,0,Yes,No,28,Yes,No,No,No internet service,No internet service,No internet service,No internet service,No internet service,No internet service,Month-to-month,Yes,Bank transfer (automatic),19.81,565.26,Yes
12812-QHKU,Male,0,Yes,Yes,16,Yes,Yes,DSL,No,No,No,No,Yes,Yes,Month-to-month,Yes,Electronic check,66.78,1057.79,Yes
12813-ZXPL,Female,0,Yes,Yes,32,Yes,Yes,No,No internet service,No internet service,No internet service,No internet service,No internet service,No internet service,One year,No,Mailed check,24.31,791.47,No
12814-WPHC,Female,0,Yes,No,22,No,No phone service,DSL,No,Yes,No,Yes,No,No,Month-to-month,Yes,Mailed check,54.92,1229.97,Yes
12815-OBWO,Male,0,No,No,69,Yes,Yes,Fiber optic,Yes,No,No,No,No,Yes,Month-to-month,Yes,Mailed check,82.83,5576.72,Yes
12816-PGMR,Male,0,Yes,No,50,Yes,No,DSL,No,Yes,Yes,No,Yes,Yes,Two year,No,Electronic check,66.64,3304.05,No
12817-TJIX,Female,0,No,Yes,66,Yes,Yes,Fiber optic,Yes,Yes,Yes,Yes,Yes,No,Month-to-month,No,Bank transfer (automatic),110.84,7234.57,No
12818-SFPA,Male,0,Yes,Yes,25,Yes,Yes,No,No internet service,No internet service,No internet service,No internet service,No internet service,No internet service,Two year,No,Bank transfer (automatic),23.48,580.57,No
12819-AZVD,Female,0,Yes,Yes,69,Yes,No,DSL,Yes,No,No,No,Yes,Yes,One year,No,Credit card (automatic),60.49,4202.61,No
12820-ONWE,Female,0,Yes,No,21,Yes,Yes,No,No internet service,No internet service,No internet service,No internet service,No internet service,No internet service,Two year,Yes,Bank transfer (automatic),25.64,532.47,No
12821-BTDP,Female,0,Yes,Yes,23,Yes,Yes,Fiber optic,No,No,No,Yes,No,No,Month-to-month,No,Electronic check,77.29,1766.60,Yes
12822-GNCD,Female,0,Yes,No,22,Yes,No,No,No internet service,No internet service,No internet service,No internet service,No internet service,No internet service,Two year,Yes,Electronic check,18.69,419.40,No
12823-YCNM,Male,0,No,Yes,43,Yes,No,Fiber optic,Yes,No,Yes,No,Yes,Yes,Month-to-month,No,Mailed check,99.03,4326.11,No
12824-GHMZ,Female,0,No,No,45,Yes,No,Fiber optic,No,No,Yes,Yes,Yes,No,Month-to-month,Yes,Mailed check,87.6,3972.78,Yes
12825-BWTG,Female,0,No,No,5,Yes,Yes,No,No internet service,No internet service,No internet service,No internet service,No internet service,No internet service,Month-to-month,Yes,Bank transfer (automatic),29.34,145.67,No
12826-ZADF,Male,0,No,No,41,Yes,Yes,Fiber optic,No,Yes,Yes,Yes,No,No,Two year,Yes,Electronic check,96.51,3849.19,No
12827-POKS,Female,0,Yes,Yes,69,Yes,No,No,No internet service,No internet service,No internet service,No internet service,No internet service,No internet service,Month-to-month,No,Electronic check,18.38,1238.03,No
12828-QCTX,Male,0,No,Yes,30,Yes,Yes,DSL,Yes,No,No,No,No,Yes,Month-to-month,Yes,Electronic check,62.96,1929.18,No
12829-XRVH,Male,0,Yes,No,51,Yes,No,DSL,Yes,No,Yes,Yes,No,No,Month-to-month,Yes,Bank transfer (automatic),63.41,3208.79,No
12830-XAGY,Male,0,Yes,No,46,Yes,Yes,Fiber optic,Yes,Yes,Yes,Yes,No,No,Month-to-month,Yes,Electronic check,101.19,4763.78,Yes
12831-FGPA,Male,0,Yes,No,71,Yes,Yes,DSL,No,Yes,Yes,Yes,Yes,Yes,Month-to-month,No,Mailed check,86.43,6195.30,No
12832-ITEI,Female,0,No,No,47,Yes,No,Fiber optic,No,No,Yes,No,Yes,No,Month-to-month,No,Credit card (automatic),83.57,3869.01,Yes
12833-RUAW,Male,0,No,Yes,34,No,No phone service,No,No internet service,No internet service,No internet service,No internet service,No internet service,No internet service,Month-to-month,Yes,Bank transfer (automatic),19.0,664.11,No
12834-AIXF,Male,1,No,No,1,Yes,Yes,Fiber optic,Yes,No,Yes,Yes,No,Yes,Two year,No,Mailed check,95.27,96.60,Yes
12835-UQIO,Female,0,No,Yes,58,Yes,Yes,No,No internet service,No internet service,No internet service,No internet service,No internet service,No internet service,Two year,Yes,Mailed check,23.43,1391.86,No
12836-VWMB,Female,0,Yes,Yes,25,Yes,No,Fiber optic,Yes,Yes,Yes,No,Yes,Yes,Month-to-month,No,Electronic check,100.09,2564.95,Yes
12837-AOZQ,Male,0,No,No,67,Yes,No,DSL,Yes,Yes,No,No,Yes,Yes,Month-to-month,Yes,Credit card (automatic),68.06,4575.90,No
12838-EQZA,Male,0,No,No,18,Yes,Yes,DSL,No,Yes,Yes,Yes,No,No,Month-to-month,No,Electronic check,73.37,1347.80,Yes
12839-PZUV,Female,0,No,No,32,Yes,Yes,No,No internet service,No internet service,No internet service,No internet service,No internet service,No internet service,One year,Yes,Electronic check,29.05,922.65,No
12840-JOXZ,Female,0,Yes,No,60,Yes,No,Fiber optic,No,No,Yes,Yes,Yes,No,Month-to-month,No,Electronic check,92.26,5643.90,No
12841-AHAT,Female,0,Yes,No,11,Yes,Yes,No,No internet service,No internet service,No internet service,No internet service,No internet service,No internet service,Two year,No,Electronic check,23.17,259.88,No
12842-YQAB,Female,0,Yes,No,20,Yes,No,Fiber optic,Yes,Yes,Yes,No,Yes,No,One year,No,Credit card (automatic),90.01,1784.78,No
12843-VHGS,Male,0,No,Yes,58,Yes,No,DSL,Yes,No,No,No,Yes,Yes,Two year,Yes,Electronic check,68.08,4059.15,No
12844-PZIC,Female,0,Yes,Yes,23,Yes,No,Fiber optic,Yes,No,Yes,Yes,Yes,Yes,One year,No,Mailed check,104.88,2405.71,No
12845-TTDL,Male,0,Yes,No,69,No,No phone service,Fiber optic,Yes,Yes,Yes,Yes,No,Yes,Month-to-month,No,Bank transfer (automatic),101.86,7006.89,No
12846-VBEO,Male,0,No,Yes,39,Yes,Yes,Fiber optic,Yes,Yes,Yes,No,Yes,No,Month-to-month,Yes,Electronic check,101.46,3987.86,Yes
12847-WBBR,Female,0,No,No,60,Yes,No,Fiber optic,Yes,Yes,Yes,No,No,Yes,Month-to-month,Yes,Mailed check,98.96,6103.47,Yes
12848-XTQK,Female,1,No,No,40,Yes,No,Fiber optic,Yes,Yes,No,No,No,Yes,Month-to-month,No,Mailed check,94.32,3858.41,Yes
12849-AUQI,Male,0,No,No,4,Yes,No,No,No internet service,No internet service,No internet service,No internet service,No internet service,No internet service,Month-to-month,Yes,Bank transfer (automatic),20.3,83.01,Yes
12850-ZRJY,Male,0,No,Yes,59,Yes,Yes,DSL,Yes,No,Yes,No,Yes,No,Month-to-month,No,Credit card (automatic),68.17,4086.57,No
12851-YDXT,Female,1,Yes,No,31,Yes,No,DSL,No,No,No,Yes,Yes,Yes,Month-to-month,No,Electronic check,60.51,1888.67,No
12852-YPUQ,Male,0,No,No,28,No,No phone service,DSL,No,Yes,No,Yes,Yes,Yes,Month-to-month,Yes,Electronic check,65.3,1829.94,No
12853-VDFL,Female,0,Yes,No,54,Yes,No,Fiber optic,No,Yes,No,No,No,Yes,Month-to-month,No,Bank transfer (automatic),83.9,4597.06,Yes
12854-VYDF,Male,1,Yes,Yes,21,Yes,No,No,No internet service,No internet service,No internet service,No internet service,No internet service,No internet service,Month-to-month,Yes,Credit card (automatic),21.83,450.53,No
12855-PDVY,Female,0,No,No,31,Yes,Yes,Fiber optic,No,Yes,Yes,No,No,No,Month-to-month,Yes,Credit card (automatic),91.19,2758.44,Yes
12856-WFGJ,Male,0,No,No,44,Yes,No,No,No internet service,No internet service,No internet service,No internet service,No internet service,No internet service,Two year,Yes,Credit card (automatic),18.25,782.11,No
12857-QZAG,Male,0,No,No,43,Yes,Yes,Fiber optic,Yes,Yes,No,Yes,Yes,Yes,Month-to-month,No,Credit card (automatic),116.77,4913.07,Yes
12858-KJBQ,Male,0,Yes,No,53,Yes,No,Fiber optic,No,No,Yes,Yes,Yes,Yes,Two year,No,Electronic check,93.71,5051.03,No
12859-UBST,Female,0,No,No,6,Yes,Yes,Fiber optic,Yes,No,No,Yes,No,Yes,Two year,No,Credit card (automatic),92.07,541.51,No
12860-UKWW,Female,0,Yes,No,72,Yes,Yes,No,No internet service,No internet service,No internet service,No internet service,No internet service,No internet service,Month-to-month,No,Electronic check,21.96,1540.43,No
12861-YFUK,Female,1,Yes,No,44,Yes,No,DSL,No,Yes,No,No,No,No,Month-to-month,Yes,Mailed check,53.7,2404.57,No
12862-TUOP,Female,0,Yes,Yes,45,Yes,No,Fiber optic,Yes,No,No,No,Yes,No,Month-to-month,Yes,Bank transfer (automatic),86.33,3846.67,No
12863-LSUH,Male,0,Yes,Yes,64,Yes,Yes,Fiber optic,No,No,Yes,No,No,Yes,Month-to-month,Yes,Bank transfer (automatic),91.93,5842.58,No
12864-VMNV,Female,1,Yes,No,36,Yes,Yes,No,No internet service,No internet service,No internet service,No internet service,No internet service,No internet service,Month-to-month,No,Electronic check,30.78,1113.02,No
12865-VUCM,Female,0,No,No,3,Yes,Yes,DSL,Yes,No,Yes,No,No,No,Two year,No,Bank transfer (automatic),66.51,202.42,No
12866-OENU,Female,0,Yes,Yes,10,Yes,No,DSL,No,Yes,No,No,No,Yes,Month-to-month,Yes,Electronic check,53.91,540.21,Yes
12867-OACK,Female,0,No,Yes,69,No,No phone service,Fiber optic,No,No,No,Yes,Yes,No,Two year,No,Credit card (automatic),80.08,5360.01,No
12868-BZEM,Female,0,No,Yes,72,Yes,Yes,Fiber optic,Yes,Yes,Yes,No,No,No,Month-to-month,No,Mailed check,94.43,6676.85,Yes
12869-JWWU,Female,1,Yes,Yes,7,Yes,No,DSL,Yes,Yes,No,Yes,Yes,Yes,One year,Yes,Electronic check,80.35,569.02,Yes
12870-ZPHM,Female,0,No,Yes,50,Yes,No,Fiber optic,Yes,Yes,No,No,No,No,Month-to-month,Yes,Electronic check,81.6,4044.54,Yes
12871-QAGC,Male,0,Yes,No,48,Yes,Yes,Fiber optic,Yes,Yes,Yes,No,No,No,Two year,No,Credit card (automatic),95.38,4499.11,No
12872-IQPA,Female,0,No,Yes,12,Yes,No,Fiber optic,Yes,Yes,Yes,Yes,Yes,No,Month-to-month,Yes,Bank transfer (automatic),106.09,1309.34,Yes
12873-DQVS,Male,0,No,No,57,Yes,No,Fiber optic,No,No,No,Yes,Yes,No,Month-to-month,Yes,Mailed check,83.53,4658.83,No
12874-FHKX,Female,0,Yes,No,34,Yes,Yes,DSL,Yes,No,No,Yes,Yes,Yes,Month-to-month,Yes,Bank transfer (automatic),71.46,2498.38,No
12875-TQPF,Male,1,Yes,Yes,17,Yes,No,Fiber optic,No,No,Yes,Yes,No,No,Two year,Yes,Credit card (automatic),84.42,1426.79,Yes
12876-VORQ,Female,0,No,No,41,Yes,No,Fiber optic,No,No,No,Yes,Yes,No,One year,Yes,Mailed check,89.46,3564.67,Yes
12877-FQVC,Male,0,Yes,No,66,No,No phone service,Fiber optic,No,Yes,No,Yes,Yes,No,Month-to-month,No,Credit card (automatic),88.27,5783.66,No
12878-IMXM,Female,0,No,Yes,16,Yes,No,Fiber optic,Yes,No,No,Yes,No,Yes,Month-to-month,No,Electronic check,83.72,1373.13,Yes
12879-FMSW,Male,0,Yes,No,45,No,No phone service,DSL,No,Yes,Yes,Yes,Yes,Yes,Month-to-month,No,Bank transfer (automatic),80.45,3699.62,No
12880-OQUV,Male,0,No,No,53,Yes,No,Fiber optic,Yes,No,Yes,No,No,Yes,Month-to-month,Yes,Bank transfer (automatic),84.26,4362.90,No
12881-WPTO,Female,0,Yes,Yes,46,Yes,Yes,Fiber optic,Yes,No,Yes,No,Yes,Yes,Month-to-month,Yes,Credit card (automatic),103.07,4829.81,No
12882-UUXW,Female,0,Yes,No,47,Yes,No,DSL,No,No,No,No,Yes,Yes,Month-to-month,Yes,Credit card (automatic),60.84,2810.34,Yes
12883-YTVE,Male,0,Yes,No,53,Yes,No,No,No internet service,No internet service,No internet service,No internet service,No internet service,No internet service,Two year,Yes,Credit card (automatic),18.25,957.03,No
12884-WDRZ,Male,0,Yes,Yes,17,Yes,Yes,No,No internet service,No internet service,No internet service,No internet service,No internet service,No internet service,Month-to-month,Yes,Bank transfer (automatic),27.39,470.15,No
12885-ZSXN,Female,0,No,No,8,Yes,No,Fiber optic,Yes,Yes,Yes,Yes,Yes,Yes,Month-to-month,No,Bank transfer (automatic),106.93,875.67,No
12886-SWAD,Female,0,No,Yes,72,Yes,Yes,Fiber optic,Yes,Yes,No,Yes,No,Yes,Month-to-month,No,Mailed check,99.98,7357.11,No
12887-COFF,Male,0,Yes,Yes,24,Yes,Yes,Fiber optic,Yes,No,Yes,No,No,No,One year,No,Mailed check,82.11,1967.31,No
12888-YNYY,Female,0,Yes,Yes,69,Yes,Yes,Fiber optic,Yes,No,Yes,No,Yes,Yes,Month-to-month,Yes,Bank transfer (automatic),101.87,7233.51,No
12889-UTFW,Male,0,Yes,No,20,Yes,No,DSL,No,No,Yes,No,No,Yes,Two year,No,Electronic check,57.1,1142.28,No
12890-QVIF,Female,0,No,No,20,Yes,No,Fiber optic,Yes,Yes,No,No,No,Yes,Month-to-month,No,Electronic check,87.34,1738.76,Yes
12891-QHEF,Male,1,No,No,2,No,No phone service,Fiber optic,Yes,Yes,No,Yes,No,No,One year,Yes,Mailed check,87.73,178.18,No
12892-LYAP,Male,1,No,No,32,Yes,Yes,Fiber optic,Yes,No,No,Yes,No,No,Two year,Yes,Credit card (automatic),94.65,3075.39,No
12893-FPFG,Male,0,No,No,69,Yes,No,No,No internet service,No internet service,No internet service,No internet service,No internet service,No internet service,One year,Yes,Electronic check,21.72,1536.26,No
12894-YDNN,Female,0,Yes,Yes,65,Yes,Yes,Fiber optic,Yes,No,Yes,No,Yes,Yes,Month-to-month,No,Electronic check,99.69,6656.71,Yes
12895-DVHH,Female,0,Yes,No,22,Yes,Yes,Fiber optic,No,Yes,No,No,Yes,Yes,Two year,No,Credit card (automatic),96.55,2165.96,No
12896-IONE,Male,0,No,No,30,Yes,No,Fiber optic,No,Yes,No,No,No,No,Month-to-month,No,Mailed check,78.71,2336.46,Yes
12897-KHHT,Female,1,Yes,No,49,Yes,Yes,Fiber optic,Yes,Yes,No,No,No,No,One year,Yes,Mailed check,88.3,4276.00,No
12898-CKAK,Female,0,Yes,No,69,Yes,No,DSL,No,Yes,Yes,Yes,Yes,Yes,One year,No,Electronic check,83.61,5823.48,No
12899-TEFP,Female,0,Yes,No,44,Yes,No,Fiber optic,Yes,Yes,No,No,Yes,Yes,Month-to-month,Yes,Bank transfer (automatic),92.11,4147.41,Yes
12900-JZLF,Female,0,No,No,15,Yes,Yes,Fiber optic,No,Yes,No,No,No,Yes,Two year,Yes,Bank transfer (automatic),94.78,1437.00,No
12901-JHVS,Male,0,No,No,26,Yes,Yes,Fiber optic,No,No,No,No,Yes,Yes,Month-to-month,No,Electronic check,90.14,2285.75,Yes
12902-AXWM,Male,0,No,No,53,Yes,No,DSL,No,Yes,Yes,No,Yes,No,Two year,Yes,Bank transfer (automatic),62.42,3330.88,No
12903-MSSC,Female,0,Yes,No,2,Yes,No,Fiber optic,Yes,No,Yes,No,Yes,No,Month-to-month,No,Credit card (automatic),88.57,175.92,Yes
12904-HLCB,Male,0,Yes,No,44,No,No phone service,No,No internet service,No internet service,No internet service,No internet service,No internet service,No internet service,Two year,Yes,Mailed check,19.59,880.85,No
12905-GMBO,Male,0,Yes,Yes,56,Yes,Yes,Fiber optic,No,No,Yes,No,No,Yes,Month-to-month,No,Electronic check,88.56,5089.09,Yes
12906-YHNM,Male,0,No,Yes,25,Yes,No,Fiber optic,Yes,No,No,No,No,No,Month-to-month,Yes,Bank transfer (automatic),76.06,1906.93,No
12907-FICX,Female,0,Yes,Yes,39,Yes,Yes,DSL,Yes,Yes,No,Yes,Yes,No,Month-to-month,No,Electronic check,74.05,2823.95,No
12908-GWRK,Female,0,No,No,52,Yes,Yes,Fiber optic,No,Yes,No,Yes,No,No,Month-to-month,No,Electronic check,88.74,4748.62,No
12909-UBEF,Female,0,No,Yes,43,Yes,Yes,DSL,Yes,No,No,No,Yes,No,Month-to-month,Yes,Bank transfer (automatic),62.39,2736.86,Yes
12910-TGMT,Male,0,No,No,2,Yes,Yes,No,No internet service,No internet service,No internet service,No internet service,No internet service,No internet service,Month-to-month,No,Credit card (automatic),27.33,53.99,Yes
12911-PYQY,Male,0,No,No,43,Yes,No,DSL,Yes,No,No,No,Yes,Yes,One year,Yes,Electronic check,66.5,2920.97,No
12912-EVHQ,Female,0,Yes,No,17,Yes,No,No,No internet service,No internet service,No internet service,No internet service,No internet service,No internet service,One year,Yes,Mailed check,22.2,388.10,No
12913-EHVW,Male,0,No,No,54,Yes,Yes,Fiber optic,Yes,No,Yes,Yes,Yes,Yes,Month-to-month,No,Mailed check,108.62,5954.08,Yes
12914-RVTK,Female,0,Yes,Yes,19,No,No phone service,Fiber optic,Yes,Yes,Yes,Yes,No,No,Two year,Yes,Bank transfer (automatic),93.21,1761.24,No
12915-KKQH,Male,0,No,No,71,Yes,No,Fiber optic,Yes,Yes,No,No,Yes,No,Month-to-month,Yes,Electronic check,88.57,6376.74,Yes
12916-VUBK,Male,0,No,No,9,Yes,Yes,DSL,No,Yes,Yes,Yes,No,Yes,One year,No,Electronic check,76.79,671.71,No
12917-JTFK,Male,0,No,No,65,Yes,No,DSL,No,No,Yes,No,Yes,Yes,Two year,No,Bank transfer (automatic),65.54,4236.22,No
12918-BJVF,Female,0,Yes,No,3,Yes,Yes,Fiber optic,No,Yes,Yes,No,No,Yes,Month-to-month,No,Credit card (automatic),95.75,295.19,No
12919-HMES,Female,1,No,No,50,No,No phone service,Fiber optic,No,No,No,Yes,Yes,Yes,Month-to-month,Yes,Credit card (automatic),94.56,4856.59,Yes
12920-RUAG,Male,0,No,No,26,Yes,Yes,Fiber optic,No,No,Yes,No,No,Yes,Month-to-month,No,Credit card (automatic),90.81,2372.01,Yes
12921-LPFM,Female,0,No,No,15,Yes,No,No,No internet service,No internet service,No internet service,No internet service,No internet service,No internet service,Month-to-month,No,Credit card (automatic),21.29,321.60,No
12922-QOZB,Female,0,No,No,16,Yes,No,DSL,Yes,No,Yes,No,No,No,Two year,No,Electronic check,59.37,963.91,No
12923-YSSC,Female,0,No,No,3,Yes,No,Fiber optic,Yes,No,Yes,Yes,No,No,Month-to-month,No,Electronic check,89.83,272.66,Yes
12924-FVTD,Female,0,Yes,No,10,Yes,Yes,DSL,Yes,No,No,No,Yes,No,Two year,No,Electronic check,60.71,617.37,No
12925-THZT,Male,0,Yes,No,29,Yes,No,Fiber optic,No,Yes,No,No,No,No,One year,No,Bank transfer (automatic),76.46,2278.28,No
12926-PSOZ,Female,0,Yes,No,12,Yes,Yes,DSL,Yes,No,No,No,Yes,Yes,Two year,No,Mailed check,71.96,876.84,No
12927-TOTA,Female,0,No,No,70,Yes,Yes,No,No internet service,No internet service,No internet service,No internet service,No internet service,No internet service,Month-to-month,No,Credit card (automatic),29.38,2054.69,No
12928-QVDN,Male,1,No,Yes,60,Yes,No,Fiber optic,No,No,No,No,No,No,One year,Yes,Electronic check,72.34,4329.54,No
12929-FUOV,Male,0,Yes,Yes,35,Yes,No,Fiber optic,Yes,No,No,No,Yes,No,Month-to-month,Yes,Electronic check,88.55,3165.01,Yes
12930-JWNY,Female,0,Yes,No,7,Yes,Yes,DSL,No,Yes,No,No,Yes,No,Month-to-month,Yes,Electronic check,70.68,483.40,Yes
12931-ZRGC,Female,0,No,No,72,No,No phone service,Fiber optic,No,Yes,Yes,Yes,Yes,No,One year,No,Electronic check,96.85,7099.22,No
12932-VOUC,Male,0,No,No,53,Yes,Yes,DSL,No,Yes,Yes,Yes,Yes,Yes,Month-to-month,Yes,Mailed check,85.81,4512.13,No
12933-OWZN,Male,0,No,Yes,14,Yes,Yes,Fiber optic,No,Yes,No,Yes,No,No,Two year,Yes,Mailed check,90.95,1292.20,No
12934-IVGE,Female,0,Yes,No,4,Yes,Yes,Fiber optic,Yes,No,Yes,Yes,No,No,Month-to-month,Yes,Electronic check,98.38,394.59,Yes
12935-VLFI,Male,0,No,No,45,Yes,No,DSL,Yes,Yes,Yes,Yes,No,No,Month-to-month,No,Bank transfer (automatic),67.23,2998.05,Yes
12936-RHNE,Male,0,Yes,No,3,Yes,No,DSL,No,Yes,Yes,Yes,Yes,Yes,Two year,No,Electronic check,82.69,254.37,No
12937-JSCB,Female,1,Yes,No,45,Yes,No,DSL,Yes,No,Yes,No,Yes,No,Two year,Yes,Electronic check,65.31,2853.25,No
12938-EOVY,Female,1,No,Yes,32,Yes,No,Fiber optic,No,No,No,Yes,No,Yes,Two year,Yes,Mailed check,86.13,2708.07,No
12939-ALOO,Male,0,Yes,No,64,Yes,Yes,DSL,No,No,Yes,Yes,Yes,No,One year,Yes,Credit card (automatic),72.14,4608.64,No
12940-EMUL,Male,0,No,No,28,Yes,No,DSL,Yes,Yes,No,Yes,No,Yes,One year,No,Credit card (automatic),75.91,2136.85,No
12941-VOND,Male,0,Yes,No,33,Yes,Yes,DSL,Yes,Yes,Yes,No,No,Yes,Month-to-month,No,Electronic check,73.63,2456.66,Yes
12942-HJDH,Male,1,Yes,Yes,40,Yes,No,DSL,Yes,Yes,No,No,Yes,No,One year,No,Electronic check,66.13,2619.22,Yes
12943-DBMT,Female,0,No,No,71,Yes,Yes,Fiber optic,No,Yes,Yes,Yes,No,Yes,One year,Yes,Bank transfer (automatic),96.55,6851.71,No
12944-FOCG,Male,0,Yes,Yes,51,Yes,No,Fiber optic,No,No,Yes,No,No,No,Month-to-month,Yes,Credit card (automatic),72.54,3666.12,No
12945-SFME,Male,0,Yes,No,49,Yes,Yes,DSL,Yes,No,Yes,No,Yes,Yes,Two year,No,Mailed check,86.48,4129.28,No
12946-BFFB,Male,0,Yes,No,23,Yes,No,Fiber optic,No,No,Yes,No,No,Yes,Month-to-month,Yes,Bank transfer (automatic),81.27,1898.78,Yes
12947-CBVF,Female,0,Yes,No,35,Yes,No,Fiber optic,Yes,Yes,No,Yes,Yes,No,One year,Yes,Bank transfer (automatic),100.24,3477.44,No
12948-SIMK,Female,0,No,No,14,Yes,No,Fiber optic,Yes,No,No,No,No,Yes,One year,Yes,Bank transfer (automatic),82.88,1162.37,No
12949-QNTO,Female,0,Yes,No,29,Yes,Yes,No,No internet service,No internet service,No internet service,No internet service,No internet service,No internet service,Month-to-month,Yes,Credit card (automatic),26.58,753.30,Yes
12950-OXDP,Male,0,No,Yes,60,Yes,No,Fiber optic,No,Yes,Yes,Yes,No,Yes,Month-to-month,Yes,Bank transfer (automatic),99.76,5962.54,No
12951-GRGK,Female,0,No,No,8,Yes,No,Fiber optic,Yes,No,No,Yes,Yes,No,One year,Yes,Electronic check,88.46,720.83,No
12952-GODG,Male,0,No,Yes,12,Yes,No,Fiber optic,Yes,Yes,No,Yes,No,No,Two year,No,Credit card (automatic),82.19,984.73,No
12953-PUEY,Female,1,No,No,43,Yes,No,Fiber optic,Yes,No,No,Yes,No,Yes,Month-to-month,No,Mailed check,91.18,4004.16,No
12954-MZTY,Female,0,No,No,58,Yes,Yes,DSL,Yes,No,No,Yes,Yes,Yes,One year,No,Electronic check,81.06,4813.69,No
12955-SVSW,Female,0,No,Yes,71,Yes,No,DSL,No,No,No,Yes,Yes,Yes,Month-to-month,No,Bank transfer (automatic),68.83,4787.45,No
12956-CUPP,Male,0,Yes,No,43,Yes,Yes,No,No internet service,No internet service,No internet service,No internet service,No internet service,No internet service,Month-to-month,No,Credit card (automatic),27.75,1217.05,Yes
12957-GAFG,Female,0,No,Yes,48,Yes,No,No,No internet service,No internet service,No internet service,No internet service,No internet service,No internet service,Month-to-month,Yes,Bank transfer (automatic),18.8,883.86,No
12958-JRVL,Female,1,Yes,Yes,21,Yes,No,No,No internet service,No internet service,No internet service,No internet service,No internet service,No internet service,Month-to-month,Yes,Electronic check,21.66,460.70,Yes
12959-ESKY,Female,0,Yes,No,30,Yes,Yes,Fiber optic,Yes,Yes,Yes,No,No,No,Month-to-month,No,Mailed check,92.88,2763.94,No
12960-KYMF,Male,1,No,Yes,23,Yes,Yes,No,No internet service,No internet service,No internet service,No internet service,No internet service,No internet service,Month-to-month,No,Bank transfer (automatic),29.98,689.22,No
12961-GNGO,Female,0,Yes,Yes,8,Yes,No,Fiber optic,No,No,Yes,Yes,No,Yes,Month-to-month,Yes,Mailed check,85.66,679.28,Yes
12962-VDHO,Female,0,Yes,No,27,Yes,Yes,Fiber optic,Yes,No,Yes,Yes,Yes,Yes,Month-to-month,Yes,Electronic check,113.22,3096.54,No
12963-VTLO,Male,0,Yes,No,16,Yes,Yes,No,No internet service,No internet service,No internet service,No internet service,No internet service,No internet service,Two year,Yes,Credit card (automatic),25.37,396.39,No
12964-DQXQ,Female,0,Yes,No,43,Yes,Yes,No,No internet service,No internet service,No internet service,No internet service,No internet service,No internet service,One year,Yes,Electronic check,28.27,1226.57,No
12965-ZFKZ,Male,0,No,No,55,Yes,No,Fiber optic,No,Yes,No,No,No,Yes,Two year,No,Electronic check,84.96,4589.02,No
12966-KXFY,Female,1,Yes,Yes,71,Yes,Yes,Fiber optic,Yes,Yes,Yes,No,No,No,One year,No,Bank transfer (automatic),102.54,7306.04,No
12967-ALDK,Female,1,No,No,64,Yes,No,Fiber optic,Yes,Yes,No,No,No,Yes,Month-to-month,Yes,Electronic check,91.18,5941.68,Yes
12968-UHGC,Male,0,No,No,23,Yes,No,Fiber optic,Yes,No,No,Yes,No,No,One year,Yes,Credit card (automatic),79.82,1786.13,No
12969-YYDB,Male,1,Yes,Yes,68,No,No phone service,Fiber optic,Yes,No,No,No,No,No,Month-to-month,Yes,Credit card (automatic),77.82,5312.45,Yes
12970-SIOA,Female,1,Yes,No,68,Yes,Yes,DSL,Yes,Yes,Yes,Yes,Yes,No,Month-to-month,Yes,Mailed check,85.38,5896.65,No
12971-INDX,Male,0,Yes,No,37,No,No phone service,No,No internet service,No internet service,No internet service,No internet service,No internet service,No internet service,Month-to-month,No,Mailed check,21.43,790.63,No
12972-NIUT,Male,0,No,Yes,15,Yes,No,DSL,No,Yes,Yes,Yes,Yes,Yes,Month-to-month,No,Credit card (automatic),77.27,1146.85,No
12973-VPFK,Male,0,Yes,Yes,56,Yes,No,DSL,No,No,No,Yes,No,Yes,Two year,Yes,Bank transfer (automatic),55.36,3168.77,No
12974-NSII,Female,0,Yes,No,9,Yes,Yes,Fiber optic,No,Yes,Yes,No,Yes,Yes,Month-to-month,No,Bank transfer (automatic),99.25,871.37,Yes
12975-MAHD,Female,0,No,No,26,Yes,No,Fiber optic,Yes,No,Yes,Yes,No,No,Month-to-month,Yes,Bank transfer (automatic),89.63,2266.47,No
12976-ADVB,Female,1,No,Yes,39,Yes,No,DSL,Yes,Yes,No,Yes,Yes,Yes,One year,Yes,Credit card (automatic),71.99,2829.28,No
12977-WCON,Male,0,Yes,No,63,Yes,Yes,DSL,No,No,No,Yes,No,No,One year,No,Electronic check,58.72,3778.38,No
12978-KZBY,Male,0,No,Yes,71,Yes,Yes,No,No internet service,No internet service,No internet service,No internet service,No internet service,No internet service,Month-to-month,Yes,Electronic check,23.9,1737.53,Yes
12979-ISBS,Female,0,No,No,59,Yes,No,Fiber optic,Yes,Yes,Yes,Yes,Yes,Yes,Month-to-month,No,Electronic check,109.26,6478.80,Yes
12980-ECCN,Female,0,No,Yes,35,Yes,Yes,No,No internet service,No internet service,No internet service,No internet service,No internet service,No internet service,One year,Yes,Mailed check,29.23,1027.60,Yes
12981-RGMI,Female,0,Yes,No,7,No,No phone service,No,No internet service,No internet service,No internet service,No internet service,No internet service,No internet service,One year,No,Electronic check,20.61,146.90,No
12982-BVON,Female,0,Yes,No,58,Yes,Yes,Fiber optic,No,Yes,No,Yes,No,No,Month-to-month,Yes,Bank transfer (automatic),94.08,5601.24,No
12983-HEOC,Female,0,Yes,No,62,Yes,No,Fiber optic,No,No,No,No,No,Yes,One year,Yes,Mailed check,72.87,4614.54,No
12984-NGIU,Male,0,Yes,Yes,35,Yes,Yes,DSL,No,Yes,Yes,Yes,Yes,No,One year,No,Electronic check,80.68,2748.26,No
12985-OJKS,Male,0,Yes,No,40,Yes,No,No,No internet service,No internet service,No internet service,No internet service,No internet service,No internet service,Two year,Yes,Credit card (automatic),19.29,782.45,No
12986-BLFP,Female,0,No,No,62,Yes,Yes,Fiber optic,No,Yes,No,No,Yes,No,Month-to-month,No,Mailed check,85.04,5173.88,No
12987-RASR,Female,0,No,Yes,10,Yes,No,No,No internet service,No internet service,No internet service,No internet service,No internet service,No internet service,Two year,Yes,Electronic check,19.4,191.92,No
12988-UHOC,Female,0,No,No,59,Yes,No,No,No internet service,No internet service,No internet service,No internet service,No internet service,No internet service,One year,No,Credit card (automatic),20.45,1184.75,No
12989-HOLW,Female,0,No,No,37,Yes,Yes,DSL,Yes,No,No,No,Yes,Yes,Month-to-month,Yes,Mailed check,73.0,2776.67,Yes
12990-NVNV,Male,0,Yes,No,50,Yes,No,No,No internet service,No internet service,No internet service,No internet service,No internet service,No internet service,Two year,Yes,Mailed check,18.25,898.22,No
12991-ZAFN,Male,0,Yes,No,14,Yes,Yes,No,No internet service,No internet service,No internet service,No internet service,No internet service,No internet service,One year,Yes,Bank transfer (automatic),25.91,358.72,Yes
12992-BMLE,Female,0,No,No,45,Yes,No,Fiber optic,No,Yes,No,Yes,Yes,Yes,Month-to-month,No,Credit card (automatic),95.29,4361.48,No
12993-GQWW,Female,1,Yes,No,20,Yes,No,No,No internet service,No internet service,No internet service,No internet service,No internet service,No internet service,Two year,No,Bank transfer (automatic),22.79,445.55,No
12994-MKTN,Male,1,Yes,No,38,Yes,No,Fiber optic,No,No,No,No,No,No,One year,Yes,Credit card (automatic),71.56,2775.07,No
12995-PSRO,Male,0,No,Yes,38,No,No phone service,Fiber optic,Yes,Yes,Yes,No,No,Yes,Month-to-month,Yes,Credit card (automatic),97.77,3659.04,Yes
12996-IZKB,Female,0,Yes,No,0,No,No phone service,DSL,Yes,Yes,Yes,No,Yes,Yes,Month-to-month,Yes,Credit card (automatic),79.04,,Yes
12997-YLUH,Female,0,Yes,Yes,49,Yes,No,Fiber optic,No,No,No,Yes,No,Yes,Month-to-month,Yes,Bank transfer (automatic),85.06,4110.45,No
12998-ETTN,Female,1,No,No,41,Yes,Yes,Fiber optic,No,Yes,Yes,Yes,Yes,Yes,Month-to-month,Yes,Mailed check,112.44,4591.88,Yes
12999-RAPT,Male,0,No,Yes,29,No,No phone service,DSL,Yes,No,Yes,No,No,No,Month-to-month,Yes,Mailed check,59.96,1727.30,Yes
13000-AVIW,Female,0,No,No,25,Yes,No,Fiber optic,No,No,No,Yes,Yes,No,Month-to-month,No,Bank transfer (automatic),81.73,2072.37,No
13001-SCFZ,Female,0,Yes,No,47,Yes,No,DSL,Yes,No,Yes,No,No,Yes,Month-to-month,No,Mailed check,66.8,3110.46,Yes
13002-JMIK,Female,0,No,No,64,Yes,No,Fiber optic,No,Yes,No,Yes,Yes,No,Month-to-month,No,Mailed check,92.95,5944.84,Yes
13003-NCUI,Female,0,No,Yes,42,Yes,No,Fiber optic,Yes,No,Yes,Yes,Yes,Yes,Month-to-month,Yes,Credit card (automatic),98.91,4259.06,No
13004-XOTR,Male,0,Yes,No,48,Yes,Yes,No,No internet service,No internet service,No internet service,No internet service,No internet service,No internet service,Two year,Yes,Credit card (automatic),28.68,1355.33,No
13005-ZAIQ,Male,0,No,No,24,Yes,Yes,DSL,No,No,Yes,No,No,No,Month-to-month,No,Electronic check,59.19,1455.92,Yes
13006-GWEB,Male,0,No,No,41,Yes,No,DSL,No,Yes,Yes,No,Yes,No,Month-to-month,No,Bank transfer (automatic),60.79,2562.05,No
13007-MEME,Female,0,No,No,42,Yes,No,DSL,No,Yes,Yes,No,No,Yes,Month-to-month,Yes,Credit card (automatic),62.33,2663.05,No
13008-IYWL,Male,0,Yes,Yes,50,Yes,Yes,No,No internet service,No internet service,No internet service,No internet service,No internet service,No internet service,One year,No,Credit card (automatic),28.55,1450.89,No
13009-SZSZ,Male,0,No,No,23,Yes,No,Fiber optic,No,Yes,Yes,No,Yes,No,Month-to-month,Yes,Electronic check,90.4,2024.52,Yes
13010-XVHH,Male,1,Yes,No,26,Yes,Yes,DSL,Yes,Yes,Yes,No,No,No,One year,Yes,Credit card (automatic),75.97,1974.96,No
13011-QUNB,Female,0,Yes,No,26,Yes,Yes,DSL,No,Yes,No,No,Yes,No,Month-to-month,Yes,Credit card (automatic),65.5,1686.21,No
13012-GVCM,Female,1,Yes,Yes,31,No,No phone service,DSL,Yes,Yes,Yes,Yes,Yes,No,One year,Yes,Electronic check,79.63,2454.13,No
13013-QEEL,Female,0,Yes,Yes,22,Yes,Yes,Fiber optic,No,Yes,No,Yes,No,No,Two year,Yes,Credit card (automatic),92.33,1986.81,No
13014-NVCK,Female,1,Yes,Yes,15,Yes,No,Fiber optic,No,Yes,Yes,No,No,No,Two year,Yes,Mailed check,83.46,1221.94,No
13015-PNOM,Male,0,No,No,37,Yes,No,Fiber optic,No,Yes,Yes,Yes,No,Yes,One year,No,Bank transfer (automatic),103.16,3749.71,No
13016-RAPX,Male,0,No,No,62,Yes,No,DSL,No,Yes,Yes,Yes,No,No,Month-to-month,No,Electronic check,69.92,4430.59,No
13017-JEKM,Male,0,Yes,No,3,Yes,Yes,Fiber optic,No,Yes,No,No,Yes,Yes,Month-to-month,No,Electronic check,89.34,267.42,Yes
13018-GYCQ,Female,1,No,Yes,48,Yes,Yes,Fiber optic,Yes,Yes,No,Yes,Yes,Yes,Month-to-month,Yes,Mailed check,103.24,4878.77,Yes
13019-PNSU,Female,1,No,Yes,59,Yes,Yes,DSL,No,Yes,No,No,No,No,Two year,No,Electronic check,58.62,3387.34,No
13020-QCOB,Male,0,Yes,No,60,Yes,No,DSL,Yes,No,Yes,No,No,No,One year,Yes,Bank transfer (automatic),52.22,3049.15,No
13021-FOHC,Male,0,No,Yes,62,Yes,No,DSL,No,Yes,Yes,Yes,Yes,No,Month-to-month,No,Electronic check,76.96,4819.44,Yes
13022-LDHO,Male,0,No,No,23,Yes,No,Fiber optic,No,No,No,Yes,No,No,One year,Yes,Electronic check,78.01,1829.46,No
13023-USGJ,Female,0,No,No,8,Yes,Yes,Fiber optic,Yes,Yes,Yes,Yes,No,No,One year,No,Bank transfer (automatic),106.48,847.08,No
13024-RUOC,Male,0,No,No,72,Yes,Yes,Fiber optic,No,No,Yes,Yes,Yes,No,Two year,Yes,Mailed check,101.69,7305.76,No
13025-WSGI,Female,0,No,Yes,51,Yes,No,Fiber optic,No,No,No,Yes,Yes,Yes,Two year,No,Electronic check,89.3,4585.11,No
13026-JLLU,Male,0,No,Yes,26,Yes,No,DSL,No,Yes,Yes,No,No,No,Month-to-month,Yes,Electronic check,53.91,1389.81,No
13027-UUAG,Female,0,Yes,No,62,Yes,Yes,No,No internet service,No internet service,No internet service,No internet service,No internet service,No internet service,Two year,Yes,Electronic check,23.7,1469.54,No
13028-SRZH,Female,1,Yes,Yes,26,Yes,Yes,Fiber optic,Yes,No,Yes,Yes,No,Yes,Month-to-month,Yes,Electronic check,97.84,2534.76,Yes
13029-OCUV,Male,0,No,No,54,Yes,No,DSL,Yes,No,No,No,Yes,Yes,Month-to-month,Yes,Credit card (automatic),60.51,3209.10,No
13030-FPVQ,Female,0,Yes,No,70,Yes,No,No,No internet service,No internet service,No internet service,No internet service,No internet service,No internet service,Month-to-month,Yes,Bank transfer (automatic),18.99,1331.80,No
13031-JROU,Female,0,Yes,No,56,Yes,Yes,Fiber optic,No,Yes,No,Yes,Yes,Yes,Month-to-month,Yes,Electronic check,102.77,5736.11,Yes
13032-ZVSD,Female,0,Yes,Yes,48,Yes,Yes,Fiber optic,No,Yes,Yes,Yes,No,No,One year,Yes,Credit card (automatic),96.4,4723.55,No
13033-GAMM,Female,0,No,No,14,Yes,No,Fiber optic,No,No,Yes,Yes,Yes,No,Month-to-month,No,Credit card (automatic),87.09,1203.77,Yes
13034-IPQF,Male,0,No,No,68,Yes,No,No,No internet service,No internet service,No internet service,No internet service,No internet service,No internet service,One year,Yes,Credit card (automatic),19.59,1348.39,No
13035-ZCKD,Male,0,Yes,Yes,31,No,No phone service,DSL,No,No,Yes,Yes,No,No,One year,Yes,Bank transfer (automatic),55.24,1691.38,No
13036-QWYF,Female,0,Yes,No,45,Yes,Yes,DSL,No,No,No,Yes,Yes,Yes,Month-to-month,No,Bank transfer (automatic),71.52,3221.26,No
13037-SNFL,Male,0,Yes,No,45,No,No phone service,No,No internet service,No internet service,No internet service,No internet service,No internet service,No internet service,Month-to-month,Yes,Mailed check,18.25,829.68,No
13038-MUWL,Male,0,Yes,Yes,18,Yes,Yes,No,No internet service,No internet service,No internet service,No internet service,No internet service,No internet service,Month-to-month,No,Electronic check,23.6,434.62,Yes
13039-GETI,Male,0,No,No,44,Yes,Yes,No,No internet service,No internet service,No internet service,No internet service,No internet service,No internet service,Month-to-month,Yes,Mailed check,27.53,1196.77,No
13040-CSIS,Male,0,Yes,Yes,29,Yes,Yes,DSL,Yes,Yes,No,Yes,No,Yes,One year,No,Bank transfer (automatic),74.12,2167.02,No
13041-CJOW,Male,0,No,Yes,26,No,No phone service,Fiber optic,No,Yes,Yes,Yes,No,Yes,Month-to-month,No,Mailed check,93.32,2380.08,No
13042-WVDO,Male,0,Yes,Yes,62,Yes,Yes,Fiber optic,No,Yes,No,No,Yes,No,Month-to-month,Yes,Electronic check,91.85,5598.90,Yes
13043-PPBI,Female,0,Yes,No,52,Yes,Yes,DSL,Yes,No,Yes,Yes,No,Yes,Month-to-month,No,Electronic check,79.16,4096.86,No
13044-YNRM,Female,0,No,No,36,Yes,No,DSL,No,No,Yes,Yes,Yes,Yes,Two year,Yes,Bank transfer (automatic),74.13,2691.74,No
13045-KVZR,Male,0,Yes,No,2,Yes,Yes,No,No internet service,No internet service,No internet service,No internet service,No internet service,No internet service,Two year,Yes,Bank transfer (automatic),27.7,54.28,No
13046-WQNL,Male,0,Yes,No,52,Yes,Yes,DSL,No,No,No,Yes,No,Yes,Month-to-month,Yes,Mailed check,63.26,3385.52,No
13047-NSRP,Female,0,Yes,Yes,54,Yes,No,DSL,No,Yes,No,Yes,Yes,Yes,Month-to-month,Yes,Electronic check,66.3,3672.21,Yes
13048-MLDH,Male,0,No,No,12,Yes,Yes,DSL,No,No,No,Yes,No,No,Month-to-month,Yes,Mailed check,57.66,682.96,No
13049-VWON,Male,0,Yes,No,55,Yes,Yes,Fiber optic,No,Yes,No,Yes,No,Yes,Two year,No,Electronic check,95.65,5239.65,No
13050-TUOJ,Male,0,No,No,29,Yes,No,Fiber optic,No,Yes,No,Yes,No,Yes,Month-to-month,No,Electronic check,90.55,2573.46,No
13051-CEAN,Male,0,No,No,53,Yes,Yes,DSL,No,Yes,Yes,Yes,No,Yes,Month-to-month,No,Electronic check,84.96,4405.23,No
13052-MTXD,Male,0,No,No,61,Yes,Yes,Fiber optic,No,Yes,No,No,Yes,No,Month-to-month,Yes,Electronic check,87.66,5434.12,Yes
13053-PXEZ,Male,0,No,No,51,Yes,Yes,DSL,No,Yes,No,No,Yes,Yes,Two year,No,Electronic check,75.01,3734.68,No
13054-ILUB,Female,0,No,No,68,Yes,No,Fiber optic,No,No,Yes,No,No,Yes,Month-to-month,Yes,Electronic check,81.5,5452.64,Yes
13055-CIEH,Female,0,No,No,6,Yes,Yes,DSL,No,No,No,No,No,Yes,Two year,Yes,Credit card (automatic),60.08,353.11,No
13056-CWWV,Male,0,Yes,Yes,24,Yes,Yes,Fiber optic,No,No,No,No,No,No,One year,Yes,Electronic check,74.85,1757.24,No
13057-WZBP,Female,0,No,No,5,No,No phone service,No,No internet service,No internet service,No internet service,No internet service,No internet service,No internet service,Month-to-month,No,Credit card (automatic),21.11,107.64,No
13058-ZPBS,Female,0,No,No,13,Yes,No,Fiber optic,Yes,No,Yes,No,Yes,Yes,Two year,No,Bank transfer (automatic),97.88,1274.96,No
13059-DCZO,Male,0,Yes,No,27,Yes,Yes,DSL,No,Yes,No,Yes,Yes,Yes,One year,No,Electronic check,79.34,2144.83,No
13060-TBUS,Male,0,No,No,2,Yes,No,No,No internet service,No internet service,No internet service,No internet service,No internet service,No internet service,One year,No,Mailed check,22.78,46.80,No
13061-XRZN,Female,0,Yes,No,29,Yes,Yes,Fiber optic,Yes,No,Yes,Yes,No,No,Month-to-month,No,Bank transfer (automatic),95.51,2724.30,Yes
13062-BVJD,Male,0,No,Yes,10,Yes,Yes,Fiber optic,No,No,No,Yes,Yes,Yes,Two year,Yes,Electronic check,101.37,1020.38,Yes
13063-JTBY,Male,1,Yes,Yes,9,Yes,Yes,No,No internet service,No internet service,No internet service,No internet service,No internet service,No internet service,Two year,Yes,Electronic check,31.6,276.12,No
13064-CMCV,Male,0,Yes,No,61,Yes,No,Fiber optic,No,No,No,Yes,Yes,No,Two year,No,Electronic check,81.5,5098.79,No
13065-UNUD,Male,0,Yes,No,54,Yes,Yes,Fiber optic,No,No,Yes,No,Yes,No,Month-to-month,No,Bank transfer (automatic),93.35,4982.98,Yes
13066-QABJ,Male,0,Yes,No,33,Yes,Yes,DSL,No,No,Yes,Yes,Yes,Yes,Two year,Yes,Electronic check,79.15,2595.18,No
13067-AHND,Male,0,Yes,No,41,Yes,Yes,DSL,No,No,No,No,Yes,Yes,Month-to-month,No,Bank transfer (automatic),68.9,2889.94,No
13068-UIYD,Male,0,Yes,No,21,Yes,Yes,No,No internet service,No internet service,No internet service,No internet service,No internet service,No internet service,Month-to-month,Yes,Electronic check,26.37,554.43,Yes
13069-CEZS,Female,0,No,Yes,35,Yes,No,Fiber optic,Yes,No,No,No,Yes,Yes,One year,No,Bank transfer (automatic),89.86,3226.16,No
13070-SZKD,Male,1,Yes,Yes,56,Yes,Yes,No,No internet service,No internet service,No internet service,No internet service,No internet service,No internet service,Two year,Yes,Electronic check,24.76,1398.22,No
13071-HCLS,Female,0,No,Yes,38,Yes,No,Fiber optic,No,Yes,No,No,No,No,Month-to-month,Yes,Mailed check,74.86,2809.06,Yes
13072-GSDK,Female,0,No,No,58,Yes,No,No,No internet service,No internet service,No internet service,No internet service,No internet service,No internet service,Month-to-month,Yes,Credit card (automatic),18.35,1080.23,Yes
13073-YJVU,Female,0,Yes,Yes,35,Yes,No,Fiber optic,Yes,No,No,Yes,No,Yes,Month-to-month,No,Bank transfer (automatic),86.27,2936.00,Yes
13074-HXZO,Female,0,Yes,No,27,Yes,No,Fiber optic,Yes,No,No,Yes,No,Yes,Two year,Yes,Mailed check,90.96,2522.73,No
13075-UEXJ,Male,0,Yes,No,65,Yes,No,DSL,Yes,No,No,Yes,No,No,Month-to-month,Yes,Electronic check,60.22,4019.53,Yes
13076-DYRT,Male,0,Yes,No,65,Yes,Yes,DSL,No,No,No,Yes,Yes,Yes,One year,Yes,Bank transfer (automatic),72.09,4798.46,No
13077-HGKR,Male,0,No,Yes,17,Yes,No,Fiber optic,Yes,No,No,No,No,No,Two year,No,Mailed check,74.81,1299.34,No
13078-NIFD,Female,0,No,No,34,No,No phone service,Fiber optic,Yes,No,No,No,Yes,No,Two year,Yes,Electronic check,81.62,2770.39,No
13079-WYRQ,Female,0,No,No,56,Yes,Yes,DSL,No,Yes,No,Yes,Yes,No,Month-to-month,Yes,Credit card (automatic),70.82,3896.04,No
13080-HQZX,Female,0,Yes,No,19,Yes,Yes,Fiber optic,No,Yes,Yes,Yes,No,No,One year,Yes,Mailed check,95.6,1782.19,No
13081-QLZH,Male,0,No,No,54,Yes,Yes,Fiber optic,No,Yes,No,Yes,No,No,Month-to-month,Yes,Credit card (automatic),91.51,4854.30,No
13082-RNWY,Male,0,Yes,No,65,Yes,No,Fiber optic,Yes,No,Yes,No,No,Yes,One year,No,Mailed check,91.34,6065.29,No
13083-QOCJ,Female,1,No,No,17,Yes,Yes,Fiber optic,Yes,No,Yes,No,Yes,No,Month-to-month,No,Mailed check,98.09,1644.96,Yes
13084-BZLI,Female,0,No,No,12,Yes,Yes,DSL,No,No,Yes,Yes,No,Yes,Two year,Yes,Mailed check,68.7,815.52,No
13085-IQDW,Female,0,Yes,Yes,69,Yes,Yes,Fiber optic,No,No,Yes,No,Yes,Yes,One year,No,Mailed check,92.89,6220.49,No
13086-XSRN,Male,1,No,No,72,No,No phone service,Fiber optic,No,Yes,No,Yes,Yes,Yes,Month-to-month,Yes,Mailed check,97.16,6857.61,Yes
13087-VIOI,Male,0,No,No,62,Yes,Yes,Fiber optic,No,Yes,No,Yes,Yes,Yes,Two year,Yes,Bank transfer (automatic),108.68,6891.14,No
13088-VLFN,Male,1,No,No,45,Yes,No,Fiber optic,No,Yes,No,No,Yes,Yes,Two year,Yes,Electronic check,85.96,3919.48,Yes
13089-SGII,Female,0,Yes,No,7,No,No phone service,DSL,Yes,No,Yes,Yes,Yes,Yes,Month-to-month,No,Electronic check,77.69,552.99,Yes
13090-QTVF,Male,0,No,No,66,Yes,No,Fiber optic,Yes,Yes,Yes,Yes,No,Yes,One year,No,Credit card (automatic),97.54,6454.78,No
13091-YRCO,Female,0,Yes,No,15,Yes,Yes,No,No internet service,No internet service,No internet service,No internet service,No internet service,No internet service,Two year,Yes,Credit card (automatic),23.01,337.86,No
13092-OSHK,Male,0,Yes,No,13,Yes,No,DSL,Yes,No,No,No,No,Yes,Two year,No,Mailed check,60.19,759.39,No
13093-HOIS,Male,0,No,Yes,52,Yes,Yes,DSL,Yes,Yes,Yes,No,Yes,Yes,Two year,Yes,Electronic check,88.36,4587.84,No
13094-YYYC,Male,0,Yes,No,29,Yes,No,No,No internet service,No internet service,No internet service,No internet service,No internet service,No internet service,One year,No,Electronic check,22.28,645.19,No
13095-NDZE,Female,0,Yes,Yes,63,Yes,Yes,Fiber optic,No,No,Yes,Yes,No,No,Month-to-month,No,Bank transfer (automatic),91.87,5683.42,Yes
13096-HKTL,Female,0,No,Yes,63,Yes,No,DSL,No,Yes,Yes,Yes,No,No,Month-to-month,No,Bank transfer (automatic),62.88,3995.31,Yes
13097-DOTG,Female,0,Yes,No,58,No,No phone service,Fiber optic,Yes,Yes,Yes,No,No,No,Month-to-month,No,Bank transfer (automatic),87.18,5043.37,No
13098-QVTA,Female,0,No,Yes,61,Yes,No,No,No internet service,No internet service,No internet service,No internet service,No internet service,No internet service,One year,Yes,Credit card (automatic),21.64,1320.60,No
13099-VZMX,Male,0,No,Yes,40,Yes,No,DSL,Yes,Yes,Yes,No,Yes,Yes,Two year,Yes,Mailed check,78.36,3126.51,No
13100-PILP,Male,1,Yes,No,63,Yes,No,Fiber optic,No,No,No,Yes,No,No,Month-to-month,Yes,Credit card (automatic),74.55,4747.81,No
13101-TRAF,Female,0,No,No,66,Yes,Yes,No,No internet service,No internet service,No internet service,No internet service,No internet service,No internet service,One year,Yes,Bank transfer (automatic),21.4,1375.35,No
13102-GZGE,Male,0,No,No,21,No,No phone service,DSL,Yes,No,No,No,No,No,Month-to-month,Yes,Bank transfer (automatic),52.03,1080.43,Yes
13103-XCKT,Male,0,No,No,31,Yes,No,No,No internet service,No internet service,No internet service,No internet service,No internet service,No internet service,Month-to-month,Yes,Bank transfer (automatic),22.16,696.72,No
13104-XVPE,Female,0,No,No,45,Yes,Yes,No,No internet service,No internet service,No internet service,No internet service,No internet service,No internet service,Month-to-month,Yes,Electronic check,27.08,1195.25,Yes
13105-PEEF,Female,0,No,No,62,Yes,Yes,Fiber optic,No,Yes,No,No,Yes,No,Month-to-month,No,Credit card (automatic),92.03,5557.95,No
13106-HPJO,Male,1,No,Yes,29,Yes,No,Fiber optic,Yes,No,Yes,No,Yes,Yes,Two year,No,Electronic check,98.77,2808.91,No
13107-EOEB,Female,0,Yes,Yes,19,Yes,Yes,Fiber optic,No,No,No,Yes,No,Yes,One year,Yes,Electronic check,90.43,1735.33,Yes
13108-ASSH,Female,0,Yes,Yes,24,Yes,Yes,Fiber optic,Yes,Yes,No,Yes,No,Yes,Month-to-month,No,Credit card (automatic),98.18,2310.24,Yes
13109-TLME,Female,1,No,No,58,Yes,Yes,DSL,Yes,No,Yes,No,Yes,No,Two year,No,Electronic check,73.92,4181.24,No
13110-ONOG,Female,0,No,Yes,38,Yes,No,DSL,No,Yes,No,No,No,No,Month-to-month,Yes,Credit card (automatic),52.88,2016.12,No
13111-CQGF,Male,0,No,No,19,No,No phone service,DSL,No,No,Yes,Yes,Yes,No,One year,No,Credit card (automatic),63.73,1210.53,Yes
13112-BCQV,Male,0,Yes,No,52,Yes,Yes,Fiber optic,No,Yes,No,No,Yes,No,Month-to-month,No,Bank transfer (automatic),92.02,4886.61,Yes
13113-QMHG,Female,0,No,No,48,Yes,No,Fiber optic,Yes,No,Yes,Yes,Yes,No,Month-to-month,Yes,Credit card (automatic),91.31,4313.66,Yes
13114-BXIR,Male,0,Yes,No,38,No,No phone service,No,No internet service,No internet service,No internet service,No internet service,No internet service,No internet service,Two year,Yes,Credit card (automatic),18.65,723.64,No
13115-COBI,Male,0,Yes,No,45,Yes,Yes,Fiber optic,No,No,No,Yes,No,Yes,Month-to-month,Yes,Bank transfer (automatic),90.35,3953.72,Yes
13116-AQMB,Female,0,No,No,17,Yes,Yes,Fiber optic,Yes,No,No,Yes,No,No,One year,Yes,Bank transfer (automatic),89.14,1515.18,Yes
13117-KYFN,Male,0,Yes,Yes,14,Yes,No,Fiber optic,Yes,Yes,No,Yes,No,Yes,Month-to-month,No,Bank transfer (automatic),97.63,1356.33,Yes
13118-YTBZ,Female,0,No,No,59,No,No phone service,Fiber optic,No,No,Yes,No,No,No,Month-to-month,No,Electronic check,76.59,4522.32,Yes
13119-HDSG,Male,0,Yes,Yes,49,No,No phone service,Fiber optic,Yes,No,Yes,Yes,No,Yes,Two year,No,Bank transfer (automatic),89.51,4509.48,No
13120-HFWA,Male,1,No,Yes,71,Yes,No,DSL,Yes,Yes,No,No,Yes,No,One year,Yes,Electronic check,66.9,4811.84,No
13121-CIJS,Female,0,No,Yes,68,Yes,No,DSL,No,No,No,No,Yes,No,One year,Yes,Credit card (automatic),49.92,3474.07,No
13122-CHSV,Female,1,Yes,No,27,Yes,Yes,Fiber optic,No,No,Yes,Yes,Yes,No,Two year,No,Bank transfer (automatic),90.39,2384.89,No
13123-VVUM,Male,0,No,Yes,34,Yes,Yes,No,No internet service,No internet service,No internet service,No internet service,No internet service,No internet service,One year,Yes,Electronic check,24.76,838.37,No
13124-IBDJ,Male,0,No,No,62,Yes,No,No,No internet service,No internet service,No internet service,No internet service,No internet service,No internet service,Month-to-month,No,Credit card (automatic),20.27,1258.50,No
13125-LLDR,Male,0,Yes,No,1,Yes,No,Fiber optic,Yes,No,No,No,Yes,Yes,One year,Yes,Credit card (automatic),94.92,95.18,No
13126-IXYC,Male,0,No,No,63,Yes,No,Fiber optic,Yes,Yes,No,No,Yes,Yes,Month-to-month,No,Bank transfer (automatic),101.96,6260.67,Yes
13127-DOCK,Female,0,No,No,13,Yes,Yes,Fiber optic,No,Yes,Yes,Yes,No,Yes,Month-to-month,Yes,Electronic check,93.84,1184.51,Yes
13128-KEMX,Male,1,Yes,No,19,Yes,No,Fiber optic,No,Yes,Yes,Yes,Yes,No,One year,Yes,Credit card (automatic),95.86,1855.47,No
13129-BWKM,Male,0,No,No,35,Yes,Yes,DSL,No,Yes,No,No,No,No,One year,Yes,Credit card (automatic),60.55,2117.02,No
13130-MIBC,Male,0,Yes,Yes,51,Yes,No,DSL,No,Yes,No,Yes,No,Yes,One year,Yes,Electronic check,64.44,3238.37,No
13131-HMOJ,Male,0,Yes,Yes,26,Yes,No,DSL,Yes,Yes,No,Yes,Yes,Yes,Month-to-month,Yes,Mailed check,78.23,1992.19,No
13132-ITON,Female,1,Yes,No,68,Yes,No,No,No internet service,No internet service,No internet service,No internet service,No internet service,No internet service,One year,No,Credit card (automatic),18.9,1322.82,No
13133-PJVJ,Male,0,No,No,57,No,No phone service,Fiber optic,No,Yes,No,No,Yes,No,Month-to-month,No,Credit card (automatic),78.7,4537.15,Yes
13134-UYSO,Female,0,No,No,54,Yes,Yes,Fiber optic,Yes,Yes,Yes,Yes,No,No,Month-to-month,No,Credit card (automatic),96.12,5278.28,No
13135-FKBW,Male,0,Yes,Yes,56,Yes,Yes,No,No internet service,No internet service,No internet service,No internet service,No internet service,No internet service,Two year,No,Bank transfer (automatic),26.62,1509.48,No
13136-WZOM,Male,1,Yes,No,3,Yes,No,Fiber optic,Yes,Yes,Yes,Yes,No,No,Month-to-month,No,Electronic check,92.87,279.45,Yes
13137-TSFY,Female,0,Yes,No,60,Yes,Yes,Fiber optic,No,Yes,No,Yes,No,Yes,One year,Yes,Bank transfer (automatic),97.84,5747.73,No
13138-HFVT,Male,0,No,No,44,Yes,Yes,No,No internet service,No internet service,No internet service,No internet service,No internet service,No internet service,Month-to-month,No,Mailed check,27.08,1185.78,No
13139-NVDL,Male,0,Yes,Yes,14,Yes,Yes,DSL,Yes,No,Yes,No,No,No,One year,Yes,Bank transfer (automatic),62.85,886.80,No
13140-KSSA,Male,0,Yes,No,57,Yes,No,DSL,No,No,Yes,Yes,Yes,Yes,Month-to-month,No,Mailed check,74.64,4340.34,No
13141-IQPQ,Male,0,Yes,No,8,Yes,Yes,Fiber optic,No,No,Yes,Yes,Yes,No,Month-to-month,No,Credit card (automatic),98.41,809.33,Yes
13142-KBLR,Female,0,Yes,No,45,Yes,No,DSL,No,Yes,No,No,Yes,Yes,Two year,No,Bank transfer (automatic),61.11,2757.06,No
13143-OKPE,Female,0,No,Yes,41,Yes,No,Fiber optic,No,Yes,Yes,No,Yes,No,Month-to-month,Yes,Mailed check,92.06,3849.00,Yes
13144-ZNKI,Male,1,No,No,3,Yes,No,No,No internet service,No internet service,No internet service,No internet service,No internet service,No internet service,Two year,Yes,Electronic check,18.91,55.30,No
13145-LQJI,Female,1,Yes,No,27,Yes,No,No,No internet service,No internet service,No internet service,No internet service,No internet service,No internet service,Month-to-month,No,Bank transfer (automatic),20.62,540.77,Yes
13146-BAKC,Female,1,No,No,9,Yes,No,DSL,No,No,No,Yes,Yes,No,Month-to-month,No,Credit card (automatic),61.22,542.07,Yes
13147-OMCC,Female,1,Yes,No,69,No,No phone service,DSL,No,No,No,Yes,Yes,Yes,Month-to-month,No,Credit card (automatic),63.36,4258.47,Yes
13148-OXHQ,Male,0,No,No,58,No,No phone service,No,No internet service,No internet service,No internet service,No internet service,No internet service,No internet service,Month-to-month,Yes,Credit card (automatic),19.7,1160.58,No
13149-MSAF,Female,1,Yes,Yes,72,Yes,Yes,No,No internet service,No internet service,No internet service,No internet service,No internet service,No internet service,Month-to-month,Yes,Electronic check,26.7,1946.26,Yes
13150-SLWI,Male,1,Yes,Yes,36,Yes,Yes,DSL,Yes,Yes,Yes,No,Yes,No,Month-to-month,Yes,Bank transfer (automatic),69.41,2460.40,No
13151-JRIA,Female,0,No,No,24,Yes,No,No,No internet service,No internet service,No internet service,No internet service,No internet service,No internet service,Two year,Yes,Bank transfer (automatic),21.21,496.92,No
13152-NBTI,Female,0,Yes,No,69,Yes,Yes,No,No internet service,No internet service,No internet service,No internet service,No internet service,No internet service,Month-to-month,Yes,Electronic check,28.94,2045.41,Yes
13153-SEZP,Male,0,No,No,23,No,No phone service,DSL,No,Yes,Yes,No,No,Yes,Month-to-month,Yes,Electronic check,65.01,1487.66,Yes
13154-PFRZ,Male,0,Yes,No,30,Yes,Yes,Fiber optic,No,No,No,Yes,No,No,Month-to-month,No,Bank transfer (automatic),80.44,2345.68,Yes
13155-SZHU,Female,0,Yes,Yes,10,Yes,No,No,No internet service,No internet service,No internet service,No internet service,No internet service,No internet service,One year,Yes,Credit card (automatic),19.9,193.23,No
13156-GWDA,Male,0,No,Yes,60,Yes,Yes,Fiber optic,Yes,Yes,Yes,No,Yes,No,Month-to-month,Yes,Electronic check,100.82,6137.95,Yes
13157-VULR,Female,0,Yes,No,9,Yes,No,Fiber optic,No,No,Yes,Yes,No,No,One year,Yes,Bank transfer (automatic),86.41,773.77,Yes
13158-PVNM,Female,0,Yes,No,3,Yes,No,No,No internet service,No internet service,No internet service,No internet service,No internet service,No internet service,One year,No,Mailed check,20.21,60.53,No
13159-XRZT,Male,0,No,Yes,60,Yes,No,No,No internet service,No internet service,No internet service,No internet service,No internet service,No internet service,Two year,Yes,Electronic check,19.89,1175.59,No
13160-ZRQM,Male,1,Yes,No,61,Yes,No,DSL,No,Yes,No,Yes,No,No,Month-to-month,Yes,Electronic check,55.56,3294.52,No
13161-KBDQ,Male,0,No,No,62,Yes,Yes,Fiber optic,No,No,Yes,Yes,No,Yes,One year,Yes,Credit card (automatic),97.85,5917.21,No
13162-TADC,Male,0,Yes,Yes,62,Yes,No,No,No internet service,No internet service,No internet service,No internet service,No internet service,No internet service,Month-to-month,Yes,Electronic check,20.31,1225.42,Yes
13163-ALIQ,Male,0,No,Yes,11,Yes,No,DSL,Yes,Yes,No,Yes,Yes,Yes,Month-to-month,No,Bank transfer (automatic),71.22,774.42,Yes
13164-TUYD,Male,1,No,No,27,Yes,Yes,DSL,Yes,No,No,No,No,No,Two year,Yes,Electronic check,61.84,1670.70,No
13165-SIKI,Female,1,Yes,Yes,56,Yes,No,No,No internet service,No internet service,No internet service,No internet service,No internet service,No internet service,Two year,No,Electronic check,19.04,1065.94,No
13166-ESZM,Male,0,No,Yes,23,Yes,Yes,Fiber optic,No,Yes,Yes,No,Yes,Yes,Month-to-month,Yes,Bank transfer (automatic),96.71,2186.19,Yes
13167-PQJT,Female,0,No,Yes,57,Yes,Yes,DSL,Yes,Yes,Yes,No,No,No,One year,Yes,Mailed check,70.89,4155.90,No
13168-HGDX,Female,0,No,Yes,66,Yes,Yes,DSL,Yes,Yes,Yes,Yes,No,No,One year,Yes,Electronic check,73.85,4811.14,No
13169-IOEP,Female,0,Yes,No,70,Yes,No,No,No internet service,No internet service,No internet service,No internet service,No internet service,No internet service,Month-to-month,Yes,Credit card (automatic),22.85,1619.81,No
13170-HJNR,Female,0,No,Yes,56,Yes,Yes,DSL,No,Yes,Yes,Yes,No,Yes,Month-to-month,Yes,Mailed check,78.77,4393.07,No
13171-ZLNL,Male,0,No,No,58,No,No phone service,DSL,No,No,No,Yes,Yes,No,Two year,No,Mailed check,58.4,3410.51,No
13172-UVKQ,Female,0,No,No,44,Yes,No,No,No internet service,No internet service,No internet service,No internet service,No internet service,No internet service,Month-to-month,Yes,Mailed check,21.64,924.39,No
13173-WZYM,Male,0,No,Yes,6,Yes,No,No,No internet service,No internet service,No internet service,No internet service,No internet service,No internet service,Month-to-month,Yes,Bank transfer (automatic),22.87,133.95,No
13174-KJNW,Male,0,No,Yes,32,No,No phone service,Fiber optic,Yes,Yes,Yes,Yes,Yes,Yes,Month-to-month,Yes,Credit card (automatic),102.7,3287.35,Yes
13175-XAGV,Male,0,No,No,69,Yes,Yes,Fiber optic,Yes,No,No,Yes,Yes,No,Two year,No,Electronic check,95.53,6441.99,No
13176-HBWW,Female,0,No,No,66,Yes,Yes,Fiber optic,No,Yes,No,No,No,No,Month-to-month,No,Bank transfer (automatic),80.54,5361.56,No
13177-SBGI,Female,0,No,No,18,Yes,No,DSL,No,Yes,Yes,Yes,No,Yes,One year,Yes,Electronic check,73.45,1308.66,No
13178-LGDY,Female,0,No,No,54,Yes,No,No,No internet service,No internet service,No internet service,No internet service,No internet service,No internet service,Month-to-month,No,Electronic check,19.37,1064.74,No
13179-CQTN,Female,0,Yes,No,23,Yes,No,Fiber optic,Yes,No,No,No,Yes,Yes,Month-to-month,No,Credit card (automatic),90.53,2043.92,Yes
13180-LINN,Male,1,No,Yes,31,Yes,No,Fiber optic,Yes,Yes,No,Yes,Yes,Yes,Month-to-month,No,Credit card (automatic),99.9,3144.49,Yes
13181-NUXI,Female,0,Yes,Yes,47,Yes,No,Fiber optic,No,No,No,Yes,No,Yes,Month-to-month,Yes,Electronic check,84.19,3947.17,Yes
13182-DSEH,Male,0,No,No,36,No,No phone service,Fiber optic,No,No,No,No,No,Yes,Month-to-month,No,Mailed check,77.33,2772.35,Yes
13183-YTGO,Female,0,No,Yes,44,Yes,Yes,DSL,No,No,Yes,No,Yes,No,Month-to-month,Yes,Bank transfer (automatic),61.44,2643.00,No
13184-EVOA,Male,0,No,No,8,Yes,Yes,Fiber optic,No,No,Yes,Yes,Yes,No,One year,Yes,Bank transfer (automatic),95.96,765.60,Yes
13185-GNAG,Female,1,Yes,Yes,22,Yes,Yes,Fiber optic,No,No,Yes,Yes,Yes,No,Month-to-month,Yes,Credit card (automatic),99.15,2201.57,No
13186-CYNG,Male,0,No,No,59,Yes,Yes,No,No internet service,No internet service,No internet service,No internet service,No internet service,No internet service,Two year,Yes,Mailed check,26.52,1530.53,No
13187-GEEH,Female,0,Yes,No,45,Yes,Yes,No,No internet service,No internet service,No internet service,No internet service,No internet service,No internet service,Two year,No,Bank transfer (automatic),29.02,1272.62,No
13188-ANEZ,Male,0,No,No,61,Yes,No,DSL,Yes,No,Yes,No,No,Yes,Month-to-month,Yes,Electronic check,68.76,4119.01,No
13189-DTEY,Male,0,No,No,70,Yes,Yes,Fiber optic,Yes,No,Yes,No,No,Yes,Two year,Yes,Credit card (automatic),96.41,6846.48,No
13190-VCDZ,Female,1,No,Yes,26,No,No phone service,Fiber optic,Yes,Yes,Yes,Yes,Yes,No,Month-to-month,Yes,Bank transfer (automatic),101.8,2596.54,Yes
13191-ESAQ,Male,0,Yes,Yes,20,Yes,No,Fiber optic,Yes,No,Yes,Yes,Yes,Yes,Month-to-month,No,Bank transfer (automatic),101.76,2073.36,No
13192-WKBD,Male,0,No,No,23,Yes,No,No,No internet service,No internet service,No internet service,No internet service,No internet service,No internet service,Month-to-month,No,Electronic check,18.25,427.43,No
13193-GCNA,Male,0,Yes,Yes,42,Yes,Yes,Fiber optic,Yes,No,No,Yes,No,No,Two year,Yes,Electronic check,88.8,3662.31,No
13194-AYAE,Male,0,No,No,19,Yes,Yes,DSL,Yes,No,Yes,Yes,No,Yes,Month-to-month,Yes,Electronic check,75.85,1427.40,No
13195-PCNL,Male,0,No,No,29,Yes,Yes,Fiber optic,No,No,Yes,No,No,Yes,Month-to-month,Yes,Electronic check,92.03,2700.50,Yes
13196-XGEF,Female,1,No,No,13,Yes,Yes,DSL,Yes,Yes,Yes,Yes,Yes,No,One year,Yes,Mailed check,86.82,1117.53,No
13197-MCDA,Male,0,Yes,No,28,Yes,No,DSL,No,Yes,Yes,Yes,Yes,Yes,One year,Yes,Mailed check,77.65,2200.61,Yes
13198-BWKP,Male,0,Yes,No,69,Yes,Yes,DSL,No,No,Yes,Yes,No,No,Month-to-month,No,Electronic check,64.48,4503.93,Yes
13199-HNKP,Male,1,No,No,31,Yes,Yes,Fiber optic,Yes,Yes,Yes,Yes,Yes,No,One year,No,Mailed check,109.66,3378.37,No
13200-ZIRD,Female,0,No,Yes,55,Yes,Yes,Fiber optic,No,No,Yes,No,Yes,Yes,One year,Yes,Mailed check,99.82,5639.17,No
13201-BWLO,Female,0,Yes,No,31,Yes,Yes,Fiber optic,Yes,Yes,No,Yes,Yes,Yes,Month-to-month,Yes,Electronic check,109.28,3320.55,No
13202-QUQU,Male,0,No,Yes,32,Yes,No,Fiber optic,Yes,No,Yes,No,No,Yes,Month-to-month,Yes,Electronic check,86.02,2766.34,Yes
13203-BCVT,Male,0,Yes,No,48,Yes,No,DSL,No,Yes,Yes,No,No,No,One year,Yes,Bank transfer (automatic),62.91,2962.02,No
13204-OOOQ,Male,0,Yes,Yes,8,Yes,Yes,Fiber optic,No,Yes,Yes,No,Yes,No,One year,No,Credit card (automatic),95.88,762.18,No
13205-YOPB,Female,0,No,No,26,Yes,No,DSL,No,No,No,No,No,Yes,Month-to-month,No,Electronic check,52.96,1351.46,No
13206-HVVI,Female,0,No,No,11,Yes,Yes,Fiber optic,Yes,Yes,Yes,Yes,No,Yes,Month-to-month,Yes,Mailed check,108.17,1182.54,Yes
13207-VEAT,Female,1,No,Yes,15,Yes,Yes,Fiber optic,Yes,Yes,Yes,No,Yes,No,Month-to-month,Yes,Electronic check,99.63,1504.67,Yes
13208-KZSE,Male,0,Yes,No,52,Yes,No,DSL,Yes,Yes,No,No,Yes,No,Two year,Yes,Electronic check,63.57,3392.46,No
13209-NACQ,Female,0,No,Yes,13,Yes,Yes,Fiber optic,Yes,No,Yes,No,Yes,No,Month-to-month,No,Electronic check,95.52,1213.38,Yes
13210-WRFY,Male,1,No,No,15,Yes,Yes,Fiber optic,No,No,No,No,No,Yes,Month-to-month,Yes,Mailed check,83.52,1260.93,Yes
13211-EKTK,Female,0,No,No,42,Yes,No,DSL,Yes,Yes,No,No,Yes,No,Month-to-month,Yes,Mailed check,60.65,2514.10,Yes
13212-KSWK,Female,0,Yes,No,26,No,No phone service,Fiber optic,Yes,No,No,No,No,No,Month-to-month,Yes,Mailed check,80.4,2062.88,Yes
13213-DAGX,Male,0,No,No,9,Yes,Yes,DSL,Yes,No,No,Yes,Yes,Yes,Two year,Yes,Mailed check,77.65,704.08,No
13214-LPKO,Female,0,Yes,No,69,Yes,No,Fiber optic,No,Yes,Yes,No,No,No,Two year,No,Mailed check,83.89,5800.06,No
13215-ONPT,Female,0,No,Yes,67,Yes,Yes,DSL,No,Yes,No,No,Yes,No,Month-to-month,Yes,Mailed check,68.28,4604.16,No
13216-XUSO,Male,0,No,No,42,Yes,No,No,No internet service,No internet service,No internet service,No internet service,No internet service,No internet service,Two year,Yes,Electronic check,22.21,941.20,No
13217-NJSD,Male,0,Yes,No,38,Yes,Yes,DSL,No,No,No,Yes,No,No,Month-to-month,No,Electronic check,57.64,2133.07,No
13218-HZHT,Male,0,Yes,No,59,Yes,No,No,No internet service,No internet service,No internet service,No internet service,No internet service,No internet service,One year,Yes,Electronic check,22.67,1367.97,No
13219-OAPQ,Female,0,No,No,71,Yes,No,DSL,No,No,No,No,No,No,Month-to-month,Yes,Bank transfer (automatic),46.29,3298.62,No
13220-TAZD,Male,0,No,No,8,No,No phone service,Fiber optic,Yes,Yes,No,Yes,No,No,One year,Yes,Mailed check,92.23,727.61,Yes
13221-DPVV,Male,0,Yes,Yes,8,Yes,Yes,DSL,No,Yes,No,No,No,No,One year,No,Electronic check,59.1,469.85,No
13222-DQOR,Female,0,Yes,Yes,24,Yes,No,DSL,Yes,Yes,Yes,Yes,No,No,Month-to-month,No,Electronic check,72.78,1780.54,Yes
13223-DSSN,Male,0,No,No,22,Yes,Yes,DSL,Yes,No,Yes,Yes,Yes,Yes,Two year,No,Bank transfer (automatic),82.29,1861.50,No
13224-LSYX,Male,0,Yes,Yes,65,Yes,No,DSL,No,Yes,No,Yes,Yes,No,Month-to-month,Yes,Credit card (automatic),62.89,4101.99,No
13225-ZWKQ,Female,1,No,Yes,37,Yes,No,Fiber optic,Yes,No,Yes,No,No,Yes,Two year,Yes,Electronic check,94.03,3513.54,Yes
13226-GSAZ,Female,1,No,No,59,Yes,No,Fiber optic,Yes,No,Yes,No,No,No,Two year,Yes,Bank transfer (automatic),82.66,4958.67,No
13227-ZPKV,Female,0,Yes,No,49,Yes,No,Fiber optic,Yes,Yes,No,Yes,Yes,No,Month-to-month,No,Electronic check,99.89,5018.71,Yes
13228-XGXI,Male,1,No,No,53,Yes,Yes,Fiber optic,Yes,Yes,No,No,No,Yes,Two year,No,Electronic check,89.75,4760.82,No
13229-BNBL,Male,1,No,No,69,Yes,Yes,DSL,No,No,No,Yes,Yes,Yes,Two year,No,Electronic check,68.95,4649.42,No
13230-PDLY,Male,0,No,No,43,Yes,Yes,Fiber optic,Yes,No,No,Yes,Yes,No,One year,No,Mailed check,95.28,4180.58,No
13231-JHNM,Female,0,No,Yes,56,No,No phone service,No,No internet service,No internet service,No internet service,No internet service,No internet service,No internet service,Month-to-month,Yes,Electronic check,21.07,1205.35,No
13232-GPSF,Male,0,Yes,No,20,Yes,Yes,DSL,Yes,Yes,No,Yes,Yes,No,Month-to-month,Yes,Mailed check,76.83,1578.45,No
13233-GWBE,Male,0,Yes,No,19,Yes,Yes,No,No internet service,No internet service,No internet service,No internet service,No internet service,No internet service,Month-to-month,No,Credit card (automatic),25.67,481.17,Yes
13234-CLFS,Female,0,No,No,43,Yes,No,DSL,No,Yes,No,Yes,Yes,No,Two year,Yes,Electronic check,64.24,2755.20,No
13235-CVZE,Female,0,Yes,No,65,Yes,No,Fiber optic,Yes,Yes,No,Yes,Yes,No,Month-to-month,No,Bank transfer (automatic),98.41,6499.18,No
13236-TOFY,Female,0,Yes,Yes,4,Yes,Yes,No,No internet service,No internet service,No internet service,No internet service,No internet service,No internet service,Month-to-month,Yes,Electronic check,26.05,101.86,No
13237-WCHH,Male,0,Yes,No,37,Yes,No,Fiber optic,No,Yes,No,No,No,No,Month-to-month,No,Mailed check,72.31,2646.75,No
13238-LQJR,Female,1,No,Yes,15,Yes,No,Fiber optic,Yes,No,No,No,No,No,Two year,Yes,Credit card (automatic),76.13,1170.02,No
13239-NYCC,Male,0,Yes,Yes,64,Yes,No,Fiber optic,Yes,Yes,Yes,Yes,Yes,No,One year,No,Electronic check,104.63,6894.04,No
13240-KUUW,Female,0,No,No,38,Yes,No,Fiber optic,No,No,Yes,No,No,No,Month-to-month,Yes,Mailed check,76.46,2950.01,No
13241-EBVD,Male,0,No,Yes,4,Yes,Yes,Fiber optic,Yes,Yes,Yes,No,Yes,Yes,Two year,Yes,Mailed check,112.04,460.25,No
13242-NLTN,Female,0,Yes,Yes,1,Yes,Yes,No,No internet service,No internet service,No internet service,No internet service,No internet service,No internet service,Month-to-month,No,Credit card (automatic),25.82,26.28,Yes
13243-AHWS,Male,0,No,No,47,Yes,Yes,No,No internet service,No internet service,No internet service,No internet service,No internet service,No internet service,Two year,No,Electronic check,28.64,1360.48,No
13244-WLJR,Female,0,Yes,No,17,Yes,No,DSL,Yes,Yes,No,Yes,Yes,No,One year,No,Electronic check,74.26,1278.73,No
13245-HXGQ,Male,0,No,No,3,Yes,Yes,Fiber optic,Yes,Yes,No,Yes,No,No,Month-to-month,Yes,Electronic check,98.79,291.36,Yes
13246-LXFL,Female,0,No,Yes,11,Yes,No,Fiber optic,Yes,No,No,No,Yes,No,Month-to-month,Yes,Bank transfer (automatic),82.74,932.23,Yes
13247-MSUP,Male,0,No,No,12,Yes,No,Fiber optic,No,Yes,Yes,No,Yes,Yes,Month-to-month,Yes,Mailed check,95.89,1137.68,Yes
13248-VXGL,Male,0,No,No,25,Yes,No,DSL,No,Yes,Yes,Yes,No,Yes,Two year,No,Mailed check,76.19,1943.69,No
13249-FINJ,Male,0,No,No,52,Yes,Yes,No,No internet service,No internet service,No internet service,No internet service,No internet service,No internet service,Month-to-month,No,Electronic check,27.78,1461.64,No
13250-UTAC,Female,0,No,No,62,Yes,No,Fiber optic,Yes,No,Yes,No,No,No,Two year,Yes,Mailed check,79.58,4817.53,No
13251-CZSL,Male,0,No,No,39,Yes,Yes,DSL,No,No,No,No,Yes,No,Month-to-month,No,Credit card (automatic),58.08,2298.39,No
13252-HHWP,Male,0,Yes,Yes,69,Yes,Yes,DSL,No,Yes,No,No,No,No,Two year,No,Bank transfer (automatic),61.55,4278.54,No
13253-YLYJ,Female,0,No,No,57,Yes,No,Fiber optic,No,No,No,Yes,Yes,No,Month-to-month,No,Credit card (automatic),79.19,4511.33,Yes
13254-AFCB,Male,0,No,No,12,Yes,No,Fiber optic,No,Yes,No,No,No,No,Month-to-month,Yes,Bank transfer (automatic),74.27,908.29,Yes
13255-IMNA,Male,0,Yes,No,53,Yes,Yes,DSL,Yes,No,No,No,No,Yes,Two year,Yes,Bank transfer (automatic),60.98,3241.56,No
13256-VJBG,Female,0,No,No,17,Yes,No,DSL,No,No,No,No,No,Yes,Month-to-month,Yes,Credit card (automatic),48.93,851.99,No
13257-JJUM,Female,0,No,No,70,Yes,Yes,DSL,No,No,Yes,Yes,No,Yes,Two year,Yes,Mailed check,68.22,4783.82,No
13258-QWUZ,Female,0,No,No,61,No,No phone service,Fiber optic,No,Yes,Yes,No,Yes,Yes,One year,No,Bank transfer (automatic),92.06,5562.80,No
13259-STIE,Female,0,Yes,Yes,5,Yes,No,Fiber optic,No,No,No,Yes,No,Yes,Month-to-month,No,Electronic check,81.45,395.52,Yes
13260-TYUE,Male,0,No,Yes,13,Yes,No,DSL,Yes,Yes,No,No,Yes,No,Two year,Yes,Electronic check,62.79,816.19,No
13261-OJAE,Male,0,No,No,32,Yes,No,No,No internet service,No internet service,No internet service,No internet service,No internet service,No internet service,Month-to-month,Yes,Mailed check,21.46,693.78,No
13262-ALVP,Male,0,Yes,No,54,Yes,Yes,DSL,Yes,No,No,No,No,No,Month-to-month,No,Mailed check,57.77,3118.11,No
13263-NRTR,Female,0,No,No,40,Yes,Yes,No,No internet service,No internet service,No internet service,No internet service,No internet service,No internet service,One year,No,Electronic check,27.31,1119.00,No
13264-WADY,Female,0,No,No,7,Yes,No,No,No internet service,No internet service,No internet service,No internet service,No internet service,No internet service,Month-to-month,Yes,Electronic check,18.25,129.23,No
13265-HMVA,Male,0,Yes,Yes,46,Yes,Yes,DSL,Yes,No,Yes,No,No,Yes,Two year,Yes,Bank transfer (automatic),65.66,2964.98,No
13266-KCUU,Female,0,No,No,47,Yes,Yes,No,No internet service,No internet service,No internet service,No internet service,No internet service,No internet service,Month-to-month,Yes,Bank transfer (automatic),24.33,1124.49,No
13267-ALKR,Male,1,Yes,No,67,Yes,Yes,Fiber optic,No,Yes,No,Yes,No,Yes,Two year,Yes,Electronic check,91.99,6084.67,Yes
13268-QJXH,Male,0,No,No,20,Yes,Yes,No,No internet service,No internet service,No internet service,No internet service,No internet service,No internet service,Month-to-month,Yes,Credit card (automatic),28.15,558.76,No
13269-RMCI,Female,0,No,No,3,Yes,Yes,Fiber optic,No,Yes,No,Yes,Yes,No,One year,Yes,Bank transfer (automatic),100.13,297.64,Yes
13270-NJRO,Female,0,No,No,54,Yes,No,No,No internet service,No internet service,No internet service,No internet service,No internet service,No internet service,Two year,Yes,Electronic check,18.45,984.40,No
13271-GWVA,Female,0,No,No,51,Yes,Yes,Fiber optic,No,No,Yes,Yes,Yes,No,Two year,Yes,Electronic check,98.55,5043.86,No
13272-BOGD,Female,0,Yes,No,0,Yes,Yes,DSL,Yes,No,Yes,No,Yes,Yes,Two year,No,Credit card (automatic),77.88,,No
13273-LOCV,Female,0,Yes,Yes,50,Yes,No,No,No internet service,No internet service,No internet service,No internet service,No internet service,No internet service,Two year,No,Mailed check,20.45,1051.84,No
13274-WPUE,Female,0,No,Yes,13,Yes,No,No,No internet service,No internet service,No internet service,No internet service,No internet service,No internet service,One year,Yes,Electronic check,20.19,261.78,No
13275-DXXC,Male,0,Yes,No,10,Yes,Yes,DSL,Yes,Yes,No,No,No,No,Month-to-month,Yes,Electronic check,65.67,643.81,No
13276-DUNS,Male,0,Yes,No,29,Yes,No,Fiber optic,No,No,Yes,Yes,Yes,Yes,Month-to-month,Yes,Electronic check,91.68,2689.28,Yes
13277-FYGS,Female,0,Yes,No,65,Yes,No,No,No internet service,No internet service,No internet service,No internet service,No internet service,No internet service,One year,Yes,Bank transfer (automatic),19.61,1280.10,No
13278-JUKX,Male,0,No,No,38,No,No phone service,Fiber optic,Yes,No,No,Yes,Yes,Yes,Month-to-month,No,Bank transfer (automatic),94.32,3479.01,Yes
13279-QHOS,Male,0,No,No,47,No,No phone service,Fiber optic,Yes,Yes,No,Yes,No,No,One year,Yes,Mailed check,88.04,4153.40,No
13280-SVTF,Male,0,Yes,No,72,Yes,No,DSL,Yes,Yes,No,Yes,No,No,One year,No,Electronic check,64.19,4623.87,No
13281-KXDW,Male,0,Yes,Yes,22,Yes,No,Fiber optic,No,Yes,Yes,Yes,Yes,No,One year,Yes,Credit card (automatic),99.24,2163.51,No
13282-DPMB,Female,0,Yes,No,35,Yes,No,Fiber optic,No,No,No,Yes,Yes,No,One year,Yes,Bank transfer (automatic),81.62,2926.57,No
13283-MVGK,Male,1,Yes,Yes,50,Yes,No,Fiber optic,No,Yes,Yes,No,No,Yes,Two year,No,Bank transfer (automatic),92.68,4760.77,No
13284-THAZ,Male,0,Yes,No,11,No,No phone service,Fiber optic,Yes,No,Yes,No,No,No,Month-to-month,No,Electronic check,82.23,897.31,Yes
13285-UDZB,Female,0,No,No,29,No,No phone service,Fiber optic,Yes,Yes,Yes,Yes,No,Yes,One year,No,Credit card (automatic),100.49,2933.67,No
13286-XLDD,Male,0,No,No,40,Yes,Yes,DSL,Yes,Yes,Yes,Yes,Yes,Yes,One year,Yes,Bank transfer (automatic),84.85,3368.88,No
13287-TGAQ,Male,0,Yes,No,22,Yes,No,Fiber optic,Yes,No,Yes,Yes,Yes,No,Month-to-month,Yes,Electronic check,97.46,2133.17,Yes
13288-XEMH,Male,0,No,No,16,Yes,Yes,DSL,Yes,No,Yes,Yes,Yes,Yes,One year,Yes,Credit card (automatic),85.29,1398.34,No
13289-CLJS,Female,0,No,No,32,Yes,Yes,Fiber optic,Yes,Yes,Yes,Yes,Yes,No,Month-to-month,Yes,Mailed check,108.3,3442.08,Yes
13290-HFBH,Male,0,Yes,Yes,64,Yes,Yes,No,No internet service,No internet service,No internet service,No internet service,No internet service,No internet service,Two year,No,Electronic check,23.44,1516.49,No
13291-JISQ,Female,0,Yes,Yes,30,Yes,Yes,Fiber optic,Yes,Yes,No,Yes,No,Yes,Two year,No,Mailed check,105.96,3106.20,No
13292-OHEK,Male,1,No,Yes,61,Yes,No,DSL,Yes,Yes,No,No,Yes,No,Month-to-month,No,Credit card (automatic),61.91,3705.65,No
13293-RFPA,Female,0,Yes,Yes,49,Yes,Yes,No,No internet service,No internet service,No internet service,No internet service,No internet service,No internet service,One year,Yes,Mailed check,28.73,1432.88,No
13294-RGOI,Male,0,No,Yes,10,Yes,No,DSL,No,No,No,No,Yes,Yes,Two year,Yes,Mailed check,54.8,550.61,No
13295-RSSW,Female,0,No,No,66,Yes,Yes,DSL,No,Yes,No,Yes,Yes,Yes,One year,No,Mailed check,84.29,5500.93,No
13296-UFOV,Male,0,No,No,43,Yes,Yes,No,No internet service,No internet service,No internet service,No internet service,No internet service,No internet service,Month-to-month,Yes,Credit card (automatic),26.82,1148.82,No
13297-JUDW,Female,1,Yes,Yes,41,Yes,Yes,DSL,No,No,Yes,Yes,No,No,One year,Yes,Electronic check,63.84,2643.88,No
13298-XBJZ,Male,0,Yes,No,51,Yes,Yes,Fiber optic,No,Yes,Yes,Yes,No,Yes,Month-to-month,Yes,Electronic check,102.42,5304.29,Yes
13299-EIRO,Male,1,No,No,4,Yes,Yes,No,No internet service,No internet service,No internet service,No internet service,No internet service,No internet service,Month-to-month,Yes,Bank transfer (automatic),24.07,98.12,Yes
13300-UNVK,Male,0,Yes,No,19,No,No phone service,DSL,No,Yes,No,No,No,No,Two year,Yes,Electronic check,48.16,911.76,No
13301-QXJB,Male,0,Yes,No,58,Yes,No,Fiber optic,No,Yes,No,Yes,Yes,Yes,Month-to-month,Yes,Mailed check,97.13,5703.23,No
13302-IJRR,Male,0,No,No,46,Yes,No,Fiber optic,No,No,Yes,No,Yes,No,Two year,No,Credit card (automatic),83.01,3713.57,No
13303-SKLO,Female,0,Yes,No,29,Yes,No,Fiber optic,Yes,No,Yes,No,No,Yes,One year,No,Electronic check,91.57,2647.52,No
13304-YZCQ,Male,1,No,No,34,Yes,Yes,Fiber optic,Yes,No,No,No,Yes,Yes,Month-to-month,Yes,Electronic check,100.38,3449.02,Yes
13305-BBTX,Male,0,No,No,45,Yes,No,Fiber optic,Yes,No,No,Yes,No,Yes,Two year,Yes,Electronic check,92.76,4173.32,No
13306-FYZS,Female,0,No,Yes,35,Yes,Yes,No,No internet service,No internet service,No internet service,No internet service,No internet service,No internet service,Month-to-month,Yes,Bank transfer (automatic),29.81,1052.94,No
13307-NRDW,Male,0,Yes,No,33,Yes,No,No,No internet service,No internet service,No internet service,No internet service,No internet service,No internet service,Two year,Yes,Mailed check,18.57,623.53,No
13308-PDZE,Male,0,No,Yes,40,Yes,Yes,Fiber optic,Yes,No,Yes,No,No,No,One year,No,Credit card (automatic),88.18,3587.52,No
13309-KIVO,Male,0,No,No,21,Yes,Yes,Fiber optic,No,No,No,No,Yes,Yes,Month-to-month,Yes,Electronic check,93.27,1954.42,Yes
13310-YYMO,Male,0,Yes,Yes,42,Yes,No,Fiber optic,Yes,No,No,No,No,Yes,Month-to-month,Yes,Electronic check,86.45,3537.44,No
13311-FHFT,Male,0,No,No,50,Yes,No,Fiber optic,Yes,No,Yes,Yes,Yes,No,Two year,No,Credit card (automatic),98.64,4959.56,No
13312-MEMY,Male,1,Yes,Yes,52,Yes,No,DSL,No,Yes,No,No,Yes,No,Two year,Yes,Mailed check,56.58,3029.72,No
13313-NYKW,Male,0,Yes,No,45,Yes,No,DSL,Yes,No,Yes,Yes,Yes,No,Month-to-month,No,Mailed check,69.07,3192.59,No
13314-QDMA,Female,0,No,No,33,Yes,No,DSL,No,Yes,Yes,No,No,Yes,Two year,No,Credit card (automatic),67.17,2244.97,No
13315-QCKQ,Male,0,Yes,No,48,Yes,No,Fiber optic,No,Yes,No,No,Yes,No,One year,Yes,Electronic check,88.95,4165.64,No
13316-WHMW,Female,1,Yes,No,53,Yes,Yes,DSL,No,No,No,No,No,No,One year,No,Bank transfer (automatic),53.4,2902.58,No
13317-EXXO,Female,1,No,No,23,Yes,Yes,Fiber optic,No,No,Yes,Yes,Yes,Yes,One year,Yes,Bank transfer (automatic),102.47,2379.54,No
13318-WKBZ,Male,0,Yes,No,35,No,No phone service,No,No internet service,No internet service,No internet service,No internet service,No internet service,No internet service,Month-to-month,No,Mailed check,19.99,697.75,No
13319-ETWL,Male,0,No,No,49,Yes,No,DSL,Yes,Yes,No,Yes,Yes,No,Month-to-month,Yes,Electronic check,73.29,3643.55,No
13320-VBFB,Female,0,Yes,No,48,Yes,Yes,Fiber optic,Yes,No,No,No,Yes,No,One year,Yes,Electronic check,88.89,4140.34,No
13321-ZEZO,Female,0,No,No,36,Yes,No,DSL,No,Yes,Yes,Yes,No,No,Month-to-month,No,Bank transfer (automatic),65.57,2339.89,Yes
13322-MEJT,Male,0,No,No,19,Yes,Yes,Fiber optic,No,No,Yes,Yes,Yes,No,Two year,Yes,Electronic check,92.79,1728.63,No
13323-YXZD,Female,0,Yes,No,66,Yes,No,DSL,Yes,No,Yes,Yes,Yes,No,Month-to-month,No,Electronic check,69.39,4660.71,No
13324-CARS,Female,0,No,No,40,Yes,Yes,No,No internet service,No internet service,No internet service,No internet service,No internet service,No internet service,Month-to-month,No,Mailed check,28.16,1133.67,No
13325-DDII,Male,0,Yes,No,39,Yes,No,DSL,Yes,No,Yes,Yes,Yes,No,Two year,No,Bank transfer (automatic),72.75,2874.45,No
13326-OKQM,Male,0,Yes,No,34,Yes,No,No,No internet service,No internet service,No internet service,No internet service,No internet service,No internet service,One year,Yes,Credit card (automatic),22.74,773.21,No
13327-VRHE,Female,0,Yes,No,55,No,No phone service,DSL,Yes,Yes,Yes,No,No,No,One year,Yes,Bank transfer (automatic),57.08,3068.37,No
13328-MZBJ,Male,0,Yes,No,22,Yes,Yes,No,No internet service,No internet service,No internet service,No internet service,No internet service,No internet service,Two year,No,Mailed check,28.81,620.46,No
13329-SNJJ,Female,0,Yes,No,68,Yes,No,DSL,Yes,Yes,No,Yes,No,Yes,One year,Yes,Electronic check,71.87,4856.26,No
13330-IZXJ,Male,0,No,No,5,No,No phone service,DSL,Yes,Yes,Yes,Yes,Yes,No,Two year,No,Electronic check,74.47,373.64,No
13331-SWZO,Female,0,No,No,1,Yes,Yes,No,No internet service,No internet service,No internet service,No internet service,No internet service,No internet service,Month-to-month,No,Electronic check,27.5,26.87,Yes
13332-QVZA,Male,0,No,No,37,Yes,Yes,DSL,No,No,Yes,Yes,No,No,Two year,No,Bank transfer (automatic),59.03,2119.79,No
13333-CSRK,Male,0,No,No,62,No,No phone service,Fiber optic,Yes,Yes,No,No,Yes,Yes,Month-to-month,No,Bank transfer (automatic),101.75,6278.95,No
13334-BWRD,Male,0,Yes,Yes,1,Yes,Yes,Fiber optic,No,No,No,Yes,Yes,No,Month-to-month,No,Electronic check,88.95,88.44,Yes
13335-VSXY,Male,0,Yes,Yes,49,Yes,No,Fiber optic,No,No,Yes,Yes,Yes,Yes,One year,No,Mailed check,89.39,4460.07,No
13336-GXXI,Female,0,Yes,No,29,Yes,Yes,DSL,Yes,Yes,Yes,No,Yes,No,One year,No,Bank transfer (automatic),74.05,2089.89,No
13337-VCEW,Male,0,No,Yes,2,Yes,Yes,No,No internet service,No internet service,No internet service,No internet service,No internet service,No internet service,Month-to-month,Yes,Bank transfer (automatic),28.91,57.59,Yes
13338-OFGP,Female,0,No,Yes,27,No,No phone service,Fiber optic,Yes,No,Yes,Yes,Yes,No,Month-to-month,Yes,Credit card (automatic),99.95,2722.27,No
13339-MHLW,Female,0,Yes,No,47,Yes,Yes,No,No internet service,No internet service,No internet service,No internet service,No internet service,No internet service,Month-to-month,No,Electronic check,27.52,1327.88,No
13340-PNBL,Male,0,Yes,Yes,46,Yes,No,Fiber optic,No,No,No,No,No,No,Month-to-month,No,Bank transfer (automatic),70.39,3169.58,No
13341-UBZU,Female,1,Yes,No,62,Yes,Yes,Fiber optic,No,No,No,No,No,No,Month-to-month,No,Electronic check,77.97,4967.91,No
13342-WFRZ,Female,0,No,Yes,72,Yes,No,Fiber optic,Yes,Yes,Yes,Yes,No,Yes,Month-to-month,No,Electronic check,106.58,7619.54,No
13343-XTYC,Female,0,Yes,Yes,4,Yes,Yes,DSL,Yes,Yes,Yes,Yes,Yes,Yes,Month-to-month,Yes,Electronic check,88.2,344.47,Yes
13344-PMBH,Male,0,No,No,62,No,No phone service,No,No internet service,No internet service,No internet service,No internet service,No internet service,No internet service,Month-to-month,No,Electronic check,18.25,1143.81,No
13345-ZNEP,Female,0,Yes,No,1,Yes,Yes,No,No internet service,No internet service,No internet service,No internet service,No internet service,No internet service,Two year,Yes,Electronic check,24.38,24.11,No
13346-PHMU,Female,0,Yes,No,71,Yes,No,Fiber optic,Yes,Yes,Yes,Yes,Yes,Yes,Month-to-month,Yes,Credit card (automatic),108.38,7807.83,No
13347-MGJW,Female,1,Yes,No,56,Yes,No,No,No internet service,No internet service,No internet service,No internet service,No internet service,No internet service,Month-to-month,Yes,Mailed check,20.79,1177.02,No
13348-TEJC,Male,0,No,No,69,Yes,Yes,DSL,No,Yes,No,No,Yes,Yes,Month-to-month,No,Bank transfer (automatic),75.17,5296.91,Yes
13349-AOOS,Female,0,No,No,5,Yes,No,DSL,No,No,No,No,No,Yes,One year,Yes,Bank transfer (automatic),51.1,255.63,No
13350-NCFD,Male,0,Yes,No,6,Yes,Yes,DSL,No,Yes,No,No,No,Yes,Two year,Yes,Credit card (automatic),63.2,380.27,Yes
13351-SESY,Male,0,Yes,Yes,71,No,No phone service,Fiber optic,No,Yes,No,Yes,No,No,Two year,No,Electronic check,85.5,5960.34,No
13352-BIFF,Male,0,Yes,Yes,21,Yes,Yes,Fiber optic,No,Yes,No,Yes,No,No,Month-to-month,No,Electronic check,89.07,1901.78,No
13353-NITH,Female,0,Yes,No,28,Yes,Yes,DSL,Yes,Yes,Yes,No,Yes,Yes,One year,Yes,Bank transfer (automatic),87.53,2480.09,No
13354-ZDWG,Female,0,Yes,No,22,No,No phone service,Fiber optic,No,Yes,Yes,Yes,No,No,Two year,No,Credit card (automatic),91.31,2044.27,No
13355-FKNZ,Male,1,Yes,No,12,Yes,No,DSL,No,No,No,Yes,Yes,No,Month-to-month,Yes,Electronic check,60.59,720.42,Yes
13356-BFQI,Female,0,No,No,6,Yes,Yes,Fiber optic,No,Yes,No,No,No,No,Two year,No,Mailed check,82.39,483.89,No
13357-SLDO,Male,0,No,No,10,Yes,Yes,DSL,No,No,Yes,Yes,Yes,No,Two year,Yes,Mailed check,68.13,677.58,No
13358-ZJMX,Male,0,No,No,61,Yes,No,DSL,No,Yes,No,No,Yes,Yes,Two year,Yes,Credit card (automatic),66.29,3934.13,No
13359-QUSF,Female,0,No,No,2,No,No phone service,Fiber optic,No,Yes,Yes,No,No,Yes,Two year,Yes,Bank transfer (automatic),94.79,190.33,No
13360-STCK,Female,0,No,No,65,Yes,No,DSL,No,No,Yes,Yes,No,Yes,Month-to-month,Yes,Credit card (automatic),65.6,4323.63,No
13361-CMQA,Female,0,No,Yes,16,Yes,Yes,Fiber optic,Yes,No,No,No,Yes,No,One year,No,Mailed check,89.53,1466.99,No
13362-GBMA,Female,0,Yes,No,44,Yes,Yes,Fiber optic,Yes,Yes,No,Yes,Yes,Yes,Month-to-month,No,Electronic check,115.67,5150.23,Yes
13363-UQQX,Male,1,Yes,No,19,Yes,Yes,No,No internet service,No internet service,No internet service,No internet service,No internet service,No internet service,Month-to-month,Yes,Bank transfer (automatic),25.19,465.31,No
13364-BSLJ,Female,0,Yes,No,65,No,No phone service,DSL,No,Yes,No,No,Yes,Yes,Two year,No,Bank transfer (automatic),61.02,3887.40,No
13365-XDFS,Male,0,No,No,3,Yes,Yes,DSL,No,No,No,No,Yes,Yes,Two year,No,Mailed check,64.67,193.86,No
13366-UDKW,Female,0,Yes,No,52,Yes,No,No,No internet service,No internet service,No internet service,No internet service,No internet service,No internet service,Month-to-month,No,Electronic check,18.25,967.63,No
13367-UIJD,Male,1,Yes,Yes,68,No,No phone service,DSL,Yes,Yes,No,Yes,No,Yes,One year,Yes,Electronic check,78.4,5402.19,No
13368-RKDQ,Male,0,No,No,32,Yes,No,Fiber optic,Yes,No,Yes,No,Yes,Yes,Month-to-month,No,Bank transfer (automatic),95.02,3053.56,Yes
13369-PYLG,Male,0,No,Yes,33,Yes,Yes,Fiber optic,No,No,Yes,Yes,Yes,No,Month-to-month,Yes,Electronic check,97.24,3284.25,Yes
13370-UNWJ,Female,0,No,Yes,11,Yes,No,DSL,Yes,Yes,No,No,Yes,No,Month-to-month,No,Electronic check,61.18,682.68,No
13371-NUBT,Male,1,No,No,64,Yes,No,No,No internet service,No internet service,No internet service,No internet service,No internet service,No internet service,Two year,Yes,Bank transfer (automatic),19.78,1242.77,No
13372-YFMG,Female,0,No,Yes,70,Yes,Yes,Fiber optic,Yes,No,No,Yes,Yes,Yes,Month-to-month,Yes,Bank transfer (automatic),100.33,6946.44,Yes
13373-JICN,Female,0,No,No,36,Yes,No,Fiber optic,Yes,No,Yes,Yes,Yes,No,Month-to-month,No,Mailed check,97.47,3594.94,Yes
13374-GHFB,Male,0,Yes,No,50,Yes,Yes,No,No internet service,No internet service,No internet service,No internet service,No internet service,No internet service,Month-to-month,No,Bank transfer (automatic),29.41,1478.78,No
13375-DTNE,Female,0,No,No,55,Yes,Yes,No,No internet service,No internet service,No internet service,No internet service,No internet service,No internet service,Month-to-month,Yes,Mailed check,25.89,1426.00,No
13376-XYBX,Male,0,No,No,26,No,No phone service,DSL,No,Yes,No,No,Yes,Yes,One year,No,Mailed check,62.07,1579.39,No
13377-AWOP,Male,1,Yes,No,1,Yes,Yes,Fiber optic,Yes,No,Yes,Yes,Yes,Yes,Month-to-month,Yes,Credit card (automatic),106.91,106.51,Yes
13378-UYCV,Female,0,No,No,10,Yes,Yes,Fiber optic,No,Yes,No,Yes,Yes,Yes,Month-to-month,Yes,Electronic check,102.09,1011.79,Yes
13379-RAWO,Male,0,No,Yes,65,Yes,Yes,Fiber optic,No,No,Yes,Yes,No,No,Month-to-month,Yes,Electronic check,93.61,6224.75,No
13380-AKOG,Male,0,No,No,58,Yes,No,Fiber optic,Yes,No,Yes,Yes,No,No,Two year,Yes,Mailed check,92.61,5386.90,No
13381-LSCF,Male,0,No,No,7,Yes,Yes,Fiber optic,Yes,Yes,Yes,No,No,Yes,Month-to-month,No,Mailed check,98.53,705.44,Yes
13382-UONN,Female,0,Yes,No,58,Yes,Yes,Fiber optic,Yes,No,No,No,Yes,No,Month-to-month,No,Credit card (automatic),86.81,5027.78,No
13383-DYEF,Male,0,Yes,No,64,Yes,No,Fiber optic,No,Yes,Yes,No,Yes,Yes,Month-to-month,Yes,Mailed check,88.86,5558.12,No
13384-HUZK,Male,0,Yes,No,40,Yes,No,DSL,Yes,Yes,No,No,Yes,No,Two year,No,Bank transfer (automatic),69.99,2872.85,No
13385-RLYO,Female,0,No,No,33,Yes,Yes,Fiber optic,No,No,Yes,No,No,No,One year,No,Bank transfer (automatic),82.01,2708.45,No
13386-HJTI,Male,0,No,No,72,Yes,No,DSL,Yes,No,No,Yes,No,Yes,Month-to-month,Yes,Mailed check,62.88,4573.92,No
13387-NBRT,Female,1,No,Yes,63,Yes,Yes,Fiber optic,No,No,Yes,Yes,Yes,Yes,One year,Yes,Credit card (automatic),103.86,6441.66,No
13388-JTGC,Male,0,No,No,28,Yes,Yes,DSL,Yes,Yes,Yes,No,Yes,No,Two year,Yes,Electronic check,85.87,2367.78,No
13389-KUXK,Female,0,No,No,35,Yes,No,Fiber optic,No,No,No,No,No,No,One year,No,Bank transfer (automatic),72.78,2603.12,No
13390-NLJV,Female,1,Yes,No,68,Yes,Yes,DSL,No,No,No,Yes,Yes,Yes,Month-to-month,Yes,Bank transfer (automatic),74.71,4975.10,No
13391-QWMS,Male,0,Yes,No,67,Yes,No,Fiber optic,No,No,Yes,Yes,No,Yes,Month-to-month,No,Credit card (automatic),88.12,5882.23,Yes
13392-QXPB,Male,0,Yes,No,46,Yes,Yes,Fiber optic,Yes,No,Yes,Yes,Yes,Yes,One year,Yes,Electronic check,109.97,5185.52,No
13393-PAMO,Female,0,No,No,47,Yes,Yes,Fiber optic,No,Yes,Yes,No,Yes,No,Month-to-month,Yes,Electronic check,97.31,4641.41,Yes
13394-YOHN,Female,0,Yes,Yes,54,Yes,No,Fiber optic,No,Yes,Yes,Yes,Yes,No,Month-to-month,Yes,Electronic check,96.09,5231.33,Yes
13395-ECFB,Male,0,No,Yes,21,Yes,No,No,No internet service,No internet service,No internet service,No internet service,No internet service,No internet service,Two year,Yes,Electronic check,20.1,415.73,No
13396-PNAI,Female,0,No,No,67,Yes,No,DSL,Yes,No,Yes,No,No,Yes,One year,Yes,Credit card (automatic),67.7,4473.18,Yes
13397-HCWD,Male,1,Yes,No,22,Yes,No,Fiber optic,Yes,Yes,No,Yes,No,No,Month-to-month,No,Bank transfer (automatic),91.63,1987.72,Yes
13398-CLIW,Female,0,No,Yes,60,No,No phone service,Fiber optic,No,No,Yes,Yes,Yes,Yes,One year,Yes,Mailed check,93.23,5535.77,No
13399-MEDB,Female,0,No,No,60,Yes,No,Fiber optic,No,No,No,No,Yes,Yes,Two year,No,Bank transfer (automatic),83.93,4946.15,No
13400-CXQL,Female,0,No,Yes,21,Yes,Yes,No,No internet service,No internet service,No internet service,No internet service,No internet service,No internet service,One year,Yes,Electronic check,30.49,626.62,No
13401-REWM,Female,0,Yes,No,59,Yes,Yes,Fiber optic,Yes,Yes,No,No,No,No,One year,Yes,Mailed check,85.43,5187.32,No
13402-BNBX,Male,0,Yes,No,63,Yes,No,DSL,Yes,Yes,No,No,No,No,Month-to-month,No,Mailed check,56.94,3677.84,No
13403-YRPO,Female,1,Yes,No,36,Yes,No,Fiber optic,Yes,No,No,Yes,No,Yes,One year,Yes,Credit card (automatic),84.21,2944.60,No
13404-WTQM,Female,0,No,No,39,Yes,No,Fiber optic,Yes,No,Yes,Yes,No,No,Two year,No,Electronic check,92.58,3574.72,No
13405-FBDG,Female,0,No,Yes,37,Yes,No,DSL,Yes,Yes,No,No,No,No,Month-to-month,No,Electronic check,61.19,2314.01,No
13406-HMBL,Female,0,No,No,4,Yes,No,Fiber optic,No,No,No,Yes,No,No,Two year,No,Credit card (automatic),79.4,311.55,No
13407-UNYD,Female,0,No,No,39,Yes,No,Fiber optic,No,No,Yes,No,Yes,Yes,One year,Yes,Credit card (automatic),84.38,3288.06,No
13408-BFYS,Female,0,Yes,No,49,No,No phone service,Fiber optic,Yes,No,Yes,No,Yes,Yes,Month-to-month,No,Bank transfer (automatic),93.39,4586.42,No
13409-QHFH,Female,0,No,Yes,41,Yes,No,DSL,No,Yes,No,Yes,Yes,Yes,Month-to-month,No,Electronic check,69.87,2823.60,Yes
13410-FLZZ,Female,0,Yes,Yes,36,Yes,Yes,Fiber optic,No,No,Yes,Yes,Yes,Yes,Two year,No,Electronic check,96.38,3509.62,No
13411-AYAU,Male,0,Yes,Yes,37,Yes,No,Fiber optic,No,No,Yes,No,No,No,Month-to-month,No,Electronic check,73.31,2650.26,Yes
13412-DQAP,Male,1,No,No,39,Yes,No,DSL,Yes,No,No,Yes,Yes,Yes,Month-to-month,Yes,Credit card (automatic),71.95,2887.20,No
13413-NFIM,Male,0,No,Yes,67,Yes,Yes,Fiber optic,Yes,Yes,No,Yes,No,No,Month-to-month,Yes,Credit card (automatic),92.57,6165.75,Yes
13414-DLUP,Male,0,No,No,30,Yes,Yes,Fiber optic,Yes,Yes,No,No,Yes,No,One year,No,Bank transfer (automatic),91.78,2713.51,No
13415-CRUM,Male,0,No,No,17,Yes,No,Fiber optic,Yes,Yes,No,Yes,Yes,Yes,Month-to-month,No,Credit card (automatic),107.91,1860.88,Yes
13416-FENR,Male,0,Yes,No,5,Yes,Yes,No,No internet service,No internet service,No internet service,No internet service,No internet service,No internet service,Month-to-month,Yes,Mailed check,26.61,135.68,No
13417-ZLQW,Male,0,Yes,No,63,Yes,No,DSL,Yes,No,Yes,No,Yes,Yes,Month-to-month,Yes,Electronic check,72.11,4625.79,Yes
13418-OIHW,Female,1,Yes,No,13,No,No phone service,Fiber optic,Yes,Yes,No,Yes,Yes,No,Two year,No,Bank transfer (automatic),92.28,1219.43,No
13419-TMVO,Male,0,No,No,31,Yes,No,DSL,Yes,Yes,Yes,Yes,No,Yes,Month-to-month,No,Credit card (automatic),76.07,2376.67,Yes
13420-AMPJ,Female,0,No,No,55,Yes,No,DSL,No,Yes,No,No,Yes,No,Month-to-month,Yes,Credit card (automatic),57.03,3202.14,Yes
13421-NEKG,Male,0,Yes,No,13,Yes,Yes,DSL,Yes,No,Yes,No,Yes,No,Month-to-month,No,Electronic check,73.07,927.44,No
13422-FQOE,Male,0,Yes,No,17,Yes,Yes,Fiber optic,Yes,No,No,No,Yes,No,Two year,Yes,Credit card (automatic),88.89,1490.33,Yes
13423-DJDL,Female,0,No,No,46,Yes,No,Fiber optic,Yes,No,No,Yes,No,Yes,One year,Yes,Mailed check,88.62,4109.84,No
13424-CLTF,Female,0,No,No,46,Yes,No,Fiber optic,No,Yes,No,Yes,No,Yes,Month-to-month,Yes,Mailed check,87.88,3966.29,Yes
13425-VWEN,Female,0,Yes,No,18,Yes,Yes,Fiber optic,No,Yes,Yes,Yes,No,No,Month-to-month,Yes,Mailed check,98.24,1819.02,Yes
13426-RXUC,Female,0,Yes,No,40,Yes,No,DSL,No,No,Yes,Yes,No,No,Month-to-month,No,Electronic check,59.49,2442.27,No
13427-NZTW,Female,0,No,Yes,51,Yes,Yes,DSL,No,No,Yes,Yes,Yes,Yes,Month-to-month,No,Mailed check,79.92,3982.56,No
13428-UXRK,Female,0,No,Yes,16,Yes,Yes,Fiber optic,Yes,No,Yes,No,No,Yes,Month-to-month,No,Bank transfer (automatic),94.46,1475.27,Yes
13429-GVKH,Male,1,Yes,No,32,Yes,Yes,No,No internet service,No internet service,No internet service,No internet service,No internet service,No internet service,One year,Yes,Credit card (automatic),25.58,820.11,No
13430-EGCJ,Female,0,Yes,No,21,Yes,Yes,No,No internet service,No internet service,No internet service,No internet service,No internet service,No internet service,Two year,No,Credit card (automatic),29.39,629.28,No
13431-RCAS,Female,0,No,Yes,68,Yes,No,DSL,Yes,Yes,No,Yes,No,Yes,Two year,No,Electronic check,63.79,4386.08,No
13432-JUIH,Male,0,No,No,28,No,No phone service,Fiber optic,No,Yes,Yes,Yes,No,No,Month-to-month,No,Electronic check,90.69,2511.30,Yes
13433-NJOD,Male,0,Yes,No,62,Yes,Yes,Fiber optic,No,Yes,No,No,No,No,Month-to-month,Yes,Electronic check,82.97,5078.42,No
13434-YUCX,Female,0,No,No,64,Yes,No,No,No internet service,No internet service,No internet service,No internet service,No internet service,No internet service,One year,No,Electronic check,18.25,1191.41,No
13435-WLFL,Male,0,No,Yes,13,Yes,Yes,DSL,No,Yes,No,Yes,No,No,One year,Yes,Mailed check,65.27,846.16,No
13436-XRYO,Female,0,Yes,No,68,Yes,Yes,DSL,Yes,No,Yes,No,Yes,No,One year,No,Mailed check,72.06,4937.65,No
13437-HYEL,Male,0,Yes,Yes,4,Yes,Yes,No,No internet service,No internet service,No internet service,No internet service,No internet service,No internet service,Two year,Yes,Electronic check,24.21,99.39,No
13438-OXKH,Male,0,No,No,28,Yes,No,DSL,No,Yes,Yes,Yes,Yes,Yes,Month-to-month,No,Electronic check,83.68,2346.59,Yes
13439-WWCP,Male,0,No,Yes,12,Yes,No,No,No internet service,No internet service,No internet service,No internet service,No internet service,No internet service,Month-to-month,No,Bank transfer (automatic),19.07,231.09,Yes
13440-FSIL,Female,0,Yes,No,4,Yes,Yes,Fiber optic,Yes,Yes,No,Yes,Yes,Yes,One year,Yes,Credit card (automatic),100.29,407.21,No
13441-OOIP,Male,1,No,Yes,40,Yes,No,Fiber optic,Yes,Yes,Yes,No,Yes,No,One year,Yes,Credit card (automatic),97.72,4017.95,Yes
13442-UWPL,Female,0,Yes,Yes,44,Yes,Yes,DSL,No,No,Yes,No,No,No,Month-to-month,Yes,Electronic check,55.44,2448.41,Yes
13443-PLFV,Female,0,No,No,42,Yes,No,No,No internet service,No internet service,No internet service,No internet service,No internet service,No internet service,Month-to-month,No,Mailed check,18.25,786.71,No
13444-AIIG,Male,0,Yes,No,31,Yes,No,DSL,No,Yes,No,No,No,Yes,Two year,Yes,Credit card (automatic),64.84,1973.66,No
13445-GWBA,Female,0,Yes,Yes,57,Yes,Yes,Fiber optic,Yes,Yes,Yes,No,Yes,Yes,One year,Yes,Credit card (automatic),117.66,6851.69,No
13446-DHRB,Male,0,Yes,No,36,Yes,Yes,DSL,No,Yes,Yes,Yes,Yes,Yes,One year,No,Credit card (automatic),86.13,3013.70,No
13447-AGAA,Female,0,No,Yes,39,Yes,No,DSL,No,Yes,No,No,No,Yes,Month-to-month,No,Credit card (automatic),62.36,2396.56,No
13448-KVEM,Male,0,No,Yes,32,Yes,No,Fiber optic,Yes,Yes,Yes,No,No,Yes,Two year,Yes,Bank transfer (automatic),95.0,2976.90,No
13449-LKLE,Male,0,No,Yes,15,No,No phone service,DSL,No,No,No,No,Yes,No,Month-to-month,No,Credit card (automatic),51.93,776.52,No
13450-FWTE,Female,1,Yes,No,48,Yes,Yes,Fiber optic,No,No,Yes,Yes,Yes,No,Month-to-month,Yes,Credit card (automatic),99.8,4856.71,Yes
13451-RFUC,Female,0,No,No,60,Yes,No,Fiber optic,Yes,Yes,Yes,No,Yes,No,Month-to-month,Yes,Bank transfer (automatic),97.84,5711.11,Yes
13452-XBXY,Female,0,No,Yes,22,Yes,Yes,Fiber optic,Yes,No,No,Yes,Yes,No,Month-to-month,No,Electronic check,94.73,2088.54,Yes
13453-SPEF,Female,0,No,No,34,Yes,Yes,Fiber optic,No,No,Yes,No,Yes,No,Month-to-month,Yes,Electronic check,85.42,2987.30,No
13454-RSEN,Male,0,Yes,Yes,65,Yes,Yes,DSL,Yes,No,No,Yes,No,Yes,Month-to-month,No,Bank transfer (automatic),69.86,4630.67,No
13455-UHBQ,Male,1,No,Yes,15,No,No phone service,No,No internet service,No internet service,No internet service,No internet service,No internet service,No internet service,Month-to-month,No,Bank transfer (automatic),18.25,277.04,Yes
13456-CMYF,Male,0,Yes,No,31,Yes,No,DSL,No,No,No,No,Yes,No,Month-to-month,Yes,Mailed check,51.51,1552.25,Yes
13457-VBHE,Female,0,Yes,No,20,Yes,No,Fiber optic,No,No,Yes,No,Yes,Yes,One year,No,Electronic check,91.27,1841.60,Yes
13458-MWCZ,Male,0,No,No,25,Yes,Yes,No,No internet service,No internet service,No internet service,No internet service,No internet service,No internet service,Month-to-month,No,Electronic check,25.8,655.23,No
13459-VWIO,Male,0,Yes,Yes,34,Yes,No,No,No internet service,No internet service,No internet service,No internet service,No internet service,No internet service,Month-to-month,Yes,Credit card (automatic),19.37,658.05,Yes
13460-BKNX,Male,1,Yes,Yes,67,Yes,Yes,DSL,Yes,Yes,No,No,Yes,No,Two year,Yes,Electronic check,74.91,4993.43,No
13461-QQWI,Male,0,No,No,1,No,No phone service,Fiber optic,No,Yes,Yes,Yes,No,No,Month-to-month,No,Credit card (automatic),88.45,89.02,Yes
13462-GLAP,Male,0,Yes,No,26,Yes,Yes,No,No internet service,No internet service,No internet service,No internet service,No internet service,No internet service,Month-to-month,Yes,Bank transfer (automatic),29.23,775.88,No
13463-HTHO,Male,1,No,No,63,Yes,Yes,No,No internet service,No internet service,No internet service,No internet service,No internet service,No internet service,One year,Yes,Electronic check,24.79,1575.03,No
13464-EDRT,Male,0,No,Yes,6,Yes,No,Fiber optic,Yes,No,No,No,Yes,No,Two year,Yes,Mailed check,80.94,496.48,Yes
13465-VWWJ,Female,0,No,No,37,Yes,No,DSL,No,No,Yes,Yes,Yes,Yes,One year,Yes,Credit card (automatic),72.0,2594.23,No
13466-PQHU,Male,0,Yes,Yes,12,Yes,Yes,Fiber optic,Yes,Yes,No,No,No,Yes,Month-to-month,Yes,Bank transfer (automatic),88.02,1081.09,No
13467-SPTV,Male,0,No,No,41,No,No phone service,No,No internet service,No internet service,No internet service,No internet service,No internet service,No internet service,One year,Yes,Credit card (automatic),21.47,878.89,No
13468-ASED,Female,0,No,No,52,Yes,Yes,DSL,No,No,No,No,No,Yes,Month-to-month,No,Credit card (automatic),57.47,3015.64,No
13469-OPYU,Male,0,Yes,Yes,46,Yes,No,No,No internet service,No internet service,No internet service,No internet service,No internet service,No internet service,One year,No,Credit card (automatic),18.25,853.41,No
13470-CRLU,Male,0,No,No,41,Yes,No,Fiber optic,No,Yes,No,No,Yes,No,Month-to-month,Yes,Bank transfer (automatic),84.95,3456.50,Yes
13471-OQAV,Male,0,No,No,54,Yes,No,Fiber optic,No,No,Yes,No,Yes,Yes,Month-to-month,No,Electronic check,88.34,4785.02,No
13472-ZCSW,Male,0,Yes,No,39,Yes,No,DSL,Yes,Yes,Yes,No,Yes,Yes,Month-to-month,No,Bank transfer (automatic),81.11,3236.92,Yes
13473-KJUF,Female,0,Yes,No,45,Yes,Yes,DSL,No,Yes,No,No,No,Yes,Month-to-month,No,Bank transfer (automatic),63.29,2824.63,Yes
13474-TEKH,Male,0,No,No,6,No,No phone service,DSL,Yes,Yes,No,No,No,Yes,One year,Yes,Mailed check,63.95,376.16,No
13475-FKBW,Male,0,Yes,Yes,2,Yes,Yes,No,No internet service,No internet service,No internet service,No internet service,No internet service,No internet service,Month-to-month,Yes,Credit card (automatic),22.27,44.98,No
13476-ALJO,Male,0,No,No,12,Yes,No,Fiber optic,Yes,Yes,No,Yes,No,No,Two year,Yes,Mailed check,87.85,1062.20,No
13477-CBBF,Male,0,Yes,No,39,Yes,No,Fiber optic,Yes,No,No,Yes,Yes,No,Month-to-month,No,Bank transfer (automatic),84.71,3342.47,No
13478-OAQQ,Female,0,Yes,No,29,Yes,Yes,No,No internet service,No internet service,No internet service,No internet service,No internet service,No internet service,Month-to-month,Yes,Bank transfer (automatic),25.11,722.68,No
13479-ESHW,Male,0,No,No,27,Yes,Yes,Fiber optic,Yes,No,No,Yes,No,No,One year,Yes,Bank transfer (automatic),84.89,2243.74,No
13480-EJSE,Female,0,No,Yes,33,Yes,Yes,No,No internet service,No internet service,No internet service,No internet service,No internet service,No internet service,Two year,Yes,Mailed check,24.11,785.52,No
13481-RBRI,Female,0,Yes,Yes,72,Yes,Yes,DSL,Yes,Yes,Yes,No,No,Yes,Month-to-month,No,Electronic check,80.18,5876.06,No
13482-COCQ,Female,0,No,Yes,28,Yes,Yes,DSL,No,Yes,Yes,Yes,Yes,Yes,One year,No,Bank transfer (automatic),79.44,2231.98,No
13483-VHKY,Female,0,Yes,No,32,Yes,No,Fiber optic,No,No,Yes,No,No,Yes,Two year,Yes,Mailed check,79.77,2547.27,No
13484-QMSW,Female,0,Yes,No,37,Yes,No,No,No internet service,No internet service,No internet service,No internet service,No internet service,No internet service,One year,Yes,Credit card (automatic),20.92,784.67,No
13485-RIYL,Female,1,No,No,56,Yes,No,Fiber optic,Yes,Yes,No,Yes,No,Yes,Month-to-month,Yes,Credit card (automatic),96.29,5358.64,No
13486-WIRP,Female,0,Yes,No,53,Yes,No,DSL,No,No,Yes,Yes,Yes,Yes,One year,Yes,Credit card (automatic),77.37,3978.09,No
13487-IIDV,Male,0,No,No,71,Yes,No,No,No internet service,No internet service,No internet service,No internet service,No internet service,No internet service,Month-to-month,Yes,Mailed check,19.06,1366.31,No
13488-AZYF,Male,0,Yes,No,46,Yes,No,Fiber optic,No,Yes,No,No,Yes,Yes,Month-to-month,Yes,Credit card (automatic),89.86,4233.86,Yes
13489-YSSD,Male,0,Yes,No,69,Yes,Yes,Fiber optic,No,No,Yes,Yes,Yes,No,Month-to-month,No,Electronic check,99.48,6794.68,Yes
13490-DRXP,Female,0,Yes,No,45,Yes,Yes,Fiber optic,No,Yes,Yes,Yes,No,Yes,Month-to-month,Yes,Bank transfer (automatic),100.67,4405.28,Yes
13491-NQNC,Female,0,No,No,39,Yes,No,Fiber optic,No,No,Yes,Yes,Yes,No,Two year,No,Credit card (automatic),89.58,3423.52,No
13492-EXDZ,Male,1,No,No,41,Yes,Yes,DSL,No,No,No,Yes,No,No,Month-to-month,No,Electronic check,58.75,2354.91,Yes
13493-BERZ,Male,0,Yes,No,35,No,No phone service,Fiber optic,No,No,Yes,No,Yes,Yes,Month-to-month,Yes,Bank transfer (automatic),90.12,3149.36,No
13494-LRNS,Male,0,Yes,No,15,Yes,Yes,DSL,No,No,No,Yes,No,No,Month-to-month,Yes,Bank transfer (automatic),57.88,875.55,No
13495-RKSS,Female,0,No,No,27,Yes,No,Fiber optic,Yes,No,Yes,No,No,Yes,Month-to-month,Yes,Electronic check,86.25,2393.99,Yes
13496-HMOA,Female,0,Yes,No,44,Yes,Yes,Fiber optic,Yes,No,No,No,No,Yes,Month-to-month,Yes,Electronic check,94.31,4259.78,No
13497-EWOO,Female,0,No,No,44,Yes,Yes,Fiber optic,No,No,No,No,No,Yes,Two year,No,Electronic check,88.96,3896.78,Yes
13498-ZEQT,Male,0,No,Yes,12,Yes,Yes,No,No internet service,No internet service,No internet service,No internet service,No internet service,No internet service,Month-to-month,No,Bank transfer (automatic),22.92,281.30,No
13499-DVSH,Male,0,No,No,58,Yes,Yes,Fiber optic,Yes,No,No,No,Yes,Yes,Two year,No,Bank transfer (automatic),102.4,5831.47,No
13500-IDKF,Male,0,Yes,No,52,Yes,Yes,Fiber optic,Yes,Yes,Yes,No,No,Yes,One year,Yes,Credit card (automatic),106.29,5541.32,No
13501-OCKG,Female,1,Yes,Yes,38,Yes,Yes,DSL,Yes,Yes,Yes,Yes,No,Yes,Month-to-month,Yes,Bank transfer (automatic),89.44,3390.67,Yes
13502-BQUJ,Female,0,Yes,No,33,Yes,Yes,DSL,No,No,Yes,No,No,No,Month-to-month,No,Bank transfer (automatic),55.08,1804.00,No
13503-UBSU,Female,0,Yes,Yes,41,Yes,No,DSL,No,Yes,No,No,Yes,No,Month-to-month,Yes,Mailed check,59.75,2469.02,No
13504-GHFK,Male,1,Yes,No,42,Yes,Yes,DSL,Yes,Yes,Yes,Yes,Yes,No,Month-to-month,Yes,Electronic check,85.25,3581.74,No
13505-UGBB,Male,0,No,Yes,31,Yes,No,Fiber optic,Yes,No,No,No,No,No,Month-to-month,Yes,Mailed check,76.91,2377.92,Yes
13506-DXGT,Female,1,Yes,Yes,63,Yes,No,Fiber optic,No,Yes,No,No,No,No,Month-to-month,Yes,Electronic check,74.39,4665.24,Yes
13507-XBWW,Male,0,Yes,No,12,Yes,No,No,No internet service,No internet service,No internet service,No internet service,No internet service,No internet service,Month-to-month,Yes,Credit card (automatic),18.74,229.02,Yes
13508-FKND,Female,0,Yes,Yes,27,Yes,No,DSL,No,No,No,Yes,No,No,One year,Yes,Mailed check,50.11,1328.35,No
13509-ZOEQ,Male,0,Yes,No,29,Yes,No,DSL,Yes,No,No,No,No,No,Two year,No,Credit card (automatic),53.05,1536.93,No
13510-GTCS,Male,0,No,No,8,Yes,No,Fiber optic,No,No,Yes,No,No,Yes,Month-to-month,No,Credit card (automatic),84.21,687.31,Yes
13511-XJBG,Female,0,Yes,No,7,Yes,Yes,DSL,No,Yes,Yes,No,No,Yes,Two year,Yes,Mailed check,70.42,486.67,No
13512-MSXE,Male,1,No,Yes,65,Yes,No,Fiber optic,Yes,No,Yes,No,No,Yes,Month-to-month,Yes,Electronic check,90.41,5822.16,Yes
13513-OLYH,Male,1,No,Yes,56,Yes,Yes,Fiber optic,No,Yes,No,No,Yes,No,Month-to-month,Yes,Electronic check,83.16,4605.61,No
13514-KBTF,Female,1,Yes,Yes,27,Yes,Yes,Fiber optic,No,No,No,No,No,Yes,One year,Yes,Bank transfer (automatic),81.35,2187.42,No
13515-ILFA,Male,0,No,No,20,Yes,No,DSL,No,Yes,Yes,Yes,Yes,No,One year,No,Electronic check,71.52,1442.51,No
13516-KHCQ,Male,0,Yes,No,30,Yes,Yes,DSL,Yes,No,No,Yes,Yes,Yes,One year,Yes,Electronic check,76.65,2323.56,No
13517-ERMZ,Female,0,Yes,Yes,51,No,No phone service,No,No internet service,No internet service,No internet service,No internet service,No internet service,No internet service,One year,Yes,Bank transfer (automatic),20.77,1088.93,No
13518-UDXL,Male,0,No,Yes,22,No,No phone service,No,No internet service,No internet service,No internet service,No internet service,No internet service,No internet service,Month-to-month,No,Mailed check,22.46,498.43,No
13519-YKZK,Male,0,No,Yes,5,Yes,No,Fiber optic,Yes,No,No,No,Yes,No,Month-to-month,Yes,Electronic check,83.3,411.88,Yes
13520-LVAD,Male,0,Yes,Yes,31,Yes,Yes,DSL,No,Yes,Yes,No,Yes,Yes,Month-to-month,Yes,Mailed check,73.59,2258.31,No
13521-ZWED,Male,0,No,Yes,44,Yes,Yes,Fiber optic,No,Yes,No,Yes,Yes,Yes,Two year,Yes,Mailed check,104.58,4572.79,No
13522-MLDC,Male,0,Yes,No,38,Yes,No,Fiber optic,No,Yes,Yes,Yes,No,No,Two year,Yes,Bank transfer (automatic),85.54,3266.18,No
13523-HDEJ,Female,0,No,Yes,13,Yes,No,DSL,Yes,No,Yes,Yes,No,Yes,Month-to-month,Yes,Mailed check,70.86,940.33,Yes
13524-LNYH,Male,0,No,No,61,Yes,Yes,No,No internet service,No internet service,No internet service,No internet service,No internet service,No internet service,One year,No,Credit card (automatic),26.81,1589.90,No
13525-BYRW,Male,0,Yes,Yes,46,Yes,No,No,No internet service,No internet service,No internet service,No internet service,No internet service,No internet service,Month-to-month,Yes,Electronic check,21.4,1013.65,No
13526-HEFJ,Male,1,No,No,52,Yes,No,DSL,Yes,No,Yes,Yes,No,Yes,One year,Yes,Mailed check,67.53,3559.30,No
13527-XDHS,Male,0,No,No,69,Yes,No,DSL,Yes,Yes,No,No,No,Yes,Month-to-month,No,Credit card (automatic),70.13,4925.40,Yes
13528-GYMO,Female,0,Yes,Yes,37,No,No phone service,Fiber optic,Yes,No,No,No,No,Yes,One year,No,Electronic check,82.78,3063.20,No
13529-HVSB,Male,0,No,No,42,Yes,No,Fiber optic,Yes,Yes,No,Yes,No,No,Month-to-month,Yes,Electronic check,93.5,3872.02,Yes
13530-LUCI,Male,0,No,Yes,55,Yes,Yes,Fiber optic,Yes,No,No,Yes,Yes,Yes,One year,Yes,Bank transfer (automatic),99.38,5606.03,No
13531-HXAJ,Male,0,Yes,No,56,Yes,Yes,Fiber optic,No,Yes,No,No,Yes,No,Month-to-month,Yes,Mailed check,95.55,5345.32,No
13532-ZKON,Male,1,No,No,62,Yes,No,Fiber optic,No,Yes,No,No,Yes,Yes,One year,No,Credit card (automatic),93.71,5847.32,No
13533-XTUN,Male,0,No,No,51,No,No phone service,DSL,Yes,Yes,No,No,No,Yes,Month-to-month,Yes,Credit card (automatic),65.53,3248.85,No
13534-DVIG,Female,0,No,No,5,Yes,No,DSL,Yes,Yes,Yes,Yes,Yes,Yes,Two year,Yes,Electronic check,84.5,417.40,No
13535-EQNQ,Female,0,Yes,Yes,26,Yes,No,Fiber optic,No,No,Yes,No,Yes,No,One year,Yes,Electronic check,80.1,2054.27,No
13536-GGNR,Male,0,No,No,43,Yes,No,Fiber optic,Yes,No,Yes,Yes,No,No,Month-to-month,Yes,Electronic check,88.09,3723.02,Yes
13537-QJEF,Female,1,No,No,33,Yes,Yes,No,No internet service,No internet service,No internet service,No internet service,No internet service,No internet service,Month-to-month,No,Mailed check,28.55,934.20,Yes
13538-HWHZ,Male,1,No,No,4,Yes,Yes,DSL,No,No,Yes,Yes,No,Yes,Month-to-month,No,Electronic check,73.97,290.11,Yes
13539-RJWO,Male,0,Yes,No,20,Yes,Yes,No,No internet service,No internet service,No internet service,No internet service,No internet service,No internet service,One year,No,Electronic check,26.71,546.16,No
13540-NOFX,Female,0,No,Yes,23,Yes,Yes,DSL,No,No,Yes,No,No,No,Month-to-month,No,Credit card (automatic),55.08,1290.70,Yes
13541-AGEG,Female,0,No,No,3,Yes,Yes,Fiber optic,No,Yes,Yes,Yes,No,No,One year,No,Bank transfer (automatic),90.77,279.63,No
13542-NALL,Male,0,Yes,No,55,Yes,No,DSL,No,Yes,Yes,No,No,No,Two year,No,Electronic check,58.11,3146.32,No
13543-WPIN,Female,1,Yes,Yes,28,Yes,No,Fiber optic,No,No,No,No,No,Yes,Month-to-month,No,Electronic check,74.84,2144.68,Yes
13544-NLML,Male,0,No,No,57,Yes,No,Fiber optic,Yes,Yes,No,Yes,Yes,No,Month-to-month,No,Mailed check,98.29,5541.30,No
13545-FEFU,Female,1,No,No,63,Yes,No,Fiber optic,No,Yes,Yes,No,No,Yes,Two year,Yes,Electronic check,90.4,5754.73,No
13546-SBRM,Female,0,No,No,64,Yes,Yes,DSL,Yes,Yes,No,No,No,Yes,One year,Yes,Electronic check,68.08,4246.86,No
13547-RZEB,Female,0,Yes,Yes,66,Yes,No,Fiber optic,Yes,No,Yes,Yes,No,No,One year,No,Electronic check,90.89,6153.12,Yes
13548-SGJU,Female,0,No,No,36,Yes,No,Fiber optic,No,No,Yes,Yes,No,Yes,One year,Yes,Mailed check,89.51,3128.36,No
13549-IQAG,Female,1,Yes,Yes,18,Yes,Yes,Fiber optic,No,Yes,Yes,Yes,Yes,No,Month-to-month,Yes,Mailed check,104.29,1916.81,No
13550-VVWF,Female,0,No,No,7,Yes,Yes,DSL,Yes,Yes,Yes,No,No,Yes,Two year,No,Bank transfer (automatic),78.17,559.90,No
13551-MVGI,Female,0,Yes,No,45,Yes,No,DSL,Yes,No,Yes,No,Yes,No,Month-to-month,Yes,Mailed check,63.29,2892.42,No
13552-OCEB,Male,0,Yes,Yes,10,Yes,No,Fiber optic,Yes,No,No,Yes,Yes,No,Month-to-month,Yes,Bank transfer (automatic),91.7,911.74,Yes
13553-RGWN,Male,0,No,Yes,18,Yes,Yes,Fiber optic,Yes,No,No,No,No,No,One year,No,Bank transfer (automatic),83.11,1472.60,No
13554-VJNF,Male,0,No,Yes,18,Yes,Yes,DSL,Yes,No,Yes,No,Yes,Yes,Two year,Yes,Electronic check,74.47,1317.29,No
13555-DAQI,Female,0,Yes,No,20,Yes,No,DSL,Yes,Yes,Yes,No,No,Yes,Two year,Yes,Electronic check,71.99,1441.24,No
13556-YYUS,Male,0,Yes,No,27,Yes,No,Fiber optic,Yes,No,No,No,No,Yes,One year,Yes,Bank transfer (automatic),81.55,2231.68,Yes
13557-FAPW,Male,0,No,Yes,24,No,No phone service,No,No internet service,No internet service,No internet service,No internet service,No internet service,No internet service,Month-to-month,Yes,Electronic check,18.25,449.22,No
13558-OJVT,Female,0,No,No,38,Yes,Yes,Fiber optic,No,Yes,No,Yes,No,No,Month-to-month,No,Electronic check,89.73,3344.88,Yes
13559-DWRZ,Male,0,Yes,No,69,Yes,No,No,No internet service,No internet service,No internet service,No internet service,No internet service,No internet service,Two year,No,Electronic check,19.05,1348.69,No
13560-LSFZ,Female,0,No,Yes,47,Yes,No,Fiber optic,No,Yes,Yes,No,No,Yes,Two year,Yes,Electronic check,88.03,4144.36,No
13561-AWVL,Female,1,Yes,No,49,Yes,No,Fiber optic,Yes,Yes,Yes,No,Yes,Yes,Two year,Yes,Credit card (automatic),103.49,5077.20,Yes
13562-XFMQ,Male,0,No,No,12,Yes,No,No,No internet service,No internet service,No internet service,No internet service,No internet service,No internet service,Two year,No,Mailed check,18.25,219.71,No
13563-YFKJ,Male,0,Yes,No,9,Yes,Yes,DSL,Yes,No,No,Yes,No,No,Month-to-month,Yes,Electronic check,64.0,559.59,Yes
13564-SKCW,Male,0,Yes,No,14,Yes,Yes,No,No internet service,No internet service,No internet service,No internet service,No internet service,No internet service,One year,No,Bank transfer (automatic),27.64,397.33,No
13565-ICKJ,Male,0,No,Yes,62,Yes,Yes,DSL,Yes,No,No,Yes,No,No,One year,No,Electronic check,63.3,3917.73,No
13566-PEWL,Male,0,Yes,Yes,13,Yes,Yes,Fiber optic,No,Yes,No,Yes,No,No,Month-to-month,Yes,Credit card (automatic),84.52,1076.99,Yes
13567-CFBH,Male,0,No,Yes,71,No,No phone service,No,No internet service,No internet service,No internet service,No internet service,No internet service,No internet service,Month-to-month,Yes,Credit card (automatic),19.44,1389.45,No
13568-ZPVW,Male,0,Yes,Yes,55,Yes,No,No,No internet service,No internet service,No internet service,No internet service,No internet service,No internet service,Two year,Yes,Bank transfer (automatic),19.73,1071.73,No
13569-BKAX,Male,0,Yes,No,60,Yes,No,No,No internet service,No internet service,No internet service,No internet service,No internet service,No internet service,Two year,Yes,Electronic check,22.68,1361.03,No
13570-IZXH,Female,0,No,No,22,Yes,No,No,No internet service,No internet service,No internet service,No internet service,No internet service,No internet service,Month-to-month,Yes,Credit card (automatic),20.68,455.55,No
13571-WPWS,Female,0,No,No,12,No,No phone service,Fiber optic,Yes,Yes,Yes,Yes,Yes,No,Month-to-month,Yes,Electronic check,95.76,1168.14,No
13572-IYYM,Male,1,Yes,No,13,Yes,No,Fiber optic,Yes,No,No,No,Yes,Yes,Two year,Yes,Electronic check,94.59,1221.78,No
13573-GIYP,Female,0,No,No,62,Yes,Yes,Fiber optic,Yes,No,No,Yes,Yes,No,Two year,Yes,Bank transfer (automatic),94.04,5802.28,No
13574-MKKL,Male,0,Yes,Yes,32,Yes,Yes,DSL,Yes,No,No,Yes,Yes,Yes,One year,No,Bank transfer (automatic),77.03,2447.17,No
13575-KOSE,Male,1,No,No,30,Yes,No,Fiber optic,Yes,No,No,Yes,No,No,Month-to-month,Yes,Electronic check,82.83,2502.10,Yes
13576-GLOW,Male,0,Yes,Yes,18,Yes,Yes,DSL,Yes,Yes,Yes,Yes,Yes,No,Month-to-month,Yes,Bank transfer (automatic),88.02,1621.90,No
13577-VZIX,Male,0,No,Yes,26,Yes,Yes,No,No internet service,No internet service,No internet service,No internet service,No internet service,No internet service,Month-to-month,No,Credit card (automatic),28.87,738.61,No
13578-EGNQ,Male,1,Yes,No,27,Yes,Yes,Fiber optic,No,No,Yes,Yes,Yes,No,Month-to-month,Yes,Credit card (automatic),98.21,2608.35,Yes
13579-ACXG,Male,0,No,No,54,Yes,Yes,DSL,Yes,No,Yes,Yes,Yes,No,Month-to-month,Yes,Electronic check,81.32,4405.76,Yes
13580-TMOL,Male,1,No,No,60,Yes,No,Fiber optic,No,Yes,Yes,No,Yes,No,Month-to-month,Yes,Mailed check,89.14,5299.66,Yes
13581-IYJW,Male,0,No,Yes,34,Yes,Yes,Fiber optic,No,No,No,No,Yes,No,Month-to-month,Yes,Credit card (automatic),85.15,2825.42,No
13582-XWNU,Female,0,Yes,No,25,Yes,Yes,No,No internet service,No internet service,No internet service,No internet service,No internet service,No internet service,Month-to-month,No,Mailed check,25.62,657.30,Yes
13583-YTFQ,Female,0,Yes,Yes,33,Yes,No,DSL,No,Yes,Yes,No,No,Yes,Two year,Yes,Credit card (automatic),63.3,2062.43,No
13584-HKMA,Female,0,Yes,No,13,No,No phone service,Fiber optic,No,No,No,No,No,No,Month-to-month,Yes,Electronic check,68.73,892.83,Yes
13585-XDLB,Female,1,No,No,5,Yes,No,DSL,Yes,Yes,No,Yes,No,Yes,Month-to-month,Yes,Electronic check,74.6,375.73,Yes
13586-KVCM,Female,1,Yes,No,17,Yes,No,No,No internet service,No internet service,No internet service,No internet service,No internet service,No internet service,Month-to-month,Yes,Electronic check,18.25,315.03,Yes
13587-USBF,Male,0,No,No,2,Yes,Yes,No,No internet service,No internet service,No internet service,No internet service,No internet service,No internet service,One year,Yes,Electronic check,24.71,48.51,No
13588-SBMM,Male,0,Yes,No,3,Yes,No,DSL,Yes,Yes,No,Yes,No,Yes,Month-to-month,Yes,Credit card (automatic),67.02,206.72,Yes
13589-GBCK,Male,0,No,No,18,Yes,No,DSL,Yes,No,Yes,No,No,Yes,Month-to-month,Yes,Electronic check,64.6,1168.50,Yes
13590-GHUG,Male,0,No,Yes,65,Yes,No,DSL,Yes,Yes,Yes,No,No,Yes,One year,Yes,Credit card (automatic),74.28,4700.92,No
13591-OJVO,Female,1,No,Yes,14,No,No phone service,Fiber optic,No,No,No,Yes,Yes,No,Month-to-month,Yes,Bank transfer (automatic),84.81,1180.25,Yes
13592-FGEU,Male,0,No,No,51,No,No phone service,DSL,No,Yes,No,Yes,Yes,No,Month-to-month,Yes,Mailed check,64.38,3188.39,No
13593-AHJS,Female,0,No,No,11,Yes,No,Fiber optic,No,No,Yes,No,No,Yes,Two year,No,Mailed check,80.1,866.60,No
13594-YWOF,Female,1,No,No,34,Yes,No,Fiber optic,No,Yes,Yes,No,No,No,Two year,Yes,Bank transfer (automatic),82.32,2786.22,No
13595-GPHL,Male,0,No,Yes,44,Yes,No,Fiber optic,No,No,No,Yes,Yes,No,One year,Yes,Electronic check,79.29,3527.38,No
13596-GLOX,Female,0,No,Yes,41,Yes,Yes,Fiber optic,No,Yes,Yes,Yes,No,No,Two year,No,Credit card (automatic),91.91,3880.55,No
13597-XNMK,Male,0,Yes,No,58,Yes,No,Fiber optic,No,Yes,No,Yes,Yes,Yes,One year,No,Electronic check,101.04,5740.59,No
13598-ISDR,Male,0,Yes,No,19,No,No phone service,DSL,Yes,No,Yes,Yes,Yes,Yes,Month-to-month,No,Electronic check,83.1,1577.52,Yes
13599-XUKF,Male,0,No,No,54,Yes,No,Fiber optic,Yes,Yes,Yes,No,Yes,Yes,Two year,Yes,Bank transfer (automatic),107.0,5846.75,No
13600-JYIF,Male,0,No,Yes,30,Yes,No,Fiber optic,Yes,Yes,No,No,Yes,Yes,One year,Yes,Electronic check,93.95,2802.83,Yes
13601-NDUP,Female,0,Yes,Yes,33,Yes,Yes,DSL,No,Yes,No,No,No,No,Month-to-month,Yes,Electronic check,55.14,1832.60,Yes
13602-TSXG,Male,0,Yes,No,24,Yes,Yes,DSL,Yes,Yes,No,Yes,No,Yes,Month-to-month,No,Bank transfer (automatic),73.83,1739.08,Yes
13603-KPFG,Male,0,No,No,72,Yes,No,Fiber optic,No,Yes,Yes,Yes,Yes,Yes,Month-to-month,No,Credit card (automatic),99.75,7058.92,No
13604-SMDZ,Male,0,Yes,Yes,60,Yes,Yes,DSL,Yes,No,No,Yes,No,Yes,Month-to-month,Yes,Bank transfer (automatic),70.57,4278.64,No
13605-YOPM,Male,1,No,No,34,Yes,No,DSL,Yes,No,Yes,Yes,Yes,Yes,Month-to-month,No,Mailed check,76.97,2638.02,Yes
13606-RURT,Female,0,No,No,54,Yes,Yes,Fiber optic,Yes,No,No,Yes,Yes,No,One year,Yes,Bank transfer (automatic),96.75,5147.57,No
13607-CUBJ,Female,0,Yes,Yes,66,Yes,No,No,No internet service,No internet service,No internet service,No internet service,No internet service,No internet service,Month-to-month,Yes,Mailed check,20.11,1327.94,No
13608-TSNR,Male,1,Yes,No,21,Yes,Yes,Fiber optic,Yes,Yes,Yes,No,Yes,No,Month-to-month,No,Bank transfer (automatic),98.73,2082.97,Yes
13609-HCWH,Female,0,Yes,No,24,No,No phone service,No,No internet service,No internet service,No internet service,No internet service,No internet service,No internet service,Month-to-month,No,Mailed check,19.19,467.33,No
13610-LRBT,Male,0,Yes,Yes,55,Yes,Yes,DSL,No,No,Yes,No,Yes,Yes,Month-to-month,No,Bank transfer (automatic),69.59,3718.16,No
13611-GBPC,Male,1,No,No,21,Yes,Yes,No,No internet service,No internet service,No internet service,No internet service,No internet service,No internet service,Two year,Yes,Credit card (automatic),27.13,571.60,No
13612-PMYM,Female,0,No,Yes,7,Yes,Yes,Fiber optic,Yes,Yes,No,Yes,Yes,Yes,Month-to-month,Yes,Bank transfer (automatic),106.02,725.06,Yes
13613-TCBG,Male,0,No,No,43,Yes,No,No,No internet service,No internet service,No internet service,No internet service,No internet service,No internet service,Two year,Yes,Bank transfer (automatic),21.61,915.86,No
13614-YKBF,Male,0,Yes,No,15,Yes,No,Fiber optic,No,No,Yes,No,No,Yes,Two year,Yes,Electronic check,85.87,1253.76,No
13615-QFLU,Male,0,No,No,43,Yes,No,Fiber optic,Yes,No,Yes,No,Yes,Yes,Month-to-month,Yes,Electronic check,98.17,4276.17,No
13616-ZEZS,Male,0,Yes,No,8,Yes,Yes,No,No internet service,No internet service,No internet service,No internet service,No internet service,No internet service,Month-to-month,Yes,Electronic check,25.08,195.36,Yes
13617-JDUC,Female,0,No,No,35,Yes,Yes,No,No internet service,No internet service,No internet service,No internet service,No internet service,No internet service,Two year,Yes,Mailed check,23.88,821.50,Yes
13618-OPIU,Male,0,Yes,No,18,Yes,No,DSL,No,Yes,Yes,No,No,Yes,Month-to-month,No,Electronic check,61.16,1071.44,Yes
13619-ULNH,Male,0,No,No,39,Yes,Yes,DSL,Yes,Yes,Yes,No,No,No,Month-to-month,Yes,Electronic check,74.34,2970.19,No
13620-JXHX,Male,0,No,Yes,17,Yes,No,Fiber optic,Yes,Yes,Yes,No,Yes,Yes,Two year,Yes,Electronic check,98.74,1661.61,Yes
13621-UBEI,Female,0,Yes,No,19,Yes,Yes,DSL,Yes,No,Yes,No,Yes,Yes,One year,Yes,Credit card (automatic),75.34,1464.01,Yes
13622-MOGH,Female,0,No,Yes,65,No,No phone service,DSL,No,No,No,Yes,No,Yes,Month-to-month,No,Electronic check,54.7,3561.67,No
13623-PWBP,Female,1,Yes,No,71,Yes,No,DSL,Yes,Yes,No,Yes,Yes,No,Month-to-month,Yes,Mailed check,68.24,4854.54,No
13624-AERQ,Female,0,Yes,No,24,Yes,No,Fiber optic,No,No,Yes,Yes,No,Yes,One year,No,Credit card (automatic),87.98,2060.04,No
13625-IFLW,Female,0,No,No,47,Yes,Yes,Fiber optic,Yes,Yes,Yes,Yes,No,Yes,Month-to-month,No,Electronic check,100.86,4602.60,No
13626-PNRJ,Female,0,No,No,26,Yes,No,DSL,Yes,No,No,No,Yes,Yes,One year,Yes,Electronic check,67.28,1759.48,No
13627-SWBB,Female,0,Yes,No,13,Yes,Yes,Fiber optic,No,No,Yes,No,No,Yes,Month-to-month,No,Bank transfer (automatic),88.65,1133.06,No
13628-ERPB,Male,0,Yes,No,8,Yes,No,Fiber optic,No,Yes,No,No,Yes,Yes,Two year,Yes,Bank transfer (automatic),91.57,718.83,No
13629-TZDD,Male,1,Yes,No,65,Yes,No,No,No internet service,No internet service,No internet service,No internet service,No internet service,No internet service,One year,No,Credit card (automatic),21.52,1401.85,No
13630-UUAK,Male,0,No,No,5,Yes,No,DSL,No,Yes,Yes,No,Yes,Yes,Two year,No,Bank transfer (automatic),71.94,355.38,No
13631-SNQN,Male,0,No,Yes,36,Yes,Yes,No,No internet service,No internet service,No internet service,No internet service,No internet service,No internet service,Two year,Yes,Electronic check,24.81,894.12,No
13632-RNCU,Male,0,Yes,No,16,Yes,No,No,No internet service,No internet service,No internet service,No internet service,No internet service,No internet service,Month-to-month,Yes,Electronic check,22.92,368.62,No
13633-YUYT,Female,0,Yes,Yes,55,Yes,No,Fiber optic,Yes,Yes,Yes,Yes,Yes,Yes,Month-to-month,No,Mailed check,109.67,5877.52,No
13634-BNCX,Female,0,No,Yes,10,Yes,No,Fiber optic,Yes,Yes,Yes,No,No,No,Two year,No,Electronic check,88.54,911.63,Yes
13635-HIGQ,Male,0,No,Yes,42,Yes,Yes,DSL,No,Yes,No,Yes,No,No,Month-to-month,Yes,Electronic check,62.34,2543.12,Yes
13636-NMAZ,Male,0,Yes,No,25,Yes,No,Fiber optic,Yes,Yes,No,Yes,No,Yes,Month-to-month,Yes,Credit card (automatic),96.98,2374.87,Yes
13637-IPJK,Male,0,No,No,38,Yes,Yes,DSL,Yes,No,Yes,Yes,Yes,No,One year,No,Bank transfer (automatic),84.15,3259.28,No
13638-VWET,Female,0,Yes,No,14,Yes,Yes,Fiber optic,No,Yes,No,No,Yes,No,Month-to-month,Yes,Electronic check,85.43,1162.65,Yes
13639-DDJR,Male,0,Yes,No,9,Yes,No,No,No internet service,No internet service,No internet service,No internet service,No internet service,No internet service,Month-to-month,Yes,Mailed check,18.25,166.11,No
13640-OQRV,Male,0,No,No,13,Yes,No,DSL,No,Yes,No,Yes,Yes,No,Month-to-month,No,Credit card (automatic),63.74,847.35,No
13641-OTYN,Male,0,No,Yes,42,Yes,Yes,Fiber optic,Yes,Yes,No,Yes,No,Yes,Month-to-month,Yes,Bank transfer (automatic),99.69,4201.61,Yes
13642-LMXF,Female,0,Yes,No,47,Yes,No,Fiber optic,No,Yes,No,Yes,No,No,Two year,No,Bank transfer (automatic),80.44,3808.23,No
13643-MNFV,Male,1,No,No,66,Yes,Yes,Fiber optic,Yes,No,Yes,No,Yes,Yes,One year,No,Bank transfer (automatic),100.68,6779.14,No
13644-CQOC,Female,1,No,No,68,Yes,No,Fiber optic,Yes,No,Yes,Yes,No,Yes,Month-to-month,Yes,Mailed check,91.5,6088.21,Yes
13645-MHMF,Female,0,No,No,55,Yes,No,Fiber optic,Yes,No,Yes,No,No,Yes,Month-to-month,Yes,Credit card (automatic),86.23,4813.51,No
13646-WQPE,Male,1,No,No,1,Yes,No,Fiber optic,No,Yes,No,No,No,No,One year,Yes,Electronic check,75.36,75.42,Yes
13647-VHYD,Female,0,No,No,51,Yes,Yes,DSL,No,No,Yes,No,No,No,Month-to-month,Yes,Bank transfer (automatic),58.94,2948.15,Yes
13648-NENH,Female,0,No,No,51,Yes,Yes,Fiber optic,No,Yes,No,No,No,No,Month-to-month,Yes,Mailed check,81.92,4236.91,Yes
13649-ETJD,Female,0,Yes,No,51,Yes,Yes,Fiber optic,No,No,No,No,No,No,Month-to-month,No,Credit card (automatic),78.57,3950.19,Yes
13650-MSDX,Male,1,No,Yes,48,Yes,Yes,DSL,No,No,Yes,No,Yes,No,One year,Yes,Bank transfer (automatic),63.05,2947.10,Yes
13651-HWPA,Female,0,Yes,Yes,50,Yes,Yes,Fiber optic,No,Yes,No,Yes,No,Yes,Two year,Yes,Electronic check,95.6,4869.02,No
13652-DJJK,Female,0,No,No,43,Yes,Yes,Fiber optic,No,No,No,Yes,No,No,Month-to-month,Yes,Bank transfer (automatic),80.79,3490.34,Yes
13653-FNNY,Male,0,Yes,No,45,Yes,No,Fiber optic,No,No,No,No,No,Yes,Month-to-month,Yes,Mailed check,78.83,3583.99,Yes
13654-SAXT,Male,0,Yes,No,50,Yes,Yes,Fiber optic,Yes,No,No,Yes,No,No,Month-to-month,Yes,Bank transfer (automatic),86.37,4342.17,Yes
13655-YGEP,Female,0,No,No,4,Yes,Yes,Fiber optic,Yes,No,Yes,No,No,No,Month-to-month,No,Electronic check,83.59,324.99,Yes
13656-ZOEF,Female,0,Yes,No,37,No,No phone service,Fiber optic,Yes,No,Yes,Yes,Yes,No,Month-to-month,No,Mailed check,94.51,3429.55,Yes
13657-SCBQ,Female,0,Yes,No,10,Yes,Yes,Fiber optic,No,No,No,No,No,Yes,One year,Yes,Bank transfer (automatic),81.67,823.22,Yes
13658-KCOA,Female,1,Yes,No,67,Yes,No,Fiber optic,Yes,Yes,No,No,No,No,Two year,Yes,Electronic check,82.47,5593.56,No
13659-GVQC,Male,0,No,No,72,Yes,No,Fiber optic,No,Yes,No,Yes,Yes,No,Month-to-month,Yes,Mailed check,95.63,6800.24,No
13660-IYLK,Male,0,Yes,No,12,Yes,Yes,Fiber optic,Yes,No,No,Yes,Yes,Yes,Month-to-month,No,Credit card (automatic),107.32,1264.72,No
13661-OVTW,Female,0,Yes,No,65,Yes,No,No,No internet service,No internet service,No internet service,No internet service,No internet service,No internet service,One year,No,Electronic check,18.25,1172.62,No
13662-FGLC,Male,0,No,No,35,Yes,No,Fiber optic,No,No,No,Yes,No,No,Month-to-month,Yes,Mailed check,73.34,2537.17,Yes
13663-YFET,Male,0,No,Yes,49,Yes,No,DSL,No,No,Yes,No,No,Yes,Month-to-month,No,Credit card (automatic),64.19,3159.44,No
13664-ZQZU,Female,0,No,Yes,48,Yes,No,Fiber optic,Yes,Yes,Yes,Yes,Yes,No,Month-to-month,Yes,Electronic check,106.47,5185.09,Yes
13665-AKSR,Male,0,Yes,No,9,Yes,Yes,DSL,Yes,Yes,Yes,No,Yes,No,One year,No,Electronic check,83.52,761.06,No
13666-HXEC,Male,0,No,No,66,Yes,Yes,Fiber optic,No,No,No,No,Yes,Yes,One year,No,Mailed check,88.57,5729.67,No
13667-PPPC,Male,0,No,No,47,Yes,No,No,No internet service,No internet service,No internet service,No internet service,No internet service,No internet service,One year,Yes,Credit card (automatic),18.25,876.05,No
13668-IYHG,Male,1,No,No,36,Yes,Yes,Fiber optic,Yes,No,No,Yes,Yes,Yes,Two year,Yes,Bank transfer (automatic),104.27,3776.50,No
13669-PDDA,Male,0,No,No,45,Yes,Yes,Fiber optic,Yes,Yes,No,No,No,No,Month-to-month,No,Credit card (automatic),91.91,4075.40,Yes
13670-VRQI,Male,0,Yes,No,71,Yes,No,DSL,No,No,No,Yes,No,No,Month-to-month,No,Credit card (automatic),52.92,3767.55,No
13671-CJQI,Male,0,No,Yes,47,Yes,Yes,DSL,Yes,No,No,Yes,Yes,No,Month-to-month,Yes,Mailed check,72.46,3345.30,No
13672-SLWM,Male,0,No,Yes,48,No,No phone service,Fiber optic,No,No,No,No,Yes,Yes,Month-to-month,No,Electronic check,84.27,3999.48,Yes
13673-UETG,Female,1,Yes,No,64,Yes,No,No,No internet service,No internet service,No internet service,No internet service,No internet service,No internet service,One year,Yes,Electronic check,19.83,1285.13,No
13674-ODQX,Female,0,Yes,No,51,Yes,Yes,Fiber optic,No,No,Yes,No,Yes,No,Month-to-month,Yes,Bank transfer (automatic),90.26,4517.89,Yes
13675-KHZF,Female,0,Yes,Yes,11,Yes,Yes,No,No internet service,No internet service,No internet service,No internet service,No internet service,No internet service,One year,No,Bank transfer (automatic),29.28,324.72,No
13676-WZCA,Female,0,No,Yes,59,Yes,No,Fiber optic,No,Yes,Yes,No,Yes,Yes,Month-to-month,Yes,Electronic check,90.41,5387.93,No
13677-NSFA,Male,0,Yes,No,65,Yes,No,DSL,Yes,Yes,Yes,No,Yes,No,Month-to-month,No,Bank transfer (automatic),70.63,4719.84,No
13678-VVIZ,Female,0,No,No,53,Yes,Yes,Fiber optic,Yes,No,No,Yes,No,No,Month-to-month,Yes,Electronic check,88.5,4809.62,Yes
13679-YYKV,Female,0,No,No,11,Yes,Yes,DSL,No,Yes,Yes,Yes,Yes,Yes,Month-to-month,No,Mailed check,78.97,873.70,Yes
13680-BDGX,Male,0,Yes,No,38,Yes,No,DSL,Yes,Yes,Yes,Yes,Yes,No,Month-to-month,Yes,Mailed check,77.29,2965.98,Yes
13681-MFKU,Male,0,Yes,Yes,4,Yes,Yes,DSL,No,No,No,Yes,No,Yes,One year,Yes,Bank transfer (automatic),64.67,265.50,No
13682-HYOK,Female,0,Yes,No,56,Yes,Yes,Fiber optic,No,No,Yes,Yes,No,No,One year,Yes,Bank transfer (automatic),85.68,4766.49,No
13683-DBAP,Female,0,Yes,Yes,69,Yes,Yes,DSL,No,No,Yes,No,Yes,Yes,Two year,Yes,Credit card (automatic),68.03,4828.72,No
13684-CYNQ,Male,0,No,Yes,3,Yes,Yes,No,No internet service,No internet service,No internet service,No internet service,No internet service,No internet service,Month-to-month,No,Electronic check,25.98,76.24,No
13685-YFLG,Male,0,No,No,8,Yes,Yes,No,No internet service,No internet service,No internet service,No internet service,No internet service,No internet service,Two year,No,Mailed check,26.71,213.88,No
13686-RWOG,Male,0,No,No,68,Yes,Yes,Fiber optic,Yes,Yes,Yes,Yes,Yes,Yes,Month-to-month,No,Electronic check,112.54,7867.05,Yes
13687-KYKT,Male,0,No,No,58,Yes,No,Fiber optic,Yes,No,No,No,Yes,Yes,One year,No,Mailed check,89.65,5226.27,No
13688-UVIL,Female,0,Yes,No,60,Yes,No,DSL,No,No,No,Yes,Yes,Yes,Two year,Yes,Electronic check,65.95,4003.85,No
13689-OWJB,Female,0,No,No,16,Yes,Yes,Fiber optic,No,No,Yes,No,Yes,No,Month-to-month,No,Credit card (automatic),89.41,1397.56,Yes
13690-HWRC,Male,0,Yes,Yes,46,Yes,Yes,DSL,No,Yes,Yes,Yes,No,Yes,Two year,No,Mailed check,78.95,3725.95,No
13691-XQCK,Female,0,No,No,60,Yes,No,Fiber optic,No,Yes,No,No,No,No,Month-to-month,Yes,Electronic check,75.77,4638.45,Yes
13692-BWSD,Female,0,Yes,No,5,Yes,No,DSL,Yes,No,No,Yes,Yes,Yes,Two year,Yes,Mailed check,75.03,369.46,No
13693-DKJD,Female,0,Yes,Yes,21,Yes,Yes,Fiber optic,Yes,No,No,No,Yes,Yes,Two year,Yes,Electronic check,87.13,1883.17,No
13694-COQS,Male,0,No,No,22,Yes,No,Fiber optic,No,Yes,No,Yes,Yes,Yes,Month-to-month,No,Bank transfer (automatic),97.09,2136.59,No
13695-CLSY,Female,0,No,Yes,39,Yes,Yes,Fiber optic,Yes,Yes,No,No,No,No,Month-to-month,No,Credit card (automatic),90.37,3574.81,No
13696-MSAB,Female,0,Yes,Yes,19,Yes,No,Fiber optic,No,No,No,No,Yes,Yes,Two year,No,Mailed check,84.33,1619.82,No
13697-XICK,Female,0,Yes,Yes,25,Yes,Yes,DSL,No,Yes,No,Yes,No,No,Month-to-month,Yes,Credit card (automatic),65.59,1652.73,Yes
13698-VURK,Male,0,No,Yes,19,Yes,No,DSL,Yes,No,Yes,No,No,Yes,One year,Yes,Electronic check,57.86,1119.71,Yes
13699-MFQR,Male,0,No,No,5,Yes,No,Fiber optic,No,Yes,Yes,No,Yes,No,Month-to-month,No,Mailed check,91.47,446.09,Yes
13700-ZXKQ,Female,0,No,No,49,Yes,No,Fiber optic,No,No,No,Yes,No,Yes,Month-to-month,Yes,Credit card (automatic),82.67,4079.15,No
13701-ZLCP,Male,0,Yes,No,46,Yes,No,DSL,Yes,No,Yes,No,Yes,No,One year,Yes,Electronic check,65.58,3013.69,No
13702-FAHT,Female,0,Yes,No,64,Yes,Yes,No,No internet service,No internet service,No internet service,No internet service,No internet service,No internet service,Month-to-month,Yes,Mailed check,27.42,1803.45,No
13703-YONL,Male,0,No,No,42,Yes,No,DSL,No,Yes,Yes,Yes,Yes,No,One year,No,Credit card (automatic),70.39,2885.73,No
13704-EGFR,Female,0,No,No,50,Yes,Yes,DSL,Yes,No,Yes,Yes,Yes,No,One year,No,Bank transfer (automatic),75.15,3780.00,No
13705-IIOO,Male,0,Yes,No,26,No,No phone service,Fiber optic,No,Yes,No,Yes,No,No,Two year,No,Electronic check,85.36,2167.77,No
13706-NGOA,Male,0,Yes,No,28,Yes,No,DSL,Yes,Yes,Yes,Yes,Yes,Yes,Month-to-month,Yes,Electronic check,84.01,2411.12,Yes
13707-BGNT,Male,0,Yes,No,30,Yes,No,Fiber optic,No,No,Yes,No,Yes,No,One year,Yes,Credit card (automatic),85.62,2641.79,Yes
13708-NJAM,Male,0,No,No,70,Yes,No,DSL,No,No,No,Yes,Yes,Yes,Month-to-month,No,Mailed check,66.52,4770.59,Yes
13709-LIHO,Male,0,Yes,Yes,35,Yes,No,Fiber optic,No,Yes,No,Yes,No,No,Two year,Yes,Mailed check,84.95,3015.57,No
13710-CLFA,Male,0,No,No,63,Yes,No,DSL,No,No,No,Yes,Yes,Yes,Two year,No,Electronic check,59.77,3837.72,No
13711-PPBL,Male,0,No,Yes,24,Yes,Yes,DSL,Yes,No,Yes,No,No,Yes,Month-to-month,Yes,Mailed check,72.38,1757.99,Yes
13712-XJGF,Female,0,Yes,Yes,50,Yes,Yes,Fiber optic,No,Yes,No,Yes,Yes,Yes,Two year,Yes,Mailed check,103.06,5280.27,No
13713-MTGT,Female,0,Yes,No,20,Yes,Yes,Fiber optic,No,Yes,No,Yes,No,No,One year,No,Bank transfer (automatic),88.09,1755.61,No
13714-NMDP,Female,0,Yes,No,29,Yes,Yes,Fiber optic,Yes,Yes,No,No,Yes,No,Month-to-month,Yes,Electronic check,92.13,2631.92,Yes
13715-MOGH,Male,0,Yes,Yes,62,Yes,Yes,Fiber optic,No,No,No,No,No,Yes,Month-to-month,Yes,Bank transfer (automatic),85.56,5332.30,Yes
13716-GTJF,Female,0,No,No,50,Yes,No,No,No internet service,No internet service,No internet service,No internet service,No internet service,No internet service,Month-to-month,Yes,Credit card (automatic),18.25,916.30,Yes
13717-HYWZ,Female,0,No,No,36,Yes,Yes,DSL,Yes,Yes,Yes,No,Yes,Yes,One year,Yes,Electronic check,85.94,3094.80,No
13718-VLOJ,Male,0,Yes,Yes,30,Yes,No,No,No internet service,No internet service,No internet service,No internet service,No internet service,No internet service,Month-to-month,Yes,Bank transfer (automatic),18.72,574.08,No
13719-UJSP,Female,0,No,No,58,Yes,No,No,No internet service,No internet service,No internet service,No internet service,No internet service,No internet service,Month-to-month,Yes,Electronic check,21.96,1272.78,No
13720-NIWE,Female,0,Yes,No,12,Yes,Yes,Fiber optic,Yes,Yes,No,Yes,Yes,No,Two year,No,Mailed check,101.63,1242.83,No
13721-EHBB,Male,0,No,No,62,Yes,No,DSL,No,No,No,No,Yes,No,One year,No,Mailed check,50.01,3057.72,No
13722-MHCH,Male,0,No,Yes,45,Yes,Yes,No,No internet service,No internet service,No internet service,No internet service,No internet service,No internet service,Two year,Yes,Bank transfer (automatic),23.92,1090.74,No
13723-XSKN,Male,0,Yes,No,24,Yes,Yes,Fiber optic,Yes,No,Yes,No,No,Yes,Month-to-month,No,Credit card (automatic),92.92,2215.35,No
13724-BPYY,Male,0,No,No,51,Yes,No,DSL,Yes,Yes,No,No,Yes,No,Month-to-month,Yes,Bank transfer (automatic),64.55,3197.46,No
13725-EFZH,Female,0,No,Yes,72,Yes,Yes,No,No internet service,No internet service,No internet service,No internet service,No internet service,No internet service,Two year,Yes,Electronic check,28.82,2056.38,No
13726-ARQK,Female,0,Yes,No,26,Yes,Yes,Fiber optic,No,No,No,Yes,No,No,One year,No,Credit card (automatic),83.89,2231.94,No
13727-YVNY,Female,1,No,No,29,Yes,Yes,Fiber optic,Yes,Yes,No,Yes,No,Yes,Month-to-month,No,Electronic check,100.92,2888.73,Yes
13728-NTXJ,Male,0,Yes,Yes,67,Yes,No,Fiber optic,Yes,No,No,No,Yes,No,Month-to-month,No,Bank transfer (automatic),83.23,5487.79,Yes
13729-QIUM,Male,1,Yes,No,25,Yes,No,No,No internet service,No internet service,No internet service,No internet service,No internet service,No internet service,Month-to-month,Yes,Electronic check,21.32,540.16,No
13730-TOAN,Female,1,No,No,62,Yes,No,Fiber optic,No,Yes,No,No,Yes,No,One year,Yes,Credit card (automatic),83.86,5046.06,No
13731-ANRZ,Male,0,Yes,No,65,Yes,No,No,No internet service,No internet service,No internet service,No internet service,No internet service,No internet service,Month-to-month,Yes,Credit card (automatic),19.04,1227.17,No
13732-SGYN,Female,0,Yes,No,42,Yes,Yes,DSL,No,Yes,No,Yes,Yes,No,Month-to-month,Yes,Bank transfer (automatic),71.75,3033.17,No
13733-SGFO,Female,0,Yes,Yes,6,Yes,Yes,Fiber optic,No,No,Yes,No,Yes,Yes,Two year,Yes,Electronic check,93.81,549.18,No
13734-BRHG,Male,1,Yes,No,5,Yes,Yes,Fiber optic,Yes,Yes,No,No,Yes,Yes,Month-to-month,Yes,Electronic check,103.49,514.54,Yes
13735-KEEG,Female,0,Yes,No,21,Yes,Yes,DSL,No,Yes,Yes,No,Yes,No,One year,Yes,Electronic check,66.42,1403.07,No
13736-HLAU,Male,0,Yes,Yes,2,Yes,No,DSL,No,No,Yes,No,No,No,Month-to-month,Yes,Electronic check,55.87,113.32,Yes
13737-PXUE,Male,1,No,No,55,Yes,Yes,DSL,Yes,Yes,No,No,Yes,Yes,Month-to-month,Yes,Mailed check,78.9,4257.56,No
13738-ZHZO,Male,0,Yes,No,47,Yes,Yes,DSL,No,No,No,Yes,Yes,No,Month-to-month,Yes,Electronic check,64.59,3065.34,No
13739-YNYH,Male,1,No,No,33,Yes,Yes,Fiber optic,No,Yes,No,No,Yes,No,Month-to-month,Yes,Bank transfer (automatic),86.65,2942.29,No
13740-OJFE,Male,0,No,Yes,59,Yes,Yes,DSL,No,No,Yes,No,No,Yes,Month-to-month,Yes,Mailed check,63.47,3832.98,No
13741-OQGG,Female,0,Yes,No,10,Yes,No,Fiber optic,Yes,No,Yes,No,No,No,Month-to-month,No,Mailed check,84.68,855.94,Yes
13742-NXZS,Female,0,No,No,37,Yes,No,No,No internet service,No internet service,No internet service,No internet service,No internet service,No internet service,Month-to-month,No,Bank transfer (automatic),19.03,701.65,No
13743-VRML,Male,0,No,No,25,Yes,No,Fiber optic,No,Yes,No,Yes,Yes,No,Month-to-month,Yes,Electronic check,94.2,2305.42,Yes
13744-XSOJ,Female,0,No,No,2,Yes,No,No,No internet service,No internet service,No internet service,No internet service,No internet service,No internet service,Two year,Yes,Bank transfer (automatic),20.25,39.89,No
13745-LQYK,Female,0,No,No,35,Yes,Yes,Fiber optic,No,No,Yes,No,No,No,Month-to-month,Yes,Mailed check,78.49,2812.31,Yes
13746-TLIB,Male,0,Yes,No,11,Yes,Yes,No,No internet service,No internet service,No internet service,No internet service,No internet service,No internet service,Month-to-month,No,Mailed check,27.14,293.22,Yes
13747-GFUJ,Male,0,Yes,Yes,4,Yes,No,Fiber optic,No,No,Yes,Yes,No,Yes,Two year,Yes,Bank transfer (automatic),87.8,345.92,No
13748-QPOP,Male,0,No,No,16,Yes,No,DSL,Yes,No,Yes,Yes,Yes,No,Month-to-month,No,Electronic check,71.17,1107.86,No
13749-HDTR,Female,1,No,No,15,Yes,Yes,Fiber optic,No,No,No,No,Yes,Yes,Month-to-month,No,Electronic check,91.19,1392.73,Yes
13750-EGOL,Female,0,No,No,46,Yes,Yes,Fiber optic,Yes,No,No,Yes,Yes,Yes,One year,Yes,Mailed check,106.99,4981.04,No
13751-DUHH,Male,0,No,Yes,58,Yes,Yes,Fiber optic,Yes,No,No,No,No,No,Month-to-month,Yes,Electronic check,81.52,4643.07,Yes
13752-HPFU,Female,0,Yes,No,35,Yes,Yes,DSL,Yes,Yes,No,No,Yes,Yes,Month-to-month,No,Electronic check,74.29,2645.29,No
13753-TSBJ,Male,0,Yes,No,47,No,No phone service,Fiber optic,No,Yes,No,No,Yes,Yes,Month-to-month,Yes,Bank transfer (automatic),95.92,4537.14,Yes
13754-HUVA,Female,0,No,No,8,Yes,Yes,No,No internet service,No internet service,No internet service,No internet service,No internet service,No internet service,One year,Yes,Bank transfer (automatic),22.84,184.04,No
13755-ASTE,Female,0,Yes,Yes,57,Yes,Yes,No,No internet service,No internet service,No internet service,No internet service,No internet service,No internet service,One year,Yes,Electronic check,31.29,1836.70,No
13756-UEID,Female,0,No,No,37,Yes,No,Fiber optic,No,Yes,No,Yes,Yes,No,Month-to-month,Yes,Mailed check,94.44,3597.20,No
13757-NREW,Male,1,No,Yes,31,Yes,No,Fiber optic,Yes,Yes,Yes,No,No,No,Month-to-month,Yes,Credit card (automatic),91.38,2832.84,Yes
13758-UGMK,Male,0,Yes,Yes,63,Yes,No,DSL,Yes,No,No,No,Yes,No,Month-to-month,Yes,Credit card (automatic),56.76,3584.86,No
13759-MIYO,Female,1,Yes,No,23,Yes,Yes,Fiber optic,Yes,No,Yes,Yes,No,Yes,Month-to-month,Yes,Mailed check,109.98,2588.28,Yes
13760-RJCE,Male,0,No,No,32,Yes,No,DSL,No,No,No,No,Yes,No,Month-to-month,Yes,Credit card (automatic),53.59,1677.87,Yes
13761-ZUCN,Male,1,No,No,67,No,No phone service,No,No internet service,No internet service,No internet service,No internet service,No internet service,No internet service,One year,Yes,Credit card (automatic),20.41,1363.05,No
13762-HJRT,Male,0,No,Yes,11,Yes,No,Fiber optic,No,Yes,No,Yes,Yes,No,Month-to-month,Yes,Electronic check,88.87,980.38,Yes
13763-HMFX,Female,0,Yes,Yes,38,Yes,Yes,DSL,No,No,No,No,Yes,Yes,Month-to-month,Yes,Electronic check,67.4,2495.07,Yes
13764-LKRK,Male,1,Yes,No,42,Yes,Yes,DSL,No,No,No,Yes,No,No,Two year,Yes,Electronic check,56.26,2292.10,No
13765-NJLD,Female,1,Yes,Yes,51,Yes,No,Fiber optic,No,No,Yes,No,Yes,No,Month-to-month,Yes,Electronic check,80.63,4181.26,No
13766-UAHJ,Female,0,Yes,No,67,Yes,Yes,Fiber optic,No,No,Yes,No,No,Yes,Two year,Yes,Mailed check,87.22,5963.97,No
13767-OWYB,Female,0,Yes,Yes,25,Yes,Yes,Fiber optic,No,Yes,No,No,No,No,Month-to-month,Yes,Bank transfer (automatic),84.83,2130.37,Yes
13768-UIUC,Female,0,No,Yes,9,Yes,Yes,Fiber optic,Yes,Yes,No,No,Yes,No,One year,No,Electronic check,92.39,832.95,Yes
13769-CXJD,Male,0,Yes,No,29,Yes,No,Fiber optic,No,No,No,Yes,No,Yes,One year,Yes,Bank transfer (automatic),85.32,2458.27,Yes
13770-NJOS,Female,1,No,Yes,12,Yes,No,DSL,Yes,Yes,Yes,Yes,No,Yes,Month-to-month,Yes,Electronic check,75.22,906.80,No
13771-YKIR,Female,0,No,No,53,Yes,No,DSL,No,Yes,Yes,No,No,Yes,Month-to-month,Yes,Electronic check,65.2,3553.18,Yes
13772-WEIH,Female,0,No,No,41,Yes,No,DSL,No,Yes,No,No,Yes,Yes,Month-to-month,Yes,Electronic check,69.81,2894.46,Yes
13773-BZTR,Female,0,No,Yes,55,Yes,No,Fiber optic,No,Yes,Yes,No,Yes,Yes,Month-to-month,Yes,Electronic check,98.77,5350.75,Yes
13774-JPQD,Female,0,Yes,No,25,Yes,No,Fiber optic,No,No,Yes,Yes,Yes,No,One year,Yes,Bank transfer (automatic),85.93,2119.46,No
13775-TMXB,Female,0,No,No,69,Yes,Yes,DSL,Yes,No,Yes,No,No,Yes,Two year,Yes,Electronic check,68.02,4747.04,No
13776-OPTS,Female,0,Yes,No,65,Yes,Yes,Fiber optic,No,Yes,No,Yes,Yes,Yes,Month-to-month,No,Credit card (automatic),100.96,6513.00,No
13777-GXJI,Male,1,Yes,Yes,66,Yes,Yes,DSL,No,No,No,No,Yes,Yes,Month-to-month,Yes,Credit card (automatic),64.71,4328.69,No
13778-GAYZ,Male,0,No,No,52,No,No phone service,DSL,No,No,No,Yes,No,No,Month-to-month,No,Electronic check,51.81,2625.32,Yes
13779-YOBH,Male,0,Yes,No,14,Yes,No,DSL,No,Yes,Yes,No,No,Yes,Month-to-month,Yes,Credit card (automatic),67.22,928.09,Yes
13780-PYWY,Female,0,Yes,Yes,11,Yes,No,Fiber optic,Yes,No,No,No,Yes,No,One year,No,Bank transfer (automatic),80.93,884.29,Yes
13781-BVQL,Male,0,No,Yes,69,Yes,No,DSL,No,No,Yes,No,Yes,Yes,Month-to-month,Yes,Mailed check,65.76,4541.65,No
13782-MXUW,Male,1,Yes,Yes,63,Yes,No,No,No internet service,No internet service,No internet service,No internet service,No internet service,No internet service,One year,Yes,Electronic check,19.09,1199.46,No
13783-HCTV,Female,0,Yes,Yes,64,No,No phone service,DSL,No,No,No,No,No,Yes,Month-to-month,No,Bank transfer (automatic),51.94,3356.30,No
13784-FHXP,Male,0,Yes,Yes,47,Yes,Yes,Fiber optic,Yes,No,No,No,No,Yes,One year,No,Credit card (automatic),88.88,4102.03,No
13785-VVLA,Female,0,Yes,No,62,Yes,Yes,No,No internet service,No internet service,No internet service,No internet service,No internet service,No internet service,Two year,No,Electronic check,28.38,1753.27,No
13786-ITRH,Female,0,No,No,36,Yes,Yes,DSL,No,Yes,Yes,Yes,No,No,Two year,No,Credit card (automatic),68.98,2413.15,No
13787-OEFB,Male,0,No,No,12,No,No phone service,Fiber optic,No,No,No,No,No,Yes,One year,Yes,Bank transfer (automatic),75.42,919.93,No
13788-QDHN,Male,0,Yes,Yes,19,No,No phone service,Fiber optic,No,No,No,Yes,Yes,No,One year,Yes,Electronic check,80.16,1510.52,No
13789-ZMSY,Female,0,No,Yes,62,Yes,Yes,DSL,Yes,Yes,No,Yes,No,Yes,One year,Yes,Mailed check,72.72,4399.26,No
13790-JIUK,Female,0,No,No,47,Yes,Yes,DSL,Yes,No,Yes,No,Yes,No,Month-to-month,No,Electronic check,67.91,3188.12,Yes
13791-QMJJ,Female,1,No,No,72,Yes,No,No,No internet service,No internet service,No internet service,No internet service,No internet service,No internet service,Month-to-month,Yes,Bank transfer (automatic),18.55,1361.20,No
13792-STUY,Female,0,No,No,65,Yes,No,DSL,Yes,Yes,No,No,Yes,No,Two year,No,Electronic check,61.66,3936.00,No
13793-YVMN,Male,1,No,Yes,55,Yes,No,DSL,No,Yes,No,No,Yes,Yes,Two year,No,Mailed check,66.18,3616.10,No
13794-LLQO,Female,0,No,Yes,3,Yes,Yes,Fiber optic,No,Yes,Yes,No,No,No,Two year,Yes,Electronic check,86.79,253.57,No
13795-OZMI,Male,0,No,No,14,Yes,Yes,DSL,No,No,No,No,No,Yes,One year,Yes,Credit card (automatic),57.32,784.63,No
13796-HHKO,Male,1,Yes,No,28,Yes,No,No,No internet service,No internet service,No internet service,No internet service,No internet service,No internet service,Month-to-month,Yes,Electronic check,21.86,599.97,Yes
13797-TDRV,Female,0,Yes,Yes,3,Yes,Yes,No,No internet service,No internet service,No internet service,No internet service,No internet service,No internet service,Two year,Yes,Mailed check,24.35,73.25,No
13798-IHDA,Male,0,Yes,No,68,Yes,Yes,No,No internet service,No internet service,No internet service,No internet service,No internet service,No internet service,One year,No,Electronic check,25.98,1781.78,No
13799-ACTQ,Female,0,No,Yes,17,No,No phone service,DSL,Yes,No,No,Yes,No,No,Month-to-month,No,Mailed check,57.18,986.17,No
13800-JXGA,Female,0,Yes,No,28,Yes,No,No,No internet service,No internet service,No internet service,No internet service,No internet service,No internet service,Month-to-month,No,Electronic check,18.5,511.45,No
13801-XEWR,Male,0,No,No,49,Yes,No,Fiber optic,Yes,Yes,No,Yes,Yes,Yes,One year,Yes,Bank transfer (automatic),104.69,5149.20,No
13802-ZPJJ,Female,0,Yes,No,3,Yes,Yes,Fiber optic,No,No,No,No,No,No,One year,No,Electronic check,72.48,223.71,Yes
13803-LQLD,Female,0,No,No,46,Yes,No,Fiber optic,Yes,No,No,No,Yes,Yes,Month-to-month,No,Credit card (automatic),90.61,4057.97,Yes
13804-FXFS,Male,0,Yes,No,8,Yes,No,Fiber optic,Yes,No,Yes,Yes,Yes,No,Two year,No,Bank transfer (automatic),98.35,809.80,No
13805-TCTE,Female,0,Yes,No,65,Yes,No,Fiber optic,Yes,Yes,No,Yes,No,Yes,Month-to-month,Yes,Credit card (automatic),93.42,6090.46,No
13806-IVCF,Male,0,Yes,No,50,No,No phone service,Fiber optic,No,Yes,No,No,Yes,Yes,Month-to-month,Yes,Electronic check,88.69,4495.92,Yes
13807-VCKE,Female,1,No,No,25,Yes,Yes,Fiber optic,No,No,No,No,Yes,No,Month-to-month,Yes,Electronic check,80.89,2003.13,No
13808-EGJW,Male,0,No,No,51,Yes,No,DSL,No,Yes,Yes,Yes,No,No,Month-to-month,Yes,Mailed check,62.94,3155.50,No
13809-RUVV,Female,1,Yes,Yes,23,Yes,No,DSL,Yes,Yes,No,No,Yes,Yes,Month-to-month,No,Bank transfer (automatic),71.71,1664.91,No
13810-ZWNG,Female,0,No,No,9,Yes,Yes,Fiber optic,No,Yes,Yes,No,Yes,Yes,One year,Yes,Credit card (automatic),107.42,944.90,No
13811-PJAO,Female,0,No,No,1,Yes,Yes,Fiber optic,Yes,Yes,No,No,No,No,Month-to-month,No,Electronic check,86.68,88.25,No
13812-OURD,Male,0,No,No,16,Yes,Yes,Fiber optic,No,Yes,Yes,Yes,Yes,No,Month-to-month,Yes,Bank transfer (automatic),97.85,1599.45,No
13813-CWYS,Female,1,No,No,51,Yes,No,Fiber optic,Yes,No,Yes,Yes,No,Yes,Month-to-month,Yes,Mailed check,100.01,5184.58,Yes
13814-XQRE,Male,0,No,No,41,Yes,Yes,Fiber optic,Yes,No,No,Yes,No,Yes,Two year,Yes,Credit card (automatic),98.88,4105.11,No
13815-WRED,Male,1,No,No,20,Yes,No,DSL,No,Yes,Yes,No,Yes,Yes,Two year,Yes,Credit card (automatic),76.31,1522.11,No
13816-KAFE,Female,0,No,Yes,50,Yes,Yes,Fiber optic,No,Yes,No,Yes,No,No,Two year,Yes,Electronic check,87.17,4329.01,Yes
13817-BBLQ,Female,0,No,No,28,Yes,Yes,DSL,No,No,Yes,No,Yes,Yes,Two year,No,Electronic check,65.9,1853.14,No
13818-QUPX,Female,0,No,Yes,12,Yes,No,No,No internet service,No internet service,No internet service,No internet service,No internet service,No internet service,Month-to-month,No,Mailed check,18.25,215.59,No
13819-GMBM,Male,1,Yes,No,49,Yes,Yes,Fiber optic,Yes,No,Yes,Yes,No,Yes,Month-to-month,No,Mailed check,93.94,4539.26,Yes
13820-UDUQ,Female,0,Yes,No,33,Yes,Yes,No,No internet service,No internet service,No internet service,No internet service,No internet service,No internet service,Two year,Yes,Credit card (automatic),27.34,898.99,No
13821-JMXF,Female,1,No,No,48,Yes,Yes,DSL,Yes,No,No,Yes,No,Yes,Two year,No,Electronic check,70.53,3439.32,No
13822-SBSY,Female,0,No,No,41,Yes,No,Fiber optic,Yes,Yes,No,No,Yes,Yes,Two year,Yes,Bank transfer (automatic),97.37,4003.87,No
13823-HTJX,Male,0,No,Yes,8,No,No phone service,Fiber optic,Yes,Yes,Yes,Yes,No,No,Month-to-month,Yes,Credit card (automatic),93.24,764.91,Yes
13824-ZNAZ,Female,0,No,No,4,Yes,No,DSL,No,No,Yes,Yes,Yes,Yes,Month-to-month,No,Electronic check,76.98,307.00,Yes
13825-XVXA,Female,0,No,Yes,8,Yes,Yes,Fiber optic,No,No,Yes,Yes,No,Yes,Month-to-month,Yes,Electronic check,95.9,782.59,Yes
13826-RWVU,Female,0,Yes,Yes,17,Yes,No,DSL,No,Yes,No,Yes,No,Yes,Month-to-month,Yes,Electronic check,64.68,1130.89,Yes
13827-YJXY,Male,0,No,No,17,Yes,No,DSL,No,Yes,No,Yes,Yes,Yes,One year,Yes,Electronic check,67.93,1144.18,No
13828-AULN,Male,0,Yes,No,67,Yes,Yes,Fiber optic,Yes,No,Yes,No,No,Yes,Two year,No,Electronic check,95.02,6198.27,No
13829-LWAT,Male,0,No,Yes,57,Yes,No,Fiber optic,No,No,No,Yes,Yes,No,One year,Yes,Bank transfer (automatic),80.99,4485.55,No
13830-XIGJ,Female,0,No,No,64,Yes,Yes,Fiber optic,Yes,No,Yes,Yes,No,Yes,Month-to-month,No,Mailed check,98.33,6470.95,No
13831-OCYS,Male,0,Yes,Yes,35,Yes,Yes,Fiber optic,No,No,Yes,No,No,No,Two year,Yes,Electronic check,82.1,2910.89,No
13832-CYQH,Male,0,No,No,24,Yes,Yes,DSL,Yes,No,No,No,No,No,One year,Yes,Mailed check,54.38,1273.85,No
13833-VEOR,Female,0,No,Yes,30,Yes,Yes,Fiber optic,No,No,No,No,Yes,Yes,Month-to-month,Yes,Mailed check,84.03,2509.24,Yes
13834-GRCL,Male,0,Yes,Yes,63,Yes,Yes,Fiber optic,No,Yes,No,No,No,No,One year,Yes,Bank transfer (automatic),86.35,5399.49,No
13835-NHIE,Female,0,No,No,26,Yes,Yes,Fiber optic,Yes,No,Yes,No,No,Yes,Month-to-month,No,Electronic check,97.8,2580.45,Yes
13836-SXXG,Female,0,No,No,46,Yes,No,Fiber optic,No,Yes,No,No,Yes,Yes,Month-to-month,Yes,Electronic check,89.96,4165.47,Yes
13837-EMLP,Male,0,No,No,11,Yes,No,DSL,Yes,Yes,Yes,No,No,Yes,Month-to-month,No,Electronic check,72.9,814.42,Yes
13838-PKCA,Male,0,Yes,No,71,Yes,Yes,Fiber optic,Yes,Yes,Yes,No,Yes,No,Two year,No,Electronic check,100.69,7279.82,No
13839-BLGG,Female,0,Yes,No,47,Yes,No,DSL,Yes,No,Yes,Yes,Yes,No,Month-to-month,No,Credit card (automatic),68.63,3188.67,No
13840-XPXO,Male,0,No,No,70,Yes,Yes,DSL,Yes,Yes,Yes,Yes,Yes,No,Two year,Yes,Electronic check,73.2,4986.65,No
13841-TDXB,Female,0,Yes,No,22,Yes,No,Fiber optic,Yes,Yes,No,Yes,Yes,No,Month-to-month,Yes,Electronic check,99.33,2148.37,Yes
13842-EBOE,Male,0,Yes,No,45,Yes,No,Fiber optic,No,No,No,No,No,No,Month-to-month,Yes,Mailed check,70.36,3224.83,Yes
13843-EAOC,Male,0,No,No,20,No,No phone service,DSL,Yes,Yes,Yes,Yes,No,No,Two year,No,Credit card (automatic),69.83,1435.11,No
13844-XFIE,Male,0,No,Yes,34,No,No phone service,DSL,Yes,No,Yes,No,No,No,Month-to-month,No,Bank transfer (automatic),59.43,1960.06,Yes
13845-UXIV,Female,0,No,Yes,24,Yes,Yes,Fiber optic,Yes,Yes,Yes,No,No,No,One year,Yes,Bank transfer (automatic),100.32,2437.98,No
13846-SDLY,Male,0,No,No,0,Yes,Yes,Fiber optic,Yes,No,No,No,No,No,Two year,Yes,Bank transfer (automatic),82.51,,No
13847-DTLT,Male,1,Yes,No,32,Yes,No,Fiber optic,Yes,No,Yes,Yes,Yes,No,Month-to-month,Yes,Bank transfer (automatic),95.47,3002.35,Yes
13848-XXET,Male,0,Yes,No,39,Yes,No,Fiber optic,No,No,No,No,Yes,No,Month-to-month,Yes,Credit card (automatic),76.08,2927.86,No
13849-BLJR,Male,0,No,No,12,Yes,Yes,DSL,Yes,No,No,Yes,No,Yes,One year,No,Electronic check,68.56,827.28,No
13850-WAGE,Male,0,Yes,No,29,Yes,Yes,Fiber optic,No,Yes,Yes,No,Yes,No,Month-to-month,No,Mailed check,95.0,2686.86,No
13851-COSF,Female,0,Yes,No,7,No,No phone service,No,No internet service,No internet service,No internet service,No internet service,No internet service,No internet service,Month-to-month,Yes,Bank transfer (automatic),18.25,130.87,No
13852-YXKJ,Female,0,No,No,47,Yes,No,No,No internet service,No internet service,No internet service,No internet service,No internet service,No internet service,One year,No,Bank transfer (automatic),18.69,852.66,No
13853-EHHR,Male,0,Yes,Yes,23,Yes,No,DSL,No,Yes,Yes,Yes,Yes,Yes,Two year,No,Credit card (automatic),80.07,1805.12,No
13854-KKZU,Female,0,No,No,7,Yes,Yes,No,No internet service,No internet service,No internet service,No internet service,No internet service,No internet service,Month-to-month,No,Bank transfer (automatic),25.36,181.19,No
13855-VSDQ,Female,0,No,Yes,37,Yes,No,DSL,Yes,No,Yes,Yes,Yes,No,Month-to-month,No,Bank transfer (automatic),63.55,2343.05,No
13856-MPFX,Female,0,No,Yes,61,Yes,No,DSL,Yes,Yes,Yes,No,No,No,One year,Yes,Electronic check,68.33,4285.65,Yes
13857-EWCJ,Female,0,Yes,No,72,Yes,No,Fiber optic,Yes,Yes,No,No,Yes,No,One year,No,Credit card (automatic),92.14,6446.00,No
13858-BZKX,Male,0,Yes,Yes,70,Yes,No,DSL,Yes,Yes,No,No,No,No,One year,Yes,Electronic check,55.28,3895.77,No
13859-IQNZ,Female,0,No,No,13,No,No phone service,DSL,No,Yes,Yes,Yes,Yes,Yes,Two year,No,Bank transfer (automatic),72.53,954.41,No
13860-QAFH,Female,0,No,No,16,Yes,Yes,DSL,Yes,No,No,Yes,No,No,Month-to-month,No,Mailed check,67.92,1061.22,No
13861-EEAT,Female,0,Yes,No,65,Yes,Yes,Fiber optic,No,Yes,No,Yes,No,No,One year,Yes,Bank transfer (automatic),93.81,6084.85,No
13862-VNSG,Male,0,Yes,Yes,46,No,No phone service,Fiber optic,Yes,Yes,Yes,Yes,Yes,No,Month-to-month,Yes,Mailed check,105.15,4837.46,No
13863-TTDA,Female,0,No,No,40,Yes,No,Fiber optic,Yes,No,No,Yes,Yes,Yes,Month-to-month,Yes,Mailed check,96.36,3902.18,Yes
13864-FTPT,Female,0,Yes,No,58,Yes,Yes,Fiber optic,Yes,No,Yes,No,No,No,One year,Yes,Mailed check,86.04,4868.46,No
13865-EPQM,Female,0,Yes,No,5,No,No phone service,DSL,No,No,No,No,Yes,No,Month-to-month,Yes,Credit card (automatic),49.69,246.24,Yes
13866-TNWX,Male,0,Yes,No,40,Yes,No,Fiber optic,No,Yes,No,No,Yes,Yes,Month-to-month,No,Bank transfer (automatic),86.5,3460.21,Yes
13867-OKNF,Male,0,Yes,No,42,Yes,Yes,Fiber optic,No,Yes,No,Yes,No,Yes,Month-to-month,No,Mailed check,104.25,4499.89,Yes
13868-ZFSE,Female,0,Yes,No,68,Yes,No,DSL,No,No,No,No,No,No,Month-to-month,Yes,Mailed check,43.09,2959.27,No
13869-UTFA,Male,1,Yes,No,34,Yes,Yes,No,No internet service,No internet service,No internet service,No internet service,No internet service,No internet service,Month-to-month,No,Mailed check,26.38,923.63,No
13870-OWIY,Male,0,No,No,37,Yes,Yes,Fiber optic,Yes,Yes,No,Yes,Yes,No,Month-to-month,No,Credit card (automatic),96.96,3481.51,No
13871-NUKI,Female,0,No,No,58,Yes,Yes,Fiber optic,No,Yes,No,Yes,Yes,No,Month-to-month,Yes,Mailed check,94.88,5631.56,No
13872-IIHF,Female,0,Yes,No,20,Yes,No,Fiber optic,No,No,No,Yes,No,Yes,Month-to-month,Yes,Mailed check,86.42,1761.80,Yes
13873-NUOJ,Male,0,Yes,No,6,Yes,No,Fiber optic,Yes,No,Yes,No,No,No,Month-to-month,No,Electronic check,85.56,497.98,Yes
13874-DYAM,Male,0,No,Yes,34,Yes,Yes,Fiber optic,Yes,Yes,No,Yes,Yes,No,Month-to-month,Yes,Electronic check,98.34,3383.38,Yes
13875-DFEG,Male,0,Yes,No,44,Yes,No,No,No internet service,No internet service,No internet service,No internet service,No internet service,No internet service,One year,No,Credit card (automatic),22.25,991.82,No
13876-PMNT,Male,1,Yes,No,36,Yes,No,DSL,Yes,Yes,No,Yes,No,No,Two year,No,Credit card (automatic),65.28,2369.24,No
13877-BFFG,Male,0,No,No,51,Yes,No,DSL,No,No,Yes,No,No,Yes,Two year,No,Mailed check,56.57,2838.38,No
13878-KPEX,Female,1,No,No,19,Yes,No,DSL,Yes,No,No,No,Yes,No,Month-to-month,Yes,Electronic check,59.71,1131.13,Yes
13879-LWRK,Female,0,No,No,2,Yes,Yes,No,No internet service,No internet service,No internet service,No internet service,No internet service,No internet service,One year,Yes,Credit card (automatic),30.52,59.57,Yes
13880-BXJZ,Male,0,Yes,No,57,No,No phone service,Fiber optic,Yes,No,No,Yes,No,No,Month-to-month,Yes,Credit card (automatic),77.76,4547.49,No
13881-UJRC,Male,0,Yes,Yes,62,Yes,No,DSL,No,Yes,No,No,Yes,Yes,Month-to-month,Yes,Bank transfer (automatic),63.59,3995.86,No
13882-MLQM,Female,0,Yes,No,45,Yes,No,DSL,Yes,Yes,Yes,Yes,Yes,No,Two year,No,Mailed check,73.31,3384.75,No
13883-SCVV,Male,0,No,Yes,23,Yes,Yes,Fiber optic,Yes,Yes,No,Yes,Yes,Yes,Month-to-month,No,Mailed check,104.75,2365.72,No
13884-SIQP,Male,0,Yes,No,27,Yes,No,No,No internet service,No internet service,No internet service,No internet service,No internet service,No internet service,Two year,Yes,Credit card (automatic),19.16,517.58,No
13885-ICBV,Male,0,Yes,No,35,Yes,Yes,Fiber optic,Yes,No,Yes,No,Yes,No,Month-to-month,Yes,Electronic check,93.74,3236.59,Yes
13886-RMCZ,Female,0,Yes,No,31,Yes,No,DSL,No,No,No,No,Yes,No,One year,Yes,Electronic check,47.87,1492.78,No
13887-TYXO,Male,0,No,No,17,Yes,No,No,No internet service,No internet service,No internet service,No internet service,No internet service,No internet service,Month-to-month,Yes,Credit card (automatic),21.43,367.17,No
13888-SXIZ,Male,0,Yes,Yes,27,No,No phone service,No,No internet service,No internet service,No internet service,No internet service,No internet service,No internet service,One year,Yes,Bank transfer (automatic),22.14,614.20,No
13889-FFLM,Female,0,Yes,Yes,22,Yes,Yes,Fiber optic,No,Yes,Yes,Yes,No,Yes,One year,Yes,Bank transfer (automatic),102.7,2242.87,No
13890-SDUA,Male,0,No,No,33,Yes,Yes,Fiber optic,Yes,No,Yes,Yes,No,No,Month-to-month,Yes,Electronic check,94.03,3166.91,No
13891-YXHG,Male,0,No,Yes,28,Yes,No,Fiber optic,Yes,Yes,No,No,No,No,Month-to-month,Yes,Bank transfer (automatic),84.85,2429.00,Yes
13892-LBZU,Male,0,No,No,39,Yes,No,Fiber optic,Yes,Yes,No,Yes,No,No,One year,Yes,Mailed check,84.52,3289.91,No
13893-IFGN,Female,1,No,No,59,Yes,No,No,No internet service,No internet service,No internet service,No internet service,No internet service,No internet service,One year,Yes,Mailed check,19.03,1106.27,No
13894-BWYH,Female,0,Yes,No,24,Yes,No,Fiber optic,Yes,Yes,Yes,No,No,Yes,One year,Yes,Bank transfer (automatic),93.74,2237.73,No
13895-OZHL,Female,0,No,No,5,Yes,No,Fiber optic,No,No,No,No,No,Yes,Two year,Yes,Credit card (automatic),79.15,402.14,No
13896-PJTV,Male,0,Yes,No,59,Yes,No,DSL,Yes,No,No,No,No,No,Month-to-month,Yes,Credit card (automatic),53.61,3200.82,No
13897-UJCA,Male,0,No,No,14,Yes,No,Fiber optic,Yes,Yes,No,Yes,Yes,Yes,Two year,No,Electronic check,98.71,1410.39,No
13898-FVAC,Female,0,Yes,No,67,Yes,No,DSL,Yes,No,No,No,Yes,No,Month-to-month,Yes,Electronic check,58.82,4043.60,No
13899-DUFC,Female,0,No,Yes,39,Yes,No,Fiber optic,Yes,Yes,Yes,No,No,Yes,Two year,Yes,Mailed check,101.33,3971.07,No
13900-EQUS,Male,0,No,No,38,Yes,Yes,No,No internet service,No internet service,No internet service,No internet service,No internet service,No internet service,Month-to-month,Yes,Bank transfer (automatic),22.62,858.54,No
13901-MZDT,Female,0,Yes,No,30,Yes,No,DSL,Yes,No,Yes,No,Yes,Yes,Two year,Yes,Credit card (automatic),67.47,1974.14,No
13902-NAMG,Female,0,Yes,No,52,Yes,Yes,Fiber optic,No,Yes,Yes,No,No,No,Two year,No,Bank transfer (automatic),90.72,4688.02,No
13903-VHUI,Female,0,No,No,48,Yes,No,Fiber optic,No,Yes,No,No,No,Yes,Two year,No,Credit card (automatic),84.65,4045.52,No
13904-EPCO,Female,0,Yes,No,67,Yes,No,DSL,Yes,Yes,No,No,Yes,No,Month-to-month,Yes,Bank transfer (automatic),64.84,4437.86,Yes
13905-ELBJ,Male,0,No,No,2,Yes,Yes,Fiber optic,Yes,No,No,Yes,Yes,No,Two year,Yes,Mailed check,94.55,193.93,No
13906-JHIB,Male,0,Yes,No,14,Yes,Yes,No,No internet service,No internet service,No internet service,No internet service,No internet service,No internet service,Month-to-month,No,Electronic check,30.11,423.36,No
13907-MDAE,Male,0,No,No,20,Yes,No,DSL,Yes,No,Yes,No,No,Yes,Month-to-month,Yes,Bank transfer (automatic),68.04,1394.84,Yes
13908-OUFP,Male,0,No,No,14,Yes,No,Fiber optic,No,No,Yes,Yes,No,No,One year,No,Bank transfer (automatic),85.85,1176.78,No
13909-IFNB,Female,0,Yes,No,69,Yes,Yes,Fiber optic,No,No,Yes,No,Yes,Yes,Month-to-month,No,Mailed check,98.44,6853.43,Yes
13910-SHKU,Female,0,No,No,6,Yes,Yes,Fiber optic,Yes,No,Yes,Yes,No,Yes,One year,No,Electronic check,105.34,631.71,No
13911-QEHK,Female,0,No,No,9,Yes,No,DSL,No,Yes,No,No,No,No,Two year,Yes,Electronic check,54.01,484.15,No
13912-ZGVA,Male,0,No,Yes,32,Yes,No,DSL,No,No,Yes,No,No,Yes,Two year,Yes,Electronic check,54.3,1717.92,No
13913-NOGX,Female,1,No,No,20,Yes,No,DSL,No,No,Yes,No,Yes,Yes,Month-to-month,Yes,Electronic check,66.85,1359.12,Yes
13914-OJWJ,Male,0,No,No,24,Yes,No,Fiber optic,No,No,No,Yes,Yes,Yes,Month-to-month,No,Bank transfer (automatic),85.21,1985.32,Yes
13915-IPXE,Female,1,Yes,No,44,Yes,No,DSL,No,Yes,Yes,No,Yes,No,Month-to-month,No,Mailed check,64.14,2794.98,Yes
13916-SQFX,Male,1,Yes,No,41,Yes,Yes,Fiber optic,No,No,Yes,No,No,No,One year,Yes,Credit card (automatic),85.38,3434.25,No
13917-WUGD,Male,0,Yes,No,63,Yes,No,Fiber optic,No,No,No,Yes,No,No,Two year,Yes,Electronic check,73.76,4575.20,No
13918-RMUI,Male,0,No,Yes,33,Yes,No,No,No internet service,No internet service,No internet service,No internet service,No internet service,No internet service,Month-to-month,Yes,Credit card (automatic),18.34,587.49,No
13919-JHSU,Female,0,No,No,68,Yes,Yes,No,No internet service,No internet service,No internet service,No internet service,No internet service,No internet service,Month-to-month,Yes,Mailed check,28.7,1971.56,No
13920-YTTV,Male,1,Yes,No,14,Yes,Yes,Fiber optic,Yes,Yes,No,No,No,No,One year,Yes,Credit card (automatic),92.38,1263.72,No
13921-YZKE,Male,0,No,No,15,Yes,No,DSL,Yes,No,Yes,Yes,Yes,Yes,Month-to-month,Yes,Electronic check,84.29,1230.36,No
13922-XKLJ,Male,0,Yes,No,29,Yes,Yes,DSL,Yes,No,Yes,Yes,No,Yes,Month-to-month,Yes,Electronic check,84.51,2427.27,No
13923-YUGJ,Female,0,No,No,9,Yes,No,Fiber optic,Yes,No,No,No,No,Yes,Month-to-month,Yes,Electronic check,81.18,716.15,Yes
13924-LLSL,Male,1,No,No,3,Yes,Yes,Fiber optic,No,No,No,Yes,No,Yes,One year,No,Mailed check,85.67,259.72,Yes
13925-JARF,Male,0,No,No,27,Yes,Yes,DSL,No,No,No,No,No,No,Month-to-month,No,Mailed check,50.52,1377.19,Yes
13926-YUKN,Male,0,No,No,39,Yes,Yes,Fiber optic,No,Yes,Yes,Yes,Yes,Yes,One year,Yes,Electronic check,114.15,4461.13,No
13927-GJYS,Male,0,No,Yes,20,Yes,No,DSL,Yes,Yes,Yes,No,Yes,Yes,One year,No,Credit card (automatic),73.99,1519.35,Yes
13928-GXKS,Female,0,Yes,No,20,Yes,Yes,Fiber optic,No,Yes,No,Yes,Yes,Yes,Month-to-month,Yes,Credit card (automatic),99.53,2027.66,No
13929-CHPE,Female,1,No,No,8,Yes,No,Fiber optic,Yes,Yes,No,Yes,Yes,No,One year,Yes,Electronic check,100.44,806.51,Yes
13930-ZZDR,Male,0,Yes,No,9,Yes,Yes,DSL,Yes,No,Yes,Yes,Yes,No,Month-to-month,Yes,Mailed check,78.32,721.79,No
13931-SEFL,Female,0,No,No,64,Yes,Yes,No,No internet service,No internet service,No internet service,No internet service,No internet service,No internet service,Two year,Yes,Electronic check,23.77,1501.08,No
13932-XJHD,Male,0,No,Yes,5,No,No phone service,Fiber optic,Yes,Yes,Yes,Yes,Yes,No,Two year,No,Credit card (automatic),97.11,484.12,No
13933-ESRD,Female,0,Yes,No,51,Yes,No,Fiber optic,No,No,No,No,Yes,Yes,One year,No,Bank transfer (automatic),81.33,4149.36,No
13934-JVYH,Male,0,Yes,No,52,Yes,Yes,Fiber optic,No,No,No,Yes,No,No,Month-to-month,Yes,Credit card (automatic),83.93,4272.24,No
13935-QMLG,Male,0,Yes,No,15,Yes,No,DSL,No,No,No,Yes,Yes,Yes,Two year,No,Mailed check,63.21,968.80,No
13936-BGFL,Male,0,No,No,18,Yes,Yes,Fiber optic,No,No,Yes,Yes,Yes,Yes,Month-to-month,No,Bank transfer (automatic),98.67,1740.09,Yes
13937-PFMD,Male,0,Yes,No,27,Yes,Yes,Fiber optic,Yes,Yes,No,Yes,No,No,Month-to-month,Yes,Electronic check,97.98,2629.74,Yes
13938-FBYS,Female,1,No,Yes,48,No,No phone service,Fiber optic,Yes,No,Yes,No,Yes,Yes,Two year,Yes,Electronic check,94.03,4576.49,Yes
13939-FWCH,Female,0,Yes,Yes,3,Yes,No,Fiber optic,Yes,No,Yes,No,No,Yes,One year,No,Bank transfer (automatic),92.62,272.77,No
13940-PVQO,Female,0,No,No,59,Yes,Yes,Fiber optic,Yes,No,No,Yes,No,No,Month-to-month,Yes,Mailed check,90.3,5261.78,Yes
13941-NELW,Male,0,No,No,25,Yes,Yes,Fiber optic,Yes,Yes,Yes,No,Yes,No,Month-to-month,No,Credit card (automatic),100.99,2520.93,No
13942-ZAXT,Female,0,Yes,Yes,36,Yes,Yes,Fiber optic,Yes,Yes,Yes,Yes,Yes,No,Two year,No,Bank transfer (automatic),112.96,4167.86,No
13943-ZRTG,Male,1,No,Yes,66,Yes,Yes,Fiber optic,Yes,Yes,No,Yes,Yes,Yes,Month-to-month,No,Electronic check,106.63,6829.24,Yes
13944-YIVN,Female,0,Yes,No,10,Yes,Yes,DSL,No,Yes,Yes,Yes,No,Yes,Month-to-month,Yes,Mailed check,77.37,755.10,No
13945-YNMZ,Female,0,No,Yes,69,Yes,No,No,No internet service,No internet service,No internet service,No internet service,No internet service,No internet service,Month-to-month,Yes,Electronic check,18.87,1332.92,No
13946-NUTI,Male,0,Yes,No,45,Yes,Yes,DSL,No,Yes,Yes,Yes,No,No,One year,Yes,Bank transfer (automatic),76.27,3395.39,No
13947-MPMA,Male,0,No,No,31,Yes,Yes,DSL,Yes,No,No,No,Yes,Yes,Two year,Yes,Electronic check,69.68,2213.24,No
13948-BPNU,Male,0,Yes,Yes,6,Yes,Yes,No,No internet service,No internet service,No internet service,No internet service,No internet service,No internet service,Month-to-month,Yes,Mailed check,26.5,157.61,Yes
13949-XZOH,Female,0,No,Yes,5,Yes,No,Fiber optic,No,Yes,Yes,No,No,No,One year,No,Electronic check,85.86,424.78,No
13950-QWSI,Female,0,Yes,No,59,Yes,Yes,Fiber optic,Yes,No,Yes,No,No,No,Month-to-month,Yes,Bank transfer (automatic),88.86,5279.50,Yes
13951-ZLPW,Male,0,No,Yes,29,Yes,No,Fiber optic,No,Yes,No,No,Yes,Yes,One year,Yes,Bank transfer (automatic),93.7,2637.11,Yes
13952-TXIP,Female,0,Yes,No,55,Yes,No,DSL,Yes,No,No,Yes,Yes,No,One year,Yes,Electronic check,58.43,3205.12,No
13953-FSYD,Female,0,Yes,Yes,60,Yes,Yes,Fiber optic,Yes,Yes,Yes,Yes,Yes,Yes,One year,No,Electronic check,109.92,6434.10,No
13954-ALMC,Male,0,No,No,29,Yes,No,Fiber optic,Yes,No,Yes,No,No,Yes,Two year,No,Electronic check,92.46,2605.56,No
13955-PLKT,Female,0,Yes,No,23,Yes,Yes,DSL,Yes,No,Yes,Yes,No,Yes,Month-to-month,No,Credit card (automatic),74.91,1682.34,Yes
13956-HOWX,Male,0,No,No,20,Yes,No,Fiber optic,Yes,No,No,No,Yes,No,Month-to-month,Yes,Credit card (automatic),85.25,1692.53,Yes
13957-ULGL,Female,1,No,Yes,46,Yes,Yes,DSL,No,No,No,No,Yes,No,Two year,No,Mailed check,59.04,2772.25,No
13958-XEDP,Male,1,Yes,No,52,Yes,No,Fiber optic,Yes,No,No,No,Yes,No,Month-to-month,Yes,Credit card (automatic),83.76,4326.77,Yes
13959-JWFK,Female,0,No,No,26,Yes,No,Fiber optic,Yes,No,No,Yes,No,Yes,Two year,No,Electronic check,92.57,2425.24,No
13960-CHPD,Male,0,Yes,Yes,41,Yes,Yes,No,No internet service,No internet service,No internet service,No internet service,No internet service,No internet service,Month-to-month,No,Electronic check,28.1,1172.54,No
13961-WCBQ,Male,0,No,No,39,Yes,Yes,No,No internet service,No internet service,No internet service,No internet service,No internet service,No internet service,Month-to-month,Yes,Bank transfer (automatic),26.92,1051.13,No
13962-YTKE,Male,0,No,No,11,Yes,Yes,No,No internet service,No internet service,No internet service,No internet service,No internet service,No internet service,Month-to-month,Yes,Credit card (automatic),27.52,303.66,No
13963-NOSY,Female,0,Yes,Yes,38,Yes,No,No,No internet service,No internet service,No internet service,No internet service,No internet service,No internet service,Month-to-month,No,Electronic check,21.72,829.35,Yes
13964-FPXL,Male,0,Yes,No,55,Yes,Yes,No,No internet service,No internet service,No internet service,No internet service,No internet service,No internet service,Two year,No,Bank transfer (automatic),27.84,1494.12,No
13965-JJNT,Female,0,No,No,70,Yes,No,No,No internet service,No internet service,No internet service,No internet service,No internet service,No internet service,One year,Yes,Electronic check,19.09,1374.93,No
13966-LHCA,Female,1,No,Yes,25,Yes,No,DSL,Yes,Yes,No,Yes,No,No,Month-to-month,Yes,Mailed check,64.97,1621.22,Yes
13967-IXOK,Female,0,Yes,Yes,18,Yes,No,Fiber optic,Yes,Yes,No,No,No,Yes,Two year,Yes,Bank transfer (automatic),84.23,1471.93,No
13968-HCMF,Female,0,Yes,No,65,Yes,No,Fiber optic,No,No,Yes,No,No,Yes,One year,Yes,Mailed check,82.63,5360.18,No
13969-PABU,Female,0,Yes,No,67,Yes,Yes,No,No internet service,No internet service,No internet service,No internet service,No internet service,No internet service,One year,Yes,Bank transfer (automatic),26.88,1756.18,No
13970-MFKF,Male,1,No,Yes,60,Yes,Yes,Fiber optic,Yes,No,Yes,Yes,Yes,No,Month-to-month,Yes,Electronic check,100.14,6134.84,Yes
13971-SHMN,Female,0,No,No,25,Yes,No,DSL,No,Yes,No,No,Yes,Yes,Two year,Yes,Bank transfer (automatic),67.19,1646.02,No
13972-ORYA,Male,1,Yes,No,20,Yes,No,DSL,Yes,No,No,No,No,No,Month-to-month,Yes,Credit card (automatic),50.61,1016.15,Yes
13973-NTFV,Female,1,No,Yes,45,Yes,No,DSL,Yes,No,Yes,No,Yes,No,Two year,Yes,Electronic check,70.39,3114.30,Yes
13974-MRYL,Male,0,No,No,19,Yes,No,Fiber optic,No,Yes,Yes,Yes,Yes,Yes,One year,Yes,Electronic check,102.41,1907.91,No
13975-BIWH,Female,0,No,No,56,Yes,No,Fiber optic,No,No,Yes,Yes,Yes,No,Two year,Yes,Electronic check,90.44,5193.28,No
13976-OJED,Female,0,Yes,No,29,No,No phone service,DSL,Yes,No,No,No,Yes,Yes,Two year,No,Mailed check,66.4,1954.70,No
13977-WYWV,Male,0,Yes,No,24,Yes,No,DSL,Yes,No,No,No,Yes,Yes,Month-to-month,No,Electronic check,63.36,1485.33,Yes
13978-QCOC,Female,0,Yes,Yes,58,Yes,No,DSL,No,No,No,Yes,Yes,No,Month-to-month,Yes,Mailed check,57.36,3288.60,No
13979-HCZF,Male,0,No,Yes,26,Yes,Yes,No,No internet service,No internet service,No internet service,No internet service,No internet service,No internet service,One year,Yes,Electronic check,26.97,698.98,No
13980-PDQX,Male,0,Yes,Yes,10,Yes,Yes,Fiber optic,Yes,Yes,No,No,Yes,No,Month-to-month,Yes,Credit card (automatic),95.8,931.88,Yes
13981-SVLJ,Female,0,Yes,No,58,Yes,Yes,DSL,Yes,Yes,Yes,No,Yes,No,Month-to-month,Yes,Credit card (automatic),76.81,4418.90,No
13982-JIDE,Female,0,No,No,23,Yes,Yes,Fiber optic,Yes,No,Yes,Yes,No,No,Month-to-month,No,Mailed check,95.33,2242.59,Yes
13983-FBQR,Male,0,No,Yes,48,Yes,No,DSL,No,No,No,Yes,No,No,Two year,Yes,Credit card (automatic),52.74,2591.89,No
13984-VWYF,Female,0,Yes,No,48,Yes,Yes,Fiber optic,No,No,Yes,No,Yes,No,Month-to-month,No,Credit card (automatic),86.35,4115.75,No
13985-ZCBQ,Female,0,Yes,No,6,Yes,Yes,No,No internet service,No internet service,No internet service,No internet service,No internet service,No internet service,Month-to-month,No,Bank transfer (automatic),26.5,163.15,No
13986-RMTA,Female,0,Yes,No,3,Yes,Yes,DSL,Yes,Yes,No,No,Yes,No,Month-to-month,No,Mailed check,69.17,205.03,Yes
13987-XBHG,Female,0,Yes,No,60,Yes,No,No,No internet service,No internet service,No internet service,No internet service,No internet service,No internet service,Month-to-month,No,Credit card (automatic),21.38,1277.78,No
13988-XCJB,Male,0,Yes,No,5,Yes,No,Fiber optic,No,No,Yes,Yes,No,Yes,Two year,Yes,Electronic check,91.83,465.74,Yes
13989-HFCJ,Male,0,Yes,No,24,No,No phone service,DSL,Yes,Yes,No,No,No,Yes,Month-to-month,Yes,Electronic check,64.13,1572.55,Yes
13990-YJFQ,Female,0,Yes,No,55,Yes,No,DSL,Yes,No,No,No,Yes,Yes,One year,Yes,Bank transfer (automatic),67.25,3605.28,No
13991-IQDS,Female,0,No,No,13,Yes,No,DSL,No,Yes,No,Yes,Yes,No,Month-to-month,No,Electronic check,64.36,822.60,Yes
13992-NOIB,Male,1,No,No,38,Yes,Yes,DSL,Yes,Yes,Yes,No,Yes,No,Two year,Yes,Electronic check,76.59,2882.22,Yes
13993-PDCB,Female,0,Yes,Yes,9,Yes,No,DSL,No,No,Yes,Yes,Yes,Yes,Two year,No,Mailed check,70.41,630.00,Yes
13994-YACM,Female,0,No,No,41,Yes,Yes,No,No internet service,No internet service,No internet service,No internet service,No internet service,No internet service,Two year,No,Electronic check,26.68,1119.26,No
13995-QZZJ,Female,0,Yes,No,52,Yes,Yes,DSL,No,Yes,Yes,Yes,No,No,Month-to-month,Yes,Credit card (automatic),74.04,3813.12,No
13996-WATL,Male,0,No,Yes,18,Yes,No,No,No internet service,No internet service,No internet service,No internet service,No internet service,No internet service,Month-to-month,Yes,Credit card (automatic),20.14,372.58,No
13997-QAYY,Male,1,No,Yes,21,Yes,Yes,Fiber optic,Yes,Yes,Yes,No,Yes,No,Month-to-month,Yes,Mailed check,100.8,2062.69,Yes
13998-OCUN,Male,1,No,No,39,No,No phone service,Fiber optic,No,No,Yes,Yes,No,Yes,Two year,Yes,Electronic check,86.44,3435.18,No
13999-MQRQ,Female,0,No,Yes,57,Yes,No,Fiber optic,Yes,No,Yes,No,No,Yes,Two year,Yes,Electronic check,90.83,5188.98,No
14000-QFPX,Female,0,Yes,No,40,Yes,No,No,No internet service,No internet service,No internet service,No internet service,No internet service,No internet service,Month-to-month,Yes,Bank transfer (automatic),20.61,832.59,Yes
14001-CDDT,Male,0,Yes,Yes,51,No,No phone service,No,No internet service,No internet service,No internet service,No internet service,No internet service,No internet service,Month-to-month,Yes,Electronic check,20.91,1058.25,No
14002-PLXH,Female,1,No,Yes,30,Yes,Yes,DSL,Yes,Yes,No,Yes,No,No,One year,Yes,Mailed check,68.74,2023.43,No
14003-FQYH,Female,0,Yes,No,10,Yes,Yes,Fiber optic,Yes,Yes,Yes,No,No,Yes,Month-to-month,No,Electronic check,105.14,1027.99,No
14004-DSIR,Male,1,No,Yes,70,Yes,Yes,DSL,No,No,Yes,No,Yes,No,Month-to-month,No,Bank transfer (automatic),70.76,4846.24,No
14005-UFQF,Male,0,Yes,Yes,58,Yes,No,DSL,No,No,No,No,No,No,One year,No,Credit card (automatic),45.45,2672.50,Yes
14006-XWQW,Female,0,Yes,No,4,Yes,Yes,DSL,Yes,Yes,No,No,No,No,Two year,Yes,Credit card (automatic),60.64,239.76,No
14007-OGLR,Female,0,No,No,20,Yes,No,Fiber optic,No,Yes,No,No,Yes,Yes,Month-to-month,No,Electronic check,84.92,1687.00,Yes
14008-BRZP,Female,0,No,No,30,Yes,Yes,DSL,No,Yes,No,No,No,Yes,Month-to-month,No,Electronic check,64.69,1966.41,No
14009-YUXN,Female,0,No,No,6,Yes,Yes,No,No internet service,No internet service,No internet service,No internet service,No internet service,No internet service,Month-to-month,No,Bank transfer (automatic),25.0,148.26,No
14010-MWRX,Male,0,No,Yes,62,Yes,Yes,Fiber optic,No,No,Yes,Yes,No,Yes,Month-to-month,Yes,Electronic check,97.72,6181.54,No
14011-OGJS,Female,0,No,No,13,Yes,No,Fiber optic,No,No,Yes,Yes,Yes,Yes,One year,Yes,Mailed check,91.63,1183.15,Yes
14012-AENN,Female,0,Yes,No,15,Yes,Yes,Fiber optic,No,No,No,Yes,No,Yes,Month-to-month,Yes,Bank transfer (automatic),91.4,1374.23,No
14013-MFVV,Male,0,No,Yes,23,Yes,Yes,Fiber optic,Yes,Yes,Yes,Yes,Yes,Yes,Month-to-month,No,Mailed check,117.8,2645.35,No
14014-AUXK,Male,0,Yes,Yes,68,Yes,Yes,DSL,Yes,No,Yes,Yes,Yes,No,Month-to-month,Yes,Mailed check,75.51,4994.85,No
14015-VHIC,Female,0,Yes,No,17,No,No phone service,Fiber optic,No,No,Yes,Yes,No,No,Two year,Yes,Mailed check,83.73,1453.35,No
14016-QSHB,Female,0,No,Yes,31,Yes,No,DSL,No,Yes,No,No,Yes,No,Two year,Yes,Electronic check,62.59,1931.07,No
14017-TYZN,Female,1,Yes,Yes,50,Yes,No,DSL,Yes,Yes,Yes,Yes,No,No,One year,No,Mailed check,71.76,3584.31,No
14018-KWAZ,Male,1,Yes,No,12,Yes,Yes,Fiber optic,Yes,Yes,No,Yes,No,Yes,Month-to-month,No,Credit card (automatic),101.65,1184.57,Yes
14019-BUOF,Male,0,Yes,No,7,Yes,No,DSL,Yes,No,Yes,No,Yes,No,Two year,No,Credit card (automatic),65.87,456.39,No
14020-AZHG,Female,0,No,No,7,Yes,No,Fiber optic,No,No,No,No,Yes,Yes,Month-to-month,No,Bank transfer (automatic),82.41,586.85,No
14021-DGBF,Female,0,No,Yes,14,Yes,No,Fiber optic,Yes,No,Yes,No,Yes,No,Two year,Yes,Electronic check,90.53,1282.14,No
14022-ZVWT,Female,0,Yes,No,24,Yes,Yes,Fiber optic,Yes,No,Yes,No,Yes,No,One year,No,Mailed check,99.03,2328.96,No
14023-FKQR,Female,1,No,No,68,Yes,Yes,DSL,Yes,No,No,No,Yes,Yes,Month-to-month,No,Bank transfer (automatic),75.25,5023.77,No
14024-KUOB,Male,0,Yes,No,67,Yes,No,DSL,Yes,No,Yes,No,No,Yes,Month-to-month,Yes,Mailed check,61.61,4163.51,Yes
14025-BSHY,Female,0,No,No,41,Yes,Yes,DSL,No,No,Yes,Yes,Yes,No,One year,Yes,Electronic check,72.94,2973.72,Yes
14026-PEFI,Male,0,No,No,68,Yes,Yes,Fiber optic,No,Yes,No,Yes,Yes,No,Month-to-month,Yes,Bank transfer (automatic),100.23,6627.83,Yes
14027-WEUZ,Female,0,Yes,Yes,3,Yes,No,Fiber optic,No,No,Yes,Yes,No,Yes,Month-to-month,Yes,Electronic check,91.89,280.20,Yes
14028-KRXL,Male,1,No,No,41,Yes,No,No,No internet service,No internet service,No internet service,No internet service,No internet service,No internet service,Month-to-month,Yes,Credit card (automatic),21.61,875.53,No
14029-NLDK,Female,0,No,No,32,Yes,Yes,DSL,Yes,No,Yes,Yes,No,Yes,Two year,Yes,Electronic check,76.29,2370.57,No
14030-ADWD,Female,1,Yes,No,9,Yes,Yes,No,No internet service,No internet service,No internet service,No internet service,No internet service,No internet service,Two year,Yes,Electronic check,28.81,253.57,No
14031-WBVR,Female,0,Yes,No,40,Yes,No,DSL,No,Yes,Yes,No,Yes,Yes,Month-to-month,Yes,Bank transfer (automatic),72.44,2923.51,No
14032-VHRS,Female,0,No,No,33,Yes,Yes,Fiber optic,No,No,No,No,No,Yes,One year,No,Bank transfer (automatic),81.3,2644.71,Yes
14033-TSFL,Female,1,Yes,No,55,No,No phone service,No,No internet service,No internet service,No internet service,No internet service,No internet service,No internet service,Month-to-month,Yes,Bank transfer (automatic),20.63,1138.27,No
14034-ZYBO,Female,0,Yes,Yes,31,Yes,No,No,No internet service,No internet service,No internet service,No internet service,No internet service,No internet service,Month-to-month,No,Electronic check,21.92,674.75,No
14035-YYEJ,Male,0,No,No,31,Yes,Yes,Fiber optic,Yes,No,Yes,No,No,Yes,Month-to-month,Yes,Mailed check,97.54,3020.95,No
14036-QCSZ,Male,0,Yes,No,17,Yes,Yes,DSL,No,Yes,No,Yes,Yes,No,Month-to-month,No,Bank transfer (automatic),72.73,1269.91,No
14037-JSVH,Female,1,Yes,No,35,Yes,No,Fiber optic,Yes,Yes,No,No,No,No,Month-to-month,Yes,Credit card (automatic),82.39,2820.86,Yes
14038-FNNZ,Female,0,Yes,Yes,6,Yes,No,Fiber optic,No,Yes,No,Yes,No,No,Two year,Yes,Mailed check,85.04,495.91,No
14039-PPNC,Female,0,Yes,No,41,No,No phone service,DSL,Yes,Yes,Yes,No,No,No,Month-to-month,No,Electronic check,60.31,2488.93,Yes
14040-XZLT,Female,0,No,No,28,Yes,No,DSL,No,No,Yes,No,Yes,No,One year,Yes,Mailed check,55.79,1530.20,No
14041-OCSY,Female,0,No,No,20,Yes,Yes,Fiber optic,Yes,Yes,Yes,Yes,No,No,Two year,Yes,Bank transfer (automatic),95.57,1909.20,No
14042-CDRT,Female,0,Yes,No,27,Yes,Yes,Fiber optic,Yes,No,No,Yes,Yes,Yes,Month-to-month,No,Electronic check,104.25,2737.82,Yes